user_id,watch_time_hours,total_sessions,avg_session_mins,weekday_watch_ratio,recency_days,short_session_ratio,top_genres
USR-1000,8.3,33,27.6,0.33,8.0,0.7,"Comedy,Animation"
USR-1001,68.5,26,87.4,0.55,1.0,0.14,"Sci-Fi,Action,Thriller"
USR-1002,19.9,24,12.8,0.31,3.0,0.71,"Animation,Romance"
USR-1003,2.7,2,39.1,0.77,23.0,0.62,Comedy
USR-1004,76.7,68,63.0,0.65,3.0,0.08,"Action,Sci-Fi"
USR-1005,23.5,33,45.8,0.46,2.0,0.43,"Sci-Fi,Drama,Comedy,Action"
USR-1006,4.7,2,36.4,0.78,38.0,0.62,Documentary
USR-1007,5.6,25,18.6,0.36,8.0,0.82,Animation
USR-1008,5.7,1,22.4,0.57,43.0,0.34,Drama
USR-1009,19.9,17,35.8,0.44,5.0,0.89,Animation
USR-1010,39.6,38,68.8,0.61,2.0,0.21,"Horror,Sci-Fi,Comedy"
USR-1011,87.2,60,74.6,0.78,3.0,0.09,"Action,Sci-Fi,Thriller"
USR-1012,6.3,4,23.3,0.33,29.0,0.66,Comedy
USR-1013,2.2,1,16.7,0.59,22.0,0.64,Drama
USR-1014,26.7,24,23.8,0.4,6.0,0.67,"Romance,Animation"
USR-1015,14.9,31,11.6,0.34,8.0,0.61,Comedy
USR-1016,14.5,15,23.1,0.37,2.0,0.76,"Comedy,Romance"
USR-1017,37.4,46,41.7,0.62,5.0,0.39,"Sci-Fi,Comedy,Animation,Thriller"
USR-1018,35.0,33,60.3,0.4,3.0,0.44,"Romance,Horror,Sci-Fi,Drama,Documentary"
USR-1019,93.1,31,92.9,0.7,2.0,0.2,"Sci-Fi,Thriller,Action"
USR-1020,4.2,3,25.0,0.31,44.0,0.58,"Drama,Documentary"
USR-1021,5.5,3,32.2,0.76,29.0,0.53,"Comedy,Drama"
USR-1022,62.4,45,55.7,0.7,4.0,0.41,"Romance,Comedy,Horror"
USR-1023,44.5,54,69.6,0.79,1.0,0.12,"Thriller,Action,Sci-Fi"
USR-1024,72.8,30,51.1,0.46,5.0,0.35,"Drama,Sci-Fi,Documentary,Comedy,Romance"
USR-1025,3.7,5,27.4,0.54,42.0,0.33,Comedy
USR-1026,1.7,1,14.9,0.44,12.0,0.53,"Drama,Comedy"
USR-1027,24.3,39,41.0,0.66,1.0,0.45,"Thriller,Action,Horror"
USR-1028,10.6,21,26.6,0.45,4.0,0.79,"Comedy,Romance"
USR-1029,41.6,46,125.0,0.6,2.0,0.13,"Action,Sci-Fi"
USR-1030,4.9,5,5.0,0.51,14.0,0.48,"Comedy,Documentary"
USR-1031,27.9,34,30.1,0.34,2.0,0.75,"Animation,Comedy"
USR-1032,24.6,19,21.5,0.36,7.0,0.73,"Animation,Romance"
USR-1033,57.9,49,71.9,0.7,1.0,0.15,"Action,Thriller"
USR-1034,24.1,41,72.1,0.57,3.0,0.43,"Horror,Drama,Comedy"
USR-1035,7.2,19,24.2,0.42,6.0,0.79,"Comedy,Animation"
USR-1036,54.0,34,50.1,0.61,2.0,0.21,"Romance,Sci-Fi,Action,Documentary,Drama"
USR-1037,5.1,1,31.4,0.78,19.0,0.38,Comedy
USR-1038,57.7,32,89.2,0.62,2.0,0.05,"Thriller,Action,Sci-Fi"
USR-1039,8.7,25,35.6,0.56,4.0,0.73,Romance
USR-1040,76.2,59,97.2,0.62,2.0,0.09,"Action,Thriller,Sci-Fi"
USR-1041,49.2,52,36.7,0.63,1.0,0.31,"Comedy,Documentary,Horror"
USR-1042,70.9,55,82.5,0.79,3.0,0.12,"Thriller,Sci-Fi,Action"
USR-1043,22.2,18,15.4,0.58,9.0,0.63,Comedy
USR-1044,33.6,47,120.4,0.66,3.0,0.07,"Sci-Fi,Thriller,Action"
USR-1045,4.1,6,20.6,0.62,18.0,0.63,"Comedy,Drama"
USR-1046,17.7,27,13.3,0.41,4.0,0.67,Animation
USR-1047,31.4,58,47.4,0.51,3.0,0.27,"Action,Horror,Thriller,Comedy,Animation"
USR-1048,47.8,36,56.4,0.62,5.0,0.27,"Documentary,Drama,Thriller"
USR-1049,0.5,6,26.0,0.75,44.0,0.58,Comedy
USR-1050,34.8,50,72.3,0.61,3.0,0.47,"Action,Drama,Comedy"
USR-1051,23.8,57,43.3,0.42,1.0,0.28,"Drama,Comedy,Thriller,Sci-Fi,Horror"
USR-1052,14.3,19,30.2,0.48,2.0,0.62,"Romance,Comedy"
USR-1053,63.9,25,79.4,0.64,3.0,0.07,"Sci-Fi,Action"
USR-1054,16.6,15,34.9,0.44,3.0,0.64,Comedy
USR-1055,59.7,32,52.7,0.57,5.0,0.42,"Thriller,Horror,Documentary,Comedy"
USR-1056,17.0,22,22.9,0.49,8.0,0.61,"Comedy,Romance"
USR-1057,54.2,51,50.8,0.69,6.0,0.46,"Drama,Horror,Thriller"
USR-1058,80.9,54,49.8,0.67,3.0,0.19,"Sci-Fi,Thriller,Action"
USR-1059,13.4,24,29.3,0.56,5.0,0.84,"Romance,Animation"
USR-1060,21.7,59,64.5,0.59,3.0,0.22,"Comedy,Romance,Action"
USR-1061,5.2,5,20.2,0.32,28.0,0.63,"Comedy,Drama"
USR-1062,90.2,36,132.6,0.56,2.0,0.07,"Thriller,Sci-Fi,Action"
USR-1063,72.7,54,109.1,0.55,4.0,0.06,"Sci-Fi,Thriller,Action"
USR-1064,33.6,53,43.1,0.55,2.0,0.43,"Romance,Action,Documentary,Thriller"
USR-1065,45.7,57,57.8,0.43,2.0,0.31,"Animation,Romance,Action,Drama,Comedy"
USR-1066,53.4,41,78.0,0.6,1.0,0.15,"Thriller,Sci-Fi"
USR-1067,24.4,29,29.4,0.52,1.0,0.77,"Animation,Romance"
USR-1068,20.6,38,40.3,0.45,6.0,0.78,Romance
USR-1069,61.9,54,39.4,0.56,2.0,0.17,"Thriller,Action,Sci-Fi"
USR-1070,27.5,60,98.7,0.8,2.0,0.11,"Action,Thriller,Sci-Fi"
USR-1071,64.9,62,94.0,0.7,1.0,0.16,"Sci-Fi,Action"
USR-1072,1.7,4,26.4,0.35,10.0,0.54,"Comedy,Drama"
USR-1073,13.8,17,28.8,0.32,2.0,0.74,Comedy
USR-1074,6.5,1,14.2,0.28,18.0,0.6,Drama
USR-1075,37.4,34,51.9,0.65,4.0,0.32,"Romance,Documentary,Sci-Fi"
USR-1076,54.0,37,53.1,0.65,5.0,0.26,"Action,Thriller,Comedy,Romance"
USR-1077,6.1,2,5.0,0.69,23.0,0.66,Comedy
USR-1078,21.0,30,50.2,0.52,2.0,0.36,"Action,Comedy,Thriller,Sci-Fi,Animation"
USR-1079,60.5,56,49.6,0.64,6.0,0.43,"Romance,Animation,Horror"
USR-1080,12.6,27,27.1,0.33,4.0,0.74,"Animation,Comedy"
USR-1081,0.5,27,21.9,0.52,3.0,0.81,"Romance,Comedy"
USR-1082,25.9,52,41.8,0.54,6.0,0.38,"Sci-Fi,Documentary,Thriller,Drama"
USR-1083,56.0,33,111.0,0.63,1.0,0.07,"Sci-Fi,Action"
USR-1084,30.2,35,29.2,0.41,5.0,0.7,"Animation,Romance"
USR-1085,37.5,55,38.6,0.68,2.0,0.34,"Horror,Documentary,Sci-Fi,Thriller,Romance"
USR-1086,47.1,48,90.5,0.59,1.0,0.14,"Action,Sci-Fi,Thriller"
USR-1087,71.7,65,85.3,0.54,2.0,0.18,"Sci-Fi,Thriller"
USR-1088,10.9,37,26.2,0.43,8.0,0.87,"Romance,Comedy"
USR-1089,53.0,48,45.3,0.42,6.0,0.41,"Drama,Animation,Documentary,Sci-Fi"
USR-1090,69.3,63,79.9,0.73,2.0,0.09,"Action,Sci-Fi,Thriller"
USR-1091,3.4,1,30.2,0.33,33.0,0.38,Comedy
USR-1092,57.1,57,94.8,0.67,4.0,0.06,"Action,Sci-Fi,Thriller"
USR-1093,3.1,5,31.6,0.28,23.0,0.42,"Comedy,Drama"
USR-1094,48.3,45,55.6,0.45,4.0,0.39,"Romance,Animation,Horror,Drama"
USR-1095,5.7,19,29.8,0.4,9.0,0.73,"Comedy,Animation"
USR-1096,3.1,6,22.6,0.49,32.0,0.62,Comedy
USR-1097,20.2,39,33.5,0.38,6.0,0.79,"Comedy,Romance"
USR-1098,6.8,6,31.5,0.75,30.0,0.63,Drama
USR-1099,52.3,52,55.7,0.43,6.0,0.24,"Documentary,Animation,Horror"
USR-1100,36.1,59,63.7,0.56,2.0,0.25,"Romance,Documentary,Horror,Comedy,Animation"
USR-1101,6.1,3,18.8,0.38,44.0,0.68,Drama
USR-1102,1.9,4,27.0,0.52,,0.54,Comedy
USR-1103,4.9,2,9.5,0.26,18.0,0.44,Documentary
USR-1104,21.3,32,45.2,0.42,4.0,0.41,"Animation,Action,Horror,Documentary"
USR-1105,5.7,1,30.1,0.31,25.0,0.65,"Documentary,Drama"
USR-1106,50.1,37,66.4,0.47,1.0,0.39,"Thriller,Animation,Romance,Drama,Action"
USR-1107,10.6,21,22.1,0.39,8.0,0.89,Romance
USR-1108,39.2,56,42.0,0.65,1.0,0.4,"Action,Documentary,Thriller,Romance,Horror"
USR-1109,42.1,51,66.7,0.5,2.0,0.36,"Thriller,Action,Animation"
USR-1110,74.6,63,81.6,0.5,1.0,0.17,"Sci-Fi,Action"
USR-1111,5.4,39,29.5,0.53,9.0,0.7,"Animation,Romance"
USR-1112,60.5,54,68.9,0.76,2.0,0.09,"Thriller,Sci-Fi"
USR-1113,0.5,4,7.9,0.33,15.0,0.69,Drama
USR-1114,8.3,34,28.1,0.32,8.0,0.88,Romance
USR-1115,3.0,2,19.0,0.67,15.0,0.62,"Documentary,Drama"
USR-1116,3.1,2,8.3,0.49,26.0,0.36,"Drama,Documentary"
USR-1117,13.1,56,39.5,0.44,1.0,0.21,"Animation,Thriller,Comedy,Romance"
USR-1118,15.3,19,20.0,0.37,5.0,0.9,"Romance,Animation"
USR-1119,15.9,22,31.9,0.5,1.0,0.86,Animation
USR-1120,6.1,1,25.1,0.76,36.0,0.6,Documentary
USR-1121,6.6,2,19.1,0.28,39.0,0.66,"Drama,Comedy"
USR-1122,30.6,42,42.6,0.59,1.0,0.37,"Action,Animation,Documentary,Horror,Romance"
USR-1123,12.9,29,33.9,0.58,6.0,0.88,"Comedy,Romance"
USR-1124,12.8,24,26.4,0.44,6.0,0.79,Comedy
USR-1125,2.5,3,39.1,0.28,21.0,0.31,Comedy
USR-1126,11.6,37,30.8,0.43,2.0,0.9,Animation
USR-1127,7.2,3,21.1,0.33,11.0,0.61,"Comedy,Drama"
USR-1128,18.9,30,24.2,0.56,4.0,0.72,Animation
USR-1129,22.0,16,17.6,0.36,1.0,0.8,"Romance,Comedy"
USR-1130,7.7,39,26.2,0.56,5.0,0.65,Comedy
USR-1131,28.7,50,53.9,0.67,2.0,0.38,"Drama,Comedy,Documentary,Sci-Fi"
USR-1132,71.7,26,65.1,0.74,3.0,0.2,"Sci-Fi,Thriller"
USR-1133,43.9,35,49.1,0.49,5.0,0.43,"Comedy,Sci-Fi,Action,Thriller"
USR-1134,60.1,46,86.0,0.56,1.0,0.13,"Action,Sci-Fi,Thriller"
USR-1135,80.3,54,86.8,0.51,4.0,0.1,"Action,Sci-Fi"
USR-1136,51.9,31,57.5,0.41,4.0,0.23,"Sci-Fi,Comedy,Thriller,Animation,Documentary"
USR-1137,22.6,29,29.5,0.54,7.0,0.8,"Comedy,Romance"
USR-1138,33.0,57,49.7,0.62,3.0,0.42,"Action,Thriller,Romance,Animation,Documentary"
USR-1139,37.8,48,62.5,0.45,6.0,0.42,"Horror,Documentary,Comedy,Thriller"
USR-1140,36.9,59,30.0,0.69,2.0,0.42,"Drama,Action,Comedy"
USR-1141,12.5,16,25.6,0.45,2.0,0.78,"Romance,Comedy"
USR-1142,19.8,26,26.4,0.42,2.0,0.79,Animation
USR-1143,59.9,39,31.5,0.47,6.0,0.35,"Documentary,Comedy,Drama"
USR-1144,21.9,20,11.1,0.5,9.0,0.89,"Animation,Comedy"
USR-1145,90.8,60,115.8,0.79,3.0,0.09,"Action,Thriller,Sci-Fi"
USR-1146,33.6,54,90.1,0.54,1.0,0.09,"Thriller,Sci-Fi"
USR-1147,77.7,61,109.5,0.73,4.0,0.17,"Thriller,Action,Sci-Fi"
USR-1148,33.8,43,50.5,0.42,5.0,0.48,"Comedy,Thriller,Animation"
USR-1149,90.7,44,100.4,0.8,4.0,0.15,"Sci-Fi,Action,Thriller"
USR-1150,38.4,44,63.0,0.56,4.0,0.36,"Sci-Fi,Action,Romance,Drama,Horror"
USR-1151,55.6,29,123.3,0.79,3.0,0.15,"Action,Thriller"
USR-1152,16.1,31,26.3,0.31,8.0,0.84,"Animation,Romance"
USR-1153,48.7,29,117.6,0.67,2.0,0.15,"Sci-Fi,Action,Thriller"
USR-1154,6.5,1,17.5,0.25,40.0,0.6,"Comedy,Drama"
USR-1155,38.7,31,59.2,0.63,1.0,0.3,"Comedy,Thriller,Drama"
USR-1156,24.6,39,18.2,0.48,1.0,0.73,"Romance,Comedy"
USR-1157,53.1,43,68.4,0.55,5.0,0.46,"Drama,Horror,Animation,Action"
USR-1158,14.1,25,11.9,0.53,6.0,0.82,"Animation,Comedy"
USR-1159,76.4,49,90.6,0.7,3.0,0.06,"Sci-Fi,Thriller"
USR-1160,70.9,51,62.8,0.78,4.0,0.13,"Action,Sci-Fi,Thriller"
USR-1161,43.8,55,49.2,0.44,3.0,0.24,"Thriller,Drama,Animation,Romance"
USR-1162,7.5,1,19.2,0.42,22.0,0.54,"Comedy,Documentary"
USR-1163,47.0,53,63.9,0.52,5.0,0.47,"Action,Documentary,Romance"
USR-1164,2.6,7,24.3,0.55,44.0,0.65,Documentary
USR-1165,65.7,52,82.1,0.56,3.0,0.08,"Thriller,Sci-Fi,Action"
USR-1166,58.5,31,71.2,0.71,3.0,0.12,"Thriller,Action"
USR-1167,43.6,39,43.6,0.67,5.0,0.22,"Animation,Sci-Fi,Comedy"
USR-1168,54.9,57,47.4,0.64,3.0,0.39,"Documentary,Sci-Fi,Horror,Action"
USR-1169,62.8,62,74.4,0.67,2.0,0.12,"Action,Sci-Fi,Thriller"
USR-1170,66.7,40,92.6,0.62,2.0,0.12,"Sci-Fi,Thriller,Action"
USR-1171,33.6,37,33.1,0.41,4.0,0.48,"Action,Documentary,Drama"
USR-1172,72.6,58,96.6,0.52,4.0,0.1,"Sci-Fi,Thriller,Action"
USR-1173,7.7,15,19.3,0.39,4.0,0.68,"Romance,Comedy"
USR-1174,70.5,61,113.0,0.62,4.0,0.19,"Action,Sci-Fi,Thriller"
USR-1175,44.5,43,74.0,0.64,4.0,0.45,"Action,Thriller,Horror,Romance,Documentary"
USR-1176,6.7,1,24.7,0.49,42.0,0.67,"Comedy,Documentary"
USR-1177,2.7,3,29.3,0.44,34.0,0.57,"Comedy,Documentary"
USR-1178,14.4,26,24.4,0.59,4.0,0.73,"Comedy,Animation"
USR-1179,65.7,47,80.4,0.55,3.0,0.13,"Sci-Fi,Action,Thriller"
USR-1180,56.5,33,76.8,0.73,2.0,0.07,"Sci-Fi,Thriller,Action"
USR-1181,31.2,57,41.1,0.49,4.0,0.4,"Action,Romance,Animation,Drama"
USR-1182,47.4,38,49.0,0.55,1.0,0.17,"Action,Thriller,Sci-Fi"
USR-1183,85.5,45,77.3,0.73,2.0,0.08,"Thriller,Sci-Fi"
USR-1184,50.1,35,84.4,0.64,4.0,0.09,"Action,Sci-Fi"
USR-1185,82.5,64,67.7,0.74,1.0,0.11,"Sci-Fi,Action,Thriller"
USR-1186,5.2,2,21.7,0.46,38.0,0.41,"Drama,Comedy"
USR-1187,9.4,2,13.9,0.43,31.0,0.55,Comedy
USR-1188,14.8,22,27.1,0.31,9.0,0.82,Animation
USR-1189,53.0,60,111.0,0.6,3.0,0.19,"Thriller,Action"
USR-1190,22.5,22,26.5,0.38,6.0,0.62,"Animation,Romance"
USR-1191,29.7,38,39.4,0.59,2.0,0.34,"Action,Documentary,Animation,Drama,Romance"
USR-1192,15.2,16,31.6,0.34,1.0,0.88,Animation
USR-1193,2.0,32,32.8,0.58,4.0,0.64,"Comedy,Animation"
USR-1194,76.2,36,77.8,0.78,2.0,0.15,"Sci-Fi,Thriller,Action"
USR-1195,6.2,4,27.3,0.23,31.0,0.6,Drama
USR-1196,63.6,39,83.3,0.53,2.0,0.08,"Action,Thriller"
USR-1197,23.9,15,21.0,0.45,6.0,0.77,Romance
USR-1198,37.9,37,62.2,0.54,1.0,0.42,"Animation,Sci-Fi,Horror,Documentary,Romance"
USR-1199,45.2,31,64.2,0.51,5.0,0.36,"Animation,Drama,Sci-Fi,Comedy"
USR-1200,47.6,35,55.7,0.66,5.0,0.24,"Sci-Fi,Animation,Action,Documentary,Drama"
USR-1201,5.8,39,35.1,0.42,1.0,0.78,"Romance,Animation"
USR-1202,37.4,49,46.2,0.57,6.0,0.35,"Horror,Sci-Fi,Action,Animation"
USR-1203,62.4,54,75.9,0.79,1.0,0.17,"Action,Thriller,Sci-Fi"
USR-1204,17.2,15,20.4,0.33,4.0,0.62,"Animation,Comedy"
USR-1205,4.5,1,25.8,0.58,29.0,0.61,Drama
USR-1206,6.1,2,28.8,0.55,19.0,0.43,Documentary
USR-1207,60.2,56,58.8,0.49,5.0,0.22,"Horror,Comedy,Romance,Action,Thriller"
USR-1208,6.3,6,34.3,0.64,44.0,0.47,Comedy
USR-1209,50.0,55,91.0,0.78,1.0,0.19,"Action,Sci-Fi,Thriller"
USR-1210,50.7,38,65.9,0.57,4.0,0.11,"Sci-Fi,Action"
USR-1211,39.7,53,41.0,0.41,2.0,0.47,"Animation,Romance,Documentary"
USR-1212,70.3,48,118.8,0.67,3.0,0.11,"Sci-Fi,Action,Thriller"
USR-1213,10.0,31,29.9,0.44,9.0,0.88,"Animation,Romance"
USR-1214,58.6,66,74.2,0.53,2.0,0.13,"Thriller,Sci-Fi"
USR-1215,3.3,6,21.5,0.53,43.0,0.33,"Comedy,Drama"
USR-1216,17.4,39,17.9,0.5,2.0,0.86,Animation
USR-1217,15.1,24,19.2,0.59,3.0,0.84,"Animation,Comedy"
USR-1218,82.4,46,69.6,0.51,4.0,0.18,"Sci-Fi,Action,Thriller"
USR-1219,8.0,1,23.8,0.22,34.0,0.34,Comedy
USR-1220,16.8,39,19.0,0.42,3.0,0.73,Comedy
USR-1221,17.2,35,35.9,0.39,9.0,0.72,"Comedy,Romance"
USR-1222,27.1,16,10.4,0.4,3.0,0.71,Romance
USR-1223,3.2,5,16.0,0.64,13.0,0.62,"Comedy,Drama"
USR-1224,4.1,1,34.1,0.45,30.0,0.59,"Drama,Comedy"
USR-1225,22.1,39,45.7,0.55,5.0,0.89,"Animation,Romance"
USR-1226,8.5,4,23.5,0.79,11.0,0.63,"Documentary,Comedy"
USR-1227,15.8,30,25.9,0.51,8.0,0.63,Animation
USR-1228,55.1,35,44.4,0.7,4.0,0.14,"Sci-Fi,Thriller"
USR-1229,15.2,34,26.1,0.52,2.0,0.7,"Animation,Comedy"
USR-1230,78.0,62,77.4,0.61,1.0,0.05,"Sci-Fi,Thriller"
USR-1231,37.6,38,53.6,0.64,5.0,0.47,"Horror,Thriller,Comedy,Sci-Fi,Animation"
USR-1232,11.6,17,14.4,0.42,4.0,0.61,"Comedy,Romance"
USR-1233,5.0,6,13.0,0.75,28.0,0.62,"Documentary,Comedy"
USR-1234,64.5,54,61.3,0.48,4.0,0.23,"Drama,Comedy,Animation,Documentary"
USR-1235,19.5,23,17.9,0.31,4.0,0.86,"Animation,Romance"
USR-1236,38.7,46,48.0,0.49,4.0,0.37,"Horror,Drama,Action,Thriller"
USR-1237,16.1,23,38.7,0.5,1.0,0.62,"Romance,Animation"
USR-1238,4.1,26,19.5,0.44,9.0,0.7,"Romance,Animation"
USR-1239,54.7,58,71.0,0.59,4.0,0.23,"Sci-Fi,Action,Documentary,Horror"
USR-1240,11.3,39,26.6,0.3,6.0,0.61,"Comedy,Animation"
USR-1241,6.5,17,5.0,0.36,3.0,0.73,"Animation,Romance"
USR-1242,16.8,15,27.3,0.4,5.0,0.73,"Comedy,Romance"
USR-1243,14.0,19,30.4,0.39,1.0,0.63,Animation
USR-1244,39.2,43,42.9,0.45,4.0,0.42,"Drama,Documentary,Comedy"
USR-1245,5.7,6,24.2,0.23,32.0,0.32,"Drama,Comedy"
USR-1246,52.5,42,40.8,0.53,3.0,0.11,"Thriller,Sci-Fi,Action"
USR-1247,21.8,16,18.5,0.5,9.0,0.79,Animation
USR-1248,75.6,63,89.7,0.76,4.0,0.15,"Sci-Fi,Action"
USR-1249,47.8,41,87.2,0.71,4.0,0.09,"Thriller,Action"
USR-1250,14.0,38,13.1,0.5,5.0,0.81,"Animation,Comedy"
USR-1251,21.0,26,19.6,0.54,3.0,0.74,"Animation,Comedy"
USR-1252,19.8,39,11.0,0.31,1.0,0.76,"Animation,Romance"
USR-1253,60.4,44,100.6,0.6,2.0,0.15,"Thriller,Action,Sci-Fi"
USR-1254,17.6,31,35.6,0.5,5.0,0.76,"Romance,Comedy"
USR-1255,48.3,50,87.0,0.51,2.0,0.19,"Sci-Fi,Action"
USR-1256,61.1,54,117.0,0.54,2.0,0.07,"Thriller,Sci-Fi,Action"
USR-1257,6.9,1,23.7,0.25,26.0,0.45,"Drama,Comedy"
USR-1258,10.6,5,5.0,0.66,32.0,0.48,"Drama,Comedy"
USR-1259,40.4,41,34.1,0.47,3.0,0.37,"Animation,Comedy,Romance,Horror,Drama"
USR-1260,16.8,39,32.2,0.54,3.0,0.66,Animation
USR-1261,60.0,51,68.7,0.56,4.0,0.21,"Horror,Drama,Comedy,Romance"
USR-1262,3.7,4,8.3,0.49,41.0,0.5,Drama
USR-1263,18.8,29,19.2,0.48,9.0,0.71,Animation
USR-1264,7.0,7,16.6,0.55,16.0,0.68,"Documentary,Drama"
USR-1265,49.7,62,69.1,0.58,1.0,0.13,"Thriller,Sci-Fi,Action"
USR-1266,66.9,50,55.5,0.51,2.0,0.3,"Documentary,Thriller,Comedy,Sci-Fi,Drama"
USR-1267,3.7,5,16.4,0.64,22.0,0.6,Documentary
USR-1268,2.5,7,23.1,0.49,23.0,0.46,"Drama,Documentary"
USR-1269,27.7,27,31.3,0.58,2.0,0.6,Comedy
USR-1270,15.0,24,18.5,0.37,6.0,0.62,"Romance,Comedy"
USR-1271,45.1,32,45.9,0.64,6.0,0.25,"Drama,Comedy,Thriller,Horror,Action"
USR-1272,0.5,1,32.0,0.66,40.0,0.66,Drama
USR-1273,32.2,47,52.3,0.47,4.0,0.27,"Comedy,Sci-Fi,Drama"
USR-1274,26.5,31,46.1,0.44,2.0,0.42,"Thriller,Drama,Sci-Fi"
USR-1275,13.0,32,26.2,0.44,6.0,0.67,Romance
USR-1276,44.8,51,68.6,0.76,4.0,0.17,"Thriller,Action"
USR-1277,18.6,33,23.6,0.33,7.0,0.75,Animation
USR-1278,51.6,30,64.8,0.48,3.0,0.49,"Documentary,Comedy,Animation,Drama,Thriller"
USR-1279,4.0,7,10.3,0.5,44.0,0.48,"Comedy,Drama"
USR-1280,22.4,16,22.4,0.36,9.0,0.86,"Romance,Comedy"
USR-1281,48.1,33,48.0,0.62,4.0,0.49,"Comedy,Sci-Fi,Drama"
USR-1282,46.2,50,57.1,0.48,5.0,0.41,"Horror,Drama,Documentary"
USR-1283,52.1,36,108.9,0.68,4.0,0.16,"Action,Sci-Fi"
USR-1284,13.4,30,37.5,0.53,8.0,0.64,"Comedy,Animation"
USR-1285,75.1,58,96.8,0.55,3.0,0.05,"Thriller,Sci-Fi"
USR-1286,47.5,41,35.3,0.4,3.0,0.4,"Sci-Fi,Comedy,Romance"
USR-1287,37.3,51,67.9,0.45,3.0,0.41,"Action,Romance,Animation"
USR-1288,4.1,7,22.3,0.54,31.0,0.45,Drama
USR-1289,26.4,42,38.7,0.64,4.0,0.32,"Comedy,Sci-Fi,Drama,Animation,Romance"
USR-1290,26.9,47,48.1,0.49,2.0,0.27,"Action,Drama,Thriller"
USR-1291,6.5,25,22.9,0.5,1.0,0.89,Romance
USR-1292,10.4,18,27.5,0.59,8.0,0.81,"Romance,Comedy"
USR-1293,77.3,47,83.4,0.52,2.0,0.05,"Thriller,Action,Sci-Fi"
USR-1294,5.1,7,20.2,0.44,17.0,0.61,"Drama,Documentary"
USR-1295,28.5,53,55.7,0.63,5.0,0.35,"Drama,Action,Animation"
USR-1296,31.7,31,37.0,0.55,3.0,0.28,"Romance,Documentary,Comedy,Action,Animation"
USR-1297,19.5,33,23.6,0.45,9.0,0.83,Comedy
USR-1298,39.4,41,76.5,0.74,4.0,0.11,"Action,Thriller"
USR-1299,31.5,42,42.8,0.69,2.0,0.45,"Animation,Drama,Thriller"
USR-1300,15.6,25,29.7,0.47,5.0,0.76,"Animation,Comedy"
USR-1301,78.2,50,82.0,0.77,1.0,0.16,"Action,Sci-Fi"
USR-1302,17.5,23,14.4,0.39,7.0,0.61,"Animation,Romance"
USR-1303,65.2,27,99.2,0.53,3.0,0.18,"Sci-Fi,Action"
USR-1304,28.6,54,55.1,0.54,5.0,0.28,"Comedy,Drama,Thriller,Animation,Action"
USR-1305,85.5,64,68.1,0.57,2.0,0.05,"Action,Thriller,Sci-Fi"
USR-1306,75.2,65,62.0,0.75,3.0,0.14,"Sci-Fi,Action,Thriller"
USR-1307,34.4,59,55.5,0.5,6.0,0.32,"Animation,Comedy,Thriller,Documentary"
USR-1308,45.8,38,43.2,0.48,2.0,0.34,"Sci-Fi,Comedy,Documentary"
USR-1309,29.8,46,56.5,0.68,2.0,0.41,"Thriller,Drama,Animation,Horror,Sci-Fi"
USR-1310,74.6,27,62.7,0.54,1.0,0.16,"Thriller,Sci-Fi"
USR-1311,13.9,18,9.3,0.54,4.0,0.72,Comedy
USR-1312,72.3,58,110.0,0.63,4.0,0.13,"Action,Thriller"
USR-1313,25.9,20,25.3,0.34,3.0,0.89,"Animation,Comedy"
USR-1314,2.8,7,11.4,0.39,31.0,0.57,Drama
USR-1315,54.5,48,53.1,0.59,4.0,0.4,"Animation,Comedy,Documentary"
USR-1316,54.6,43,39.6,0.58,3.0,0.31,"Documentary,Action,Thriller,Comedy"
USR-1317,11.6,37,27.7,0.43,6.0,0.78,"Romance,Animation"
USR-1318,17.1,24,24.6,0.35,6.0,0.76,"Romance,Comedy"
USR-1319,32.3,56,70.4,0.56,3.0,0.38,"Action,Animation,Romance,Sci-Fi"
USR-1320,39.0,51,52.2,0.61,3.0,0.39,"Thriller,Action,Documentary,Animation,Drama"
USR-1321,49.8,38,68.5,0.56,3.0,0.38,"Horror,Documentary,Sci-Fi"
USR-1322,74.0,54,111.0,0.7,4.0,0.14,"Thriller,Action"
USR-1323,19.5,20,36.7,0.59,1.0,0.75,Comedy
USR-1324,69.7,52,88.8,0.76,4.0,0.12,"Action,Thriller"
USR-1325,4.7,1,5.0,0.35,29.0,0.38,Documentary
USR-1326,2.0,5,13.1,0.25,43.0,0.33,Comedy
USR-1327,88.9,54,117.7,0.79,2.0,0.18,"Action,Thriller"
USR-1328,0.5,2,22.1,0.51,36.0,0.51,Drama
USR-1329,18.6,21,20.3,0.38,1.0,0.87,Comedy
USR-1330,52.0,56,47.2,0.61,2.0,0.35,"Action,Animation,Horror,Drama"
USR-1331,10.9,36,25.0,0.31,1.0,0.83,"Comedy,Romance"
USR-1332,23.9,35,25.7,0.52,3.0,0.84,"Animation,Comedy"
USR-1333,8.7,1,5.0,0.41,33.0,0.62,Drama
USR-1334,5.4,1,32.3,0.5,25.0,0.65,Documentary
USR-1335,57.9,65,105.7,0.76,2.0,0.18,"Action,Thriller,Sci-Fi"
USR-1336,64.7,58,36.4,0.54,5.0,0.42,"Thriller,Drama,Romance,Horror,Comedy"
USR-1337,13.3,24,28.4,0.49,3.0,0.67,Comedy
USR-1338,11.9,33,19.7,0.4,8.0,0.78,Animation
USR-1339,44.6,37,59.5,0.61,1.0,0.26,"Animation,Thriller,Horror,Documentary"
USR-1340,49.1,36,49.9,0.44,2.0,0.35,"Horror,Thriller,Romance"
USR-1341,52.3,56,53.8,0.54,5.0,0.39,"Drama,Comedy,Documentary,Sci-Fi"
USR-1342,0.5,1,18.1,0.52,38.0,0.37,"Documentary,Comedy"
USR-1343,14.8,39,23.4,0.54,3.0,0.68,"Comedy,Romance"
USR-1344,18.0,34,25.4,0.49,2.0,0.71,Romance
USR-1345,53.7,38,83.1,0.61,3.0,0.16,"Action,Thriller,Sci-Fi"
USR-1346,55.5,56,61.6,0.51,2.0,0.4,"Romance,Sci-Fi,Drama"
USR-1347,71.9,61,114.1,0.66,2.0,0.17,"Thriller,Sci-Fi,Action"
USR-1348,56.8,36,58.4,0.6,4.0,0.32,"Horror,Romance,Comedy,Thriller"
USR-1349,8.0,4,22.6,0.48,22.0,0.59,"Documentary,Drama"
USR-1350,59.4,36,56.9,0.72,3.0,0.08,"Action,Sci-Fi"
USR-1351,37.7,56,43.5,0.63,2.0,0.15,"Action,Thriller"
USR-1352,41.9,57,31.6,0.54,6.0,0.27,"Animation,Action,Drama,Horror,Thriller"
USR-1353,68.9,36,74.2,0.55,4.0,0.05,"Action,Sci-Fi"
USR-1354,20.9,30,27.8,0.4,8.0,0.66,"Animation,Comedy"
USR-1355,11.0,22,27.2,0.37,6.0,0.81,"Comedy,Animation"
USR-1356,10.1,5,8.2,0.39,44.0,0.31,Documentary
USR-1357,8.8,37,33.9,0.55,3.0,0.88,Animation
USR-1358,41.7,48,50.3,0.53,2.0,0.24,"Sci-Fi,Horror,Action"
USR-1359,81.8,44,96.0,0.78,2.0,0.06,"Sci-Fi,Thriller"
USR-1360,16.2,37,30.2,0.51,9.0,0.79,"Romance,Comedy"
USR-1361,35.7,37,65.3,0.61,6.0,0.37,"Romance,Documentary,Animation"
USR-1362,18.5,38,27.1,0.59,2.0,0.77,"Comedy,Romance"
USR-1363,58.7,67,90.0,0.52,4.0,0.06,"Sci-Fi,Action,Thriller"
USR-1364,26.4,42,57.5,0.69,3.0,0.42,"Romance,Documentary,Action,Comedy,Sci-Fi"
USR-1365,47.0,50,51.9,0.42,4.0,0.3,"Animation,Drama,Romance"
USR-1366,35.3,55,66.4,0.47,4.0,0.22,"Animation,Romance,Comedy,Action"
USR-1367,0.5,3,15.4,0.4,17.0,0.39,"Comedy,Drama"
USR-1368,6.9,18,17.0,0.36,6.0,0.87,"Romance,Comedy"
USR-1369,2.8,7,17.2,0.38,37.0,0.55,"Comedy,Documentary"
USR-1370,26.0,32,50.2,0.4,4.0,0.35,"Thriller,Sci-Fi,Romance"
USR-1371,25.4,30,22.4,0.46,8.0,0.8,"Animation,Comedy"
USR-1372,13.3,35,31.8,0.45,9.0,0.75,"Romance,Comedy"
USR-1373,42.5,45,46.9,0.5,4.0,0.32,"Drama,Thriller,Comedy,Documentary"
USR-1374,53.2,51,50.5,0.47,1.0,0.42,"Action,Animation,Drama,Comedy,Sci-Fi"
USR-1375,20.1,20,23.4,0.59,8.0,0.71,"Comedy,Romance"
USR-1376,31.4,46,47.2,0.62,5.0,0.44,"Horror,Romance,Drama,Comedy"
USR-1377,18.2,27,34.8,0.37,4.0,0.74,Animation
USR-1378,15.9,29,29.6,0.57,7.0,0.6,"Animation,Romance"
USR-1379,23.8,41,75.0,0.71,1.0,0.17,"Action,Sci-Fi"
USR-1380,21.8,30,31.0,0.4,8.0,0.67,Romance
USR-1381,11.1,34,25.0,0.38,9.0,0.73,"Animation,Comedy"
USR-1382,30.7,44,58.3,0.54,5.0,0.23,"Sci-Fi,Comedy,Documentary"
USR-1383,66.5,55,72.1,0.73,4.0,0.13,"Sci-Fi,Thriller"
USR-1384,2.4,5,18.3,0.65,17.0,0.61,Documentary
USR-1385,7.6,22,17.0,0.58,1.0,0.8,"Comedy,Romance"
USR-1386,1.8,3,29.6,0.4,22.0,0.3,"Documentary,Comedy"
USR-1387,23.3,17,22.6,0.34,8.0,0.73,Comedy
USR-1388,4.8,2,20.3,0.76,36.0,0.34,"Drama,Documentary"
USR-1389,20.1,17,24.2,0.37,6.0,0.8,"Romance,Comedy"
USR-1390,5.4,1,27.0,0.2,21.0,0.65,"Comedy,Drama"
USR-1391,13.4,37,29.8,0.33,6.0,0.66,"Comedy,Animation"
USR-1392,42.7,50,53.1,0.62,1.0,0.24,"Drama,Comedy,Animation"
USR-1393,13.3,29,30.7,0.3,2.0,0.63,Comedy
USR-1394,37.4,54,60.3,0.68,3.0,0.44,"Thriller,Romance,Action"
USR-1395,87.7,54,97.0,0.76,4.0,0.07,"Thriller,Sci-Fi,Action"
USR-1396,21.2,57,54.5,0.7,1.0,0.21,"Romance,Drama,Horror,Action"
USR-1397,65.4,66,88.9,0.61,1.0,0.16,"Sci-Fi,Action,Thriller"
USR-1398,21.9,31,20.9,0.47,1.0,0.85,"Romance,Comedy"
USR-1399,2.6,5,7.0,0.55,36.0,0.61,Comedy
USR-1400,4.8,2,39.6,0.76,35.0,0.46,"Drama,Documentary"
USR-1401,46.5,43,47.5,0.42,4.0,0.23,"Animation,Comedy,Romance,Sci-Fi,Thriller"
USR-1402,3.7,5,17.1,0.42,10.0,0.48,"Comedy,Documentary"
USR-1403,33.3,44,52.5,0.49,3.0,0.21,"Romance,Action,Drama,Documentary"
USR-1404,91.3,33,85.4,0.59,2.0,0.18,"Thriller,Action,Sci-Fi"
USR-1405,24.8,39,70.4,0.49,2.0,0.4,"Animation,Horror,Action"
USR-1406,13.6,18,34.3,0.53,6.0,0.68,"Comedy,Animation"
USR-1407,18.0,20,22.8,0.4,3.0,0.85,Romance
USR-1408,7.8,5,13.1,0.71,15.0,0.48,Drama
USR-1409,57.8,38,47.1,0.58,6.0,0.41,"Romance,Thriller,Sci-Fi"
USR-1410,1.5,16,35.1,0.35,9.0,0.84,"Romance,Animation"
USR-1411,21.3,16,38.2,0.32,5.0,0.85,Animation
USR-1412,9.2,39,17.3,0.43,6.0,0.66,"Animation,Romance"
USR-1413,15.4,20,21.7,0.53,4.0,0.89,"Romance,Comedy"
USR-1414,24.4,29,28.3,0.45,8.0,0.63,Romance
USR-1415,2.2,5,12.9,0.25,35.0,0.34,"Comedy,Drama"
USR-1416,27.9,43,38.3,0.63,5.0,0.46,"Animation,Comedy,Action"
USR-1417,72.9,53,79.8,0.54,2.0,0.1,"Action,Sci-Fi,Thriller"
USR-1418,58.8,42,39.7,0.47,6.0,0.28,"Comedy,Sci-Fi,Romance,Drama"
USR-1419,43.4,49,54.3,0.6,4.0,0.23,"Action,Animation,Horror"
USR-1420,20.4,33,39.6,0.6,2.0,0.73,"Comedy,Romance"
USR-1421,21.9,28,26.7,0.31,8.0,0.85,Romance
USR-1422,20.0,46,51.9,0.67,4.0,0.26,"Action,Horror,Drama,Thriller,Romance"
USR-1423,19.1,15,24.6,0.49,9.0,0.8,Romance
USR-1424,81.1,67,91.5,0.53,4.0,0.1,"Sci-Fi,Thriller,Action"
USR-1425,22.2,30,28.8,0.31,2.0,0.73,"Romance,Comedy"
USR-1426,35.0,44,65.1,0.67,4.0,0.25,"Action,Drama,Thriller,Documentary,Horror"
USR-1427,1.3,4,17.2,0.79,31.0,0.51,"Comedy,Documentary"
USR-1428,50.5,49,44.0,0.68,3.0,0.28,"Comedy,Romance,Action"
USR-1429,3.8,5,5.0,0.26,32.0,0.59,Comedy
USR-1430,1.1,6,21.8,0.52,22.0,0.68,Documentary
USR-1431,34.7,31,64.3,0.58,4.0,0.27,"Documentary,Sci-Fi,Comedy,Horror,Romance"
USR-1432,63.6,25,104.5,0.62,1.0,0.18,"Sci-Fi,Thriller,Action"
USR-1433,51.2,51,91.5,0.54,4.0,0.16,"Action,Thriller"
USR-1434,19.1,39,33.8,0.39,4.0,0.75,Romance
USR-1435,64.2,67,65.4,0.58,1.0,0.06,"Thriller,Action"
USR-1436,21.4,55,53.1,0.49,3.0,0.21,"Horror,Sci-Fi,Action,Comedy,Thriller"
USR-1437,65.6,31,93.2,0.69,1.0,0.2,"Action,Sci-Fi,Thriller"
USR-1438,48.5,43,47.1,0.62,1.0,0.49,"Comedy,Sci-Fi,Documentary"
USR-1439,19.1,37,23.9,0.54,2.0,0.78,Romance
USR-1440,2.0,6,19.4,0.3,39.0,0.5,Drama
USR-1441,3.7,1,30.6,0.45,32.0,0.47,Comedy
USR-1442,3.8,7,8.0,0.52,36.0,0.44,Comedy
USR-1443,52.4,50,98.5,0.56,3.0,0.14,"Thriller,Sci-Fi"
USR-1444,52.2,67,64.4,0.67,2.0,0.07,"Sci-Fi,Thriller,Action"
USR-1445,36.1,34,61.2,0.42,6.0,0.43,"Action,Sci-Fi,Animation,Comedy,Drama"
USR-1446,42.3,30,48.8,0.5,2.0,0.49,"Sci-Fi,Documentary,Comedy"
USR-1447,5.0,6,15.1,0.21,18.0,0.65,"Documentary,Drama"
USR-1448,14.0,34,16.4,0.31,6.0,0.64,Comedy
USR-1449,13.2,25,13.4,0.55,2.0,0.68,"Romance,Animation"
USR-1450,45.3,54,63.2,0.53,5.0,0.32,"Romance,Horror,Comedy,Sci-Fi,Action"
USR-1451,5.2,5,25.6,0.51,19.0,0.52,"Documentary,Drama"
USR-1452,12.7,29,21.7,0.48,6.0,0.75,Comedy
USR-1453,14.3,33,13.9,0.32,8.0,0.77,Comedy
USR-1454,57.3,31,78.6,0.53,2.0,0.17,"Thriller,Sci-Fi,Action"
USR-1455,20.5,22,11.1,0.39,9.0,0.88,Romance
USR-1456,40.4,47,87.4,0.8,3.0,0.16,"Action,Sci-Fi"
USR-1457,10.3,39,25.8,0.32,8.0,0.72,Romance
USR-1458,35.8,54,50.7,0.43,3.0,0.49,"Comedy,Drama,Thriller,Action"
USR-1459,46.1,34,95.1,0.66,2.0,0.1,"Thriller,Action,Sci-Fi"
USR-1460,22.1,17,20.0,0.4,6.0,0.82,"Animation,Romance"
USR-1461,11.4,37,33.6,0.38,1.0,0.85,Romance
USR-1462,53.1,59,93.5,0.64,2.0,0.11,"Action,Sci-Fi"
USR-1463,50.5,32,117.6,0.55,3.0,0.14,"Thriller,Sci-Fi,Action"
USR-1464,6.9,37,17.0,0.45,7.0,0.78,Comedy
USR-1465,38.8,52,35.1,0.49,4.0,0.26,"Sci-Fi,Action,Romance,Horror,Thriller"
USR-1466,56.5,55,53.8,0.55,5.0,0.35,"Drama,Comedy,Documentary,Action,Horror"
USR-1467,15.0,39,23.2,0.37,6.0,0.61,"Comedy,Romance"
USR-1468,54.9,43,87.3,0.69,1.0,0.1,"Thriller,Sci-Fi,Action"
USR-1469,4.6,1,30.7,0.39,38.0,0.62,Comedy
USR-1470,10.0,15,15.6,0.38,8.0,0.67,"Animation,Romance"
USR-1471,31.7,38,51.7,0.42,2.0,0.43,"Animation,Romance,Drama"
USR-1472,12.5,18,31.3,0.38,3.0,0.77,Animation
USR-1473,55.1,42,63.8,0.41,5.0,0.42,"Thriller,Documentary,Sci-Fi,Comedy,Action"
USR-1474,95.7,34,85.0,0.77,1.0,0.16,"Action,Sci-Fi,Thriller"
USR-1475,7.0,5,24.8,0.76,23.0,0.45,Documentary
USR-1476,38.9,46,55.0,0.45,1.0,0.42,"Action,Thriller,Sci-Fi,Animation,Horror"
USR-1477,7.5,33,38.3,0.46,8.0,0.85,Romance
USR-1478,3.2,6,23.7,0.58,39.0,0.44,Drama
USR-1479,52.8,43,62.7,0.76,3.0,0.19,"Action,Thriller"
USR-1480,45.3,52,40.1,0.66,6.0,0.3,"Sci-Fi,Action,Romance"
USR-1481,7.0,6,7.4,0.77,29.0,0.42,"Documentary,Drama"
USR-1482,80.4,28,102.4,0.69,3.0,0.08,"Thriller,Action,Sci-Fi"
USR-1483,3.8,7,19.6,0.3,20.0,0.57,Comedy
USR-1484,69.8,32,53.2,0.64,3.0,0.41,"Comedy,Action,Animation,Horror"
USR-1485,16.9,36,16.9,0.57,6.0,0.7,"Comedy,Animation"
USR-1486,51.5,31,54.1,0.63,5.0,0.24,"Romance,Horror,Drama,Documentary"
USR-1487,12.8,21,22.1,0.56,9.0,0.64,"Comedy,Animation"
USR-1488,21.5,34,23.9,0.43,5.0,0.85,Comedy
USR-1489,35.0,52,41.8,0.63,5.0,0.4,"Comedy,Thriller,Drama,Horror"
USR-1490,53.6,31,49.2,0.4,4.0,0.35,"Horror,Thriller,Action,Animation"
USR-1491,49.1,33,38.1,0.55,2.0,0.22,"Romance,Drama,Documentary,Sci-Fi,Animation"
USR-1492,63.4,42,75.9,0.64,1.0,0.12,"Sci-Fi,Thriller"
USR-1493,5.8,6,31.2,0.67,13.0,0.7,"Drama,Comedy"
USR-1494,50.9,33,41.5,0.7,4.0,0.46,"Thriller,Documentary,Animation"
USR-1495,44.9,46,88.2,0.67,3.0,0.08,"Sci-Fi,Action,Thriller"
USR-1496,4.0,1,29.2,0.52,10.0,0.68,"Comedy,Drama"
USR-1497,6.8,7,8.0,0.67,31.0,0.59,Documentary
USR-1498,67.7,61,111.1,0.55,1.0,0.09,"Thriller,Action"
USR-1499,13.1,18,23.1,0.58,1.0,0.85,Comedy
USR-1500,52.7,42,50.1,0.52,6.0,0.33,"Thriller,Drama,Documentary,Romance,Action"
USR-1501,28.1,50,55.0,0.52,3.0,0.31,"Horror,Romance,Thriller"
USR-1502,6.3,7,30.6,0.44,14.0,0.36,Comedy
USR-1503,12.4,17,43.7,0.49,7.0,0.79,Animation
USR-1504,4.7,2,28.6,0.75,10.0,0.52,"Comedy,Drama"
USR-1505,46.4,50,61.1,0.51,1.0,0.33,"Sci-Fi,Comedy,Romance,Documentary,Horror"
USR-1506,11.9,18,28.9,0.46,9.0,0.81,"Comedy,Animation"
USR-1507,15.9,25,20.4,0.33,9.0,0.62,"Comedy,Romance"
USR-1508,18.4,39,21.5,0.37,8.0,0.69,Animation
USR-1509,59.8,50,57.5,0.56,5.0,0.37,"Drama,Romance,Documentary"
USR-1510,10.6,32,34.5,0.45,8.0,0.78,Animation
USR-1511,5.8,33,23.4,0.33,9.0,0.81,"Romance,Animation"
USR-1512,0.5,4,24.8,0.69,12.0,0.47,Comedy
USR-1513,5.1,6,33.1,0.64,25.0,0.32,"Comedy,Drama"
USR-1514,90.0,32,66.1,0.72,4.0,0.14,"Thriller,Action,Sci-Fi"
USR-1515,68.4,57,66.6,0.72,1.0,0.11,"Sci-Fi,Thriller"
USR-1516,1.8,4,5.0,0.78,42.0,0.58,"Drama,Comedy"
USR-1517,7.0,37,55.1,0.41,1.0,0.31,"Animation,Sci-Fi,Drama"
USR-1518,50.7,33,59.1,0.53,3.0,0.3,"Action,Animation,Drama"
USR-1519,32.8,45,21.3,0.58,4.0,0.46,"Action,Comedy,Thriller,Romance,Horror"
USR-1520,6.1,1,26.8,0.58,38.0,0.41,"Comedy,Documentary"
USR-1521,21.7,38,26.5,0.52,7.0,0.89,"Comedy,Romance"
USR-1522,66.1,34,67.1,0.72,1.0,0.17,"Thriller,Action"
USR-1523,26.2,39,54.2,0.61,1.0,0.49,"Romance,Horror,Documentary"
USR-1524,12.3,26,24.9,0.45,8.0,0.68,"Romance,Animation"
USR-1525,57.2,53,95.1,0.62,1.0,0.15,"Sci-Fi,Action,Thriller"
USR-1526,3.4,1,28.6,0.4,31.0,0.43,Drama
USR-1527,56.0,34,88.4,0.7,1.0,0.13,"Sci-Fi,Thriller"
USR-1528,24.0,39,24.0,0.44,9.0,0.83,"Comedy,Romance"
USR-1529,12.3,22,35.6,0.55,7.0,0.73,Comedy
USR-1530,88.8,42,56.0,0.6,4.0,0.14,"Sci-Fi,Thriller,Action"
USR-1531,19.2,27,47.0,0.51,4.0,0.85,"Romance,Animation"
USR-1532,10.1,15,32.7,0.33,2.0,0.62,"Romance,Comedy"
USR-1533,8.6,22,19.4,0.47,2.0,0.6,"Romance,Comedy"
USR-1534,6.7,4,16.8,0.28,18.0,0.46,Documentary
USR-1535,50.4,39,103.7,0.56,3.0,0.15,"Thriller,Action,Sci-Fi"
USR-1536,35.4,33,37.5,0.47,2.0,0.48,"Romance,Comedy,Thriller,Drama,Action"
USR-1537,62.9,28,92.8,0.75,3.0,0.05,"Sci-Fi,Action"
USR-1538,15.0,19,20.5,0.57,6.0,0.79,Romance
USR-1539,1.3,2,34.2,0.46,42.0,0.39,Comedy
USR-1540,1.8,6,5.0,0.37,21.0,0.68,Drama
USR-1541,39.2,33,52.9,0.59,1.0,0.46,"Thriller,Horror,Sci-Fi,Animation"
USR-1542,12.7,24,20.7,0.58,4.0,0.69,"Animation,Romance"
USR-1543,42.7,51,62.7,0.45,1.0,0.3,"Comedy,Sci-Fi,Horror,Animation,Documentary"
USR-1544,81.1,55,110.4,0.65,3.0,0.2,"Action,Thriller"
USR-1545,0.5,1,14.9,0.68,24.0,0.48,"Drama,Comedy"
USR-1546,19.8,32,33.6,0.56,7.0,0.73,"Animation,Comedy"
USR-1547,13.5,37,27.6,0.35,4.0,0.62,"Animation,Romance"
USR-1548,21.9,27,24.2,0.36,4.0,0.69,"Animation,Comedy"
USR-1549,82.1,34,76.2,0.64,1.0,0.08,"Action,Sci-Fi"
USR-1550,23.0,35,17.3,0.33,1.0,0.68,Romance
USR-1551,59.7,64,59.5,0.63,3.0,0.09,"Thriller,Sci-Fi,Action"
USR-1552,38.1,46,61.2,0.7,4.0,0.32,"Thriller,Romance,Sci-Fi,Animation"
USR-1553,0.5,6,25.7,0.73,14.0,0.36,"Drama,Documentary"
USR-1554,5.4,5,28.6,0.23,30.0,0.46,"Documentary,Drama"
USR-1555,4.8,34,25.6,0.33,2.0,0.69,Comedy
USR-1556,20.1,31,26.2,0.49,3.0,0.88,Romance
USR-1557,40.4,59,44.8,0.61,1.0,0.26,"Documentary,Comedy,Animation,Horror"
USR-1558,4.0,5,31.8,0.34,33.0,0.58,"Comedy,Drama"
USR-1559,42.1,56,24.8,0.5,4.0,0.41,"Thriller,Documentary,Romance"
USR-1560,18.0,32,24.5,0.5,1.0,0.77,"Romance,Comedy"
USR-1561,30.9,35,47.1,0.48,1.0,0.46,"Thriller,Romance,Sci-Fi,Action"
USR-1562,34.2,57,61.1,0.5,3.0,0.25,"Comedy,Romance,Action,Drama,Horror"
USR-1563,41.0,31,69.1,0.53,6.0,0.39,"Comedy,Animation,Sci-Fi"
USR-1564,15.0,27,23.0,0.52,2.0,0.85,"Comedy,Romance"
USR-1565,17.4,36,23.6,0.59,3.0,0.62,Animation
USR-1566,9.0,33,32.5,0.42,9.0,0.67,Romance
USR-1567,3.4,4,30.2,0.34,44.0,0.41,"Comedy,Documentary"
USR-1568,48.6,59,95.0,0.69,2.0,0.05,"Action,Sci-Fi,Thriller"
USR-1569,62.5,67,106.7,0.74,3.0,0.17,"Sci-Fi,Thriller,Action"
USR-1570,6.9,2,45.0,0.29,25.0,0.53,Drama
USR-1571,20.6,38,26.5,0.46,4.0,0.76,"Animation,Comedy"
USR-1572,17.4,34,23.5,0.4,2.0,0.73,"Animation,Comedy"
USR-1573,5.0,3,27.2,0.57,11.0,0.66,"Documentary,Comedy"
USR-1574,43.3,49,64.3,0.48,2.0,0.36,"Thriller,Action,Drama,Horror,Documentary"
USR-1575,12.2,26,12.0,0.54,1.0,0.63,"Comedy,Animation"
USR-1576,0.5,3,40.4,0.75,37.0,0.65,Documentary
USR-1577,7.3,21,29.5,0.34,5.0,0.64,Comedy
USR-1578,46.2,48,59.8,0.62,5.0,0.46,"Sci-Fi,Comedy,Action,Animation"
USR-1579,34.4,35,33.3,0.69,3.0,0.23,"Horror,Documentary,Thriller,Sci-Fi,Romance"
USR-1580,2.6,3,19.3,0.26,19.0,0.32,"Drama,Comedy"
USR-1581,48.1,44,48.1,0.69,1.0,0.49,"Drama,Animation,Action"
USR-1582,45.1,42,41.4,0.53,3.0,0.22,"Sci-Fi,Action,Thriller,Documentary"
USR-1583,4.8,6,5.0,0.26,30.0,0.6,"Drama,Comedy"
USR-1584,18.6,29,8.8,0.51,6.0,0.66,"Romance,Animation"
USR-1585,14.2,30,29.5,0.46,6.0,0.66,Animation
USR-1586,5.7,33,30.3,0.38,8.0,0.82,Romance
USR-1587,51.8,31,36.8,0.6,5.0,0.39,"Documentary,Horror,Animation,Comedy,Drama"
USR-1588,48.5,52,61.8,0.64,6.0,0.42,"Comedy,Documentary,Drama,Sci-Fi,Romance"
USR-1589,74.8,48,98.8,0.57,4.0,0.06,"Sci-Fi,Thriller"
USR-1590,65.1,40,117.4,0.56,3.0,0.15,"Action,Thriller,Sci-Fi"
USR-1591,52.3,55,44.5,0.49,3.0,0.48,"Thriller,Romance,Drama"
USR-1592,13.7,15,28.0,0.33,2.0,0.87,Romance
USR-1593,1.0,3,30.6,0.38,34.0,0.51,Documentary
USR-1594,70.2,61,67.0,0.53,4.0,0.06,"Sci-Fi,Thriller,Action"
USR-1595,18.0,35,41.6,0.37,7.0,0.61,Comedy
USR-1596,16.0,23,32.6,0.43,1.0,0.65,"Comedy,Romance"
USR-1597,5.9,3,13.6,0.33,27.0,0.45,"Documentary,Comedy"
USR-1598,67.0,66,69.5,0.63,3.0,0.08,"Sci-Fi,Action"
USR-1599,52.7,59,49.1,0.67,5.0,0.25,"Action,Drama,Documentary"
USR-1600,56.9,38,98.1,0.79,2.0,0.14,"Sci-Fi,Action,Thriller"
USR-1601,38.2,30,41.0,0.69,5.0,0.23,"Drama,Thriller,Animation,Comedy"
USR-1602,18.9,39,19.7,0.38,9.0,0.7,"Comedy,Animation"
USR-1603,18.2,17,27.2,0.55,9.0,0.61,"Romance,Animation"
USR-1604,75.9,42,87.7,0.59,1.0,0.12,"Action,Sci-Fi,Thriller"
USR-1605,7.2,6,12.9,0.24,15.0,0.53,Documentary
USR-1606,13.3,25,35.3,0.42,1.0,0.87,Romance
USR-1607,26.9,37,47.0,0.41,4.0,0.46,"Animation,Action,Romance,Horror,Thriller"
USR-1608,5.5,3,11.3,0.44,24.0,0.31,Documentary
USR-1609,47.4,66,130.5,0.73,4.0,0.16,"Thriller,Sci-Fi"
USR-1610,14.8,26,26.3,0.41,5.0,0.85,"Romance,Animation"
USR-1611,40.5,30,44.3,0.55,2.0,0.22,"Drama,Sci-Fi,Thriller,Horror"
USR-1612,8.0,4,26.8,0.32,38.0,0.4,"Drama,Comedy"
USR-1613,9.5,6,25.6,0.74,16.0,0.36,Documentary
USR-1614,10.9,29,30.5,0.44,9.0,0.88,Comedy
USR-1615,60.1,30,83.4,0.61,4.0,0.14,"Sci-Fi,Action"
USR-1616,13.9,15,10.2,0.5,2.0,0.63,Romance
USR-1617,78.5,53,107.6,0.57,2.0,0.06,"Sci-Fi,Action"
USR-1618,45.9,47,60.1,0.8,3.0,0.17,"Thriller,Sci-Fi,Action"
USR-1619,43.7,47,39.4,0.51,5.0,0.44,"Comedy,Drama,Sci-Fi"
USR-1620,26.3,36,42.3,0.64,6.0,0.44,"Comedy,Animation,Thriller,Romance"
USR-1621,16.4,25,24.6,0.34,2.0,0.81,Comedy
USR-1622,15.6,58,75.3,0.42,2.0,0.24,"Comedy,Thriller,Horror"
USR-1623,1.3,3,23.6,0.59,39.0,0.33,"Documentary,Drama"
USR-1624,69.3,44,67.0,0.65,4.0,0.16,"Action,Sci-Fi"
USR-1625,14.0,27,18.4,0.3,9.0,0.63,"Comedy,Romance"
USR-1626,51.1,47,82.6,0.53,1.0,0.19,"Sci-Fi,Action,Thriller"
USR-1627,46.0,65,98.4,0.73,2.0,0.07,"Sci-Fi,Action"
USR-1628,47.3,42,79.9,0.64,1.0,0.07,"Thriller,Sci-Fi"
USR-1629,31.8,38,76.9,0.66,2.0,0.18,"Sci-Fi,Thriller"
USR-1630,16.7,32,27.3,0.48,6.0,0.77,Romance
USR-1631,71.0,39,65.0,0.47,5.0,0.23,"Horror,Romance,Sci-Fi,Thriller"
USR-1632,7.8,30,34.6,0.38,9.0,0.75,Romance
USR-1633,47.4,44,99.7,0.73,,0.16,"Sci-Fi,Action"
USR-1634,43.7,43,47.0,0.65,3.0,0.47,"Documentary,Horror,Animation,Drama"
USR-1635,15.5,32,31.4,0.57,9.0,0.8,"Comedy,Romance"
USR-1636,13.7,25,23.7,0.6,1.0,0.84,"Romance,Comedy"
USR-1637,91.2,61,103.4,0.73,2.0,0.08,"Action,Sci-Fi,Thriller"
USR-1638,75.3,47,82.2,0.75,3.0,0.12,"Sci-Fi,Action,Thriller"
USR-1639,43.9,59,44.3,0.55,6.0,0.32,"Comedy,Sci-Fi,Action"
USR-1640,78.1,43,104.0,0.7,1.0,0.07,"Sci-Fi,Action,Thriller"
USR-1641,14.5,23,11.5,0.36,3.0,0.62,"Romance,Comedy"
USR-1642,10.0,16,13.7,0.57,3.0,0.86,"Romance,Animation"
USR-1643,7.0,21,28.5,0.33,1.0,0.6,"Comedy,Animation"
USR-1644,71.7,48,69.0,0.56,4.0,0.19,"Action,Sci-Fi"
USR-1645,66.8,31,94.9,0.62,2.0,0.13,"Action,Thriller,Sci-Fi"
USR-1646,1.9,2,7.8,0.67,17.0,0.5,Comedy
USR-1647,67.3,50,50.2,0.55,2.0,0.1,"Action,Thriller,Sci-Fi"
USR-1648,15.3,20,7.2,0.57,3.0,0.75,Comedy
USR-1649,7.4,3,32.9,0.43,32.0,0.67,"Drama,Comedy"
USR-1650,8.0,38,50.1,0.45,2.0,0.2,"Sci-Fi,Action,Thriller,Romance"
USR-1651,51.6,30,55.7,0.66,3.0,0.46,"Animation,Romance,Horror,Thriller,Documentary"
USR-1652,79.7,54,57.0,0.7,3.0,0.06,"Action,Sci-Fi"
USR-1653,5.4,1,33.0,0.71,28.0,0.5,Drama
USR-1654,80.9,32,89.0,0.79,2.0,0.1,"Action,Thriller"
USR-1655,6.0,1,16.1,0.38,33.0,0.45,"Drama,Documentary"
USR-1656,24.2,20,24.4,0.47,5.0,0.71,"Comedy,Romance"
USR-1657,61.2,58,48.5,0.48,4.0,0.26,"Thriller,Action,Drama"
USR-1658,14.2,22,18.9,0.36,1.0,0.69,Romance
USR-1659,64.1,60,89.9,0.65,2.0,0.06,"Sci-Fi,Thriller,Action"
USR-1660,43.5,32,58.4,0.59,6.0,0.45,"Animation,Thriller,Documentary,Horror,Comedy"
USR-1661,15.5,24,20.9,0.43,8.0,0.89,"Animation,Romance"
USR-1662,39.3,46,41.2,0.56,5.0,0.28,"Sci-Fi,Drama,Horror,Romance,Comedy"
USR-1663,89.2,49,104.3,0.51,1.0,0.14,"Sci-Fi,Action"
USR-1664,73.0,59,66.7,0.77,3.0,0.14,"Sci-Fi,Action"
USR-1665,13.4,22,34.7,0.42,1.0,0.81,"Comedy,Romance"
USR-1666,6.0,5,18.9,0.61,38.0,0.53,"Comedy,Documentary"
USR-1667,1.0,5,8.8,0.38,35.0,0.38,"Documentary,Drama"
USR-1668,75.5,56,78.2,0.77,2.0,0.17,"Action,Sci-Fi,Thriller"
USR-1669,7.9,32,23.2,0.42,9.0,0.68,"Romance,Comedy"
USR-1670,4.1,4,30.4,0.57,29.0,0.52,Comedy
USR-1671,6.6,3,30.0,0.59,23.0,0.54,"Comedy,Drama"
USR-1672,19.5,41,43.3,0.65,2.0,0.33,"Comedy,Thriller,Drama,Sci-Fi"
USR-1673,45.9,68,68.4,0.76,3.0,0.09,"Sci-Fi,Action,Thriller"
USR-1674,19.2,24,34.5,0.43,6.0,0.89,"Comedy,Animation"
USR-1675,48.7,41,76.6,0.44,3.0,0.39,"Sci-Fi,Action,Documentary"
USR-1676,60.9,31,82.2,0.62,1.0,0.11,"Sci-Fi,Thriller"
USR-1677,11.1,15,29.9,0.6,8.0,0.6,"Animation,Comedy"
USR-1678,4.8,33,28.7,0.5,7.0,0.66,Romance
USR-1679,70.5,55,104.9,0.72,3.0,0.13,"Action,Thriller,Sci-Fi"
USR-1680,56.4,37,95.7,0.77,1.0,0.05,"Action,Thriller"
USR-1681,12.6,25,29.3,0.58,7.0,0.88,Romance
USR-1682,9.7,2,11.5,0.78,37.0,0.51,Documentary
USR-1683,26.0,57,50.1,0.63,1.0,0.36,"Horror,Documentary,Sci-Fi"
USR-1684,28.1,52,43.4,0.6,4.0,0.31,"Horror,Animation,Thriller"
USR-1685,17.7,28,16.4,0.51,8.0,0.68,"Animation,Comedy"
USR-1686,5.4,46,51.0,0.54,1.0,0.29,"Thriller,Comedy,Action"
USR-1687,16.8,22,26.6,0.46,9.0,0.88,"Animation,Comedy"
USR-1688,19.3,25,25.5,0.36,9.0,0.67,"Romance,Animation"
USR-1689,20.8,29,38.9,0.45,3.0,0.69,"Romance,Animation"
USR-1690,22.9,18,26.4,0.39,6.0,0.81,"Romance,Comedy"
USR-1691,16.2,27,35.5,0.46,8.0,0.7,"Animation,Comedy"
USR-1692,25.2,29,17.9,0.54,6.0,0.87,Animation
USR-1693,10.0,39,29.8,0.56,7.0,0.66,"Romance,Animation"
USR-1694,18.8,21,45.5,0.4,5.0,0.69,"Animation,Romance"
USR-1695,17.8,38,27.3,0.32,6.0,0.72,Comedy
USR-1696,11.4,38,30.9,0.55,7.0,0.86,"Romance,Animation"
USR-1697,4.9,3,25.2,0.39,26.0,0.31,Drama
USR-1698,47.3,39,42.9,0.47,2.0,0.44,"Horror,Thriller,Animation,Documentary"
USR-1699,81.4,25,79.2,0.78,1.0,0.09,"Sci-Fi,Thriller,Action"
USR-1700,6.3,24,22.5,0.56,9.0,0.65,"Romance,Comedy"
USR-1701,79.6,61,70.1,0.77,2.0,0.11,"Action,Sci-Fi"
USR-1702,13.9,32,36.0,0.3,8.0,0.65,Animation
USR-1703,62.8,57,104.4,0.73,1.0,0.14,"Thriller,Action"
USR-1704,37.9,44,61.9,0.7,1.0,0.42,"Horror,Comedy,Sci-Fi,Drama"
USR-1705,30.7,35,44.0,0.42,2.0,0.44,"Drama,Romance,Action"
USR-1706,4.3,3,14.5,0.37,38.0,0.43,"Comedy,Drama"
USR-1707,18.7,18,5.0,0.38,4.0,0.86,Comedy
USR-1708,0.5,2,34.3,0.38,10.0,0.34,Documentary
USR-1709,26.1,17,34.3,0.46,1.0,0.82,"Animation,Romance"
USR-1710,8.4,18,24.5,0.46,9.0,0.78,"Comedy,Animation"
USR-1711,18.7,16,20.5,0.46,1.0,0.72,"Romance,Comedy"
USR-1712,17.8,19,23.5,0.35,6.0,0.79,Comedy
USR-1713,59.1,31,58.0,0.43,1.0,0.3,"Action,Romance,Drama,Comedy,Animation"
USR-1714,20.2,20,37.9,0.4,9.0,0.87,"Comedy,Animation"
USR-1715,68.0,66,89.8,0.66,3.0,0.16,"Action,Sci-Fi"
USR-1716,40.0,42,57.1,0.62,6.0,0.3,"Sci-Fi,Drama,Action,Thriller,Documentary"
USR-1717,66.0,34,69.1,0.5,2.0,0.08,"Sci-Fi,Thriller"
USR-1718,15.9,32,42.1,0.55,2.0,0.75,Comedy
USR-1719,53.4,43,49.5,0.76,4.0,0.15,"Action,Thriller"
USR-1720,71.3,54,92.2,0.62,1.0,0.06,"Thriller,Action,Sci-Fi"
USR-1721,12.5,26,16.0,0.48,5.0,0.86,"Animation,Comedy"
USR-1722,22.3,45,40.5,0.59,6.0,0.4,"Thriller,Documentary,Comedy,Romance,Sci-Fi"
USR-1723,16.4,55,49.7,0.58,6.0,0.4,"Thriller,Animation,Drama,Comedy,Sci-Fi"
USR-1724,62.5,32,117.7,0.53,1.0,0.17,"Action,Sci-Fi,Thriller"
USR-1725,9.7,31,13.3,0.46,1.0,0.89,"Comedy,Animation"
USR-1726,23.4,21,15.3,0.33,6.0,0.79,Comedy
USR-1727,19.2,36,29.3,0.34,3.0,0.66,"Romance,Animation"
USR-1728,13.1,19,8.9,0.43,9.0,0.84,"Romance,Animation"
USR-1729,7.3,6,9.6,0.76,27.0,0.46,"Drama,Documentary"
USR-1730,12.5,25,25.9,0.55,7.0,0.81,"Animation,Romance"
USR-1731,11.0,23,18.7,0.38,2.0,0.81,Romance
USR-1732,61.7,41,72.1,0.67,1.0,0.1,"Thriller,Sci-Fi"
USR-1733,33.1,43,49.9,0.59,4.0,0.2,"Documentary,Comedy,Drama"
USR-1734,3.0,5,26.4,0.44,18.0,0.36,"Documentary,Drama"
USR-1735,47.7,46,57.4,0.55,5.0,0.36,"Horror,Sci-Fi,Animation,Thriller,Comedy"
USR-1736,65.5,68,98.8,0.63,1.0,0.07,"Thriller,Action"
USR-1737,15.8,37,24.3,0.41,7.0,0.79,Romance
USR-1738,4.5,7,30.2,0.4,41.0,0.46,Drama
USR-1739,75.1,46,135.1,0.59,1.0,0.2,"Thriller,Sci-Fi"
USR-1740,48.4,53,61.6,0.51,2.0,0.09,"Sci-Fi,Thriller,Action"
USR-1741,0.5,7,26.9,0.49,19.0,0.51,Drama
USR-1742,38.0,44,59.2,0.45,5.0,0.47,"Animation,Action,Romance,Drama,Thriller"
USR-1743,80.6,50,86.9,0.64,4.0,0.06,"Action,Sci-Fi"
USR-1744,3.2,6,5.0,0.52,32.0,0.49,"Documentary,Drama"
USR-1745,75.1,45,108.6,0.73,4.0,0.06,"Thriller,Action"
USR-1746,36.4,30,32.5,0.49,3.0,0.23,"Thriller,Action,Documentary,Horror,Drama"
USR-1747,52.0,35,39.2,0.52,4.0,0.35,"Action,Romance,Thriller,Comedy,Documentary"
USR-1748,21.6,33,20.6,0.33,8.0,0.74,"Romance,Comedy"
USR-1749,85.8,53,76.1,0.65,1.0,0.19,"Sci-Fi,Action"
USR-1750,70.0,51,81.1,0.65,2.0,0.16,"Thriller,Action,Sci-Fi"
USR-1751,17.2,22,21.0,0.38,3.0,0.71,"Comedy,Animation"
USR-1752,61.3,29,94.8,0.58,3.0,0.16,"Sci-Fi,Action,Thriller"
USR-1753,11.8,22,18.9,0.56,9.0,0.78,Animation
USR-1754,65.4,39,79.7,0.57,3.0,0.13,"Action,Sci-Fi,Thriller"
USR-1755,3.7,1,26.1,0.47,19.0,0.52,Documentary
USR-1756,46.0,31,42.0,0.65,4.0,0.36,"Horror,Documentary,Thriller,Action,Comedy"
USR-1757,5.1,2,17.4,0.44,26.0,0.32,Drama
USR-1758,2.4,1,30.8,0.6,22.0,0.43,Comedy
USR-1759,60.2,29,36.9,0.54,4.0,0.15,"Action,Sci-Fi"
USR-1760,52.9,37,122.8,0.73,3.0,0.15,"Sci-Fi,Action"
USR-1761,46.3,54,95.5,0.76,4.0,0.09,"Sci-Fi,Thriller"
USR-1762,25.1,39,49.7,0.67,3.0,0.35,"Sci-Fi,Drama,Romance"
USR-1763,38.5,40,47.4,0.49,4.0,0.32,"Horror,Documentary,Comedy"
USR-1764,47.5,51,49.0,0.47,6.0,0.34,"Thriller,Action,Animation"
USR-1765,87.4,69,127.4,0.52,1.0,0.1,"Action,Thriller,Sci-Fi"
USR-1766,17.7,30,41.8,0.45,6.0,0.81,Animation
USR-1767,69.4,67,66.5,0.73,3.0,0.1,"Action,Thriller"
USR-1768,50.6,50,95.6,0.56,2.0,0.09,"Sci-Fi,Thriller,Action"
USR-1769,14.6,20,34.5,0.35,9.0,0.77,Comedy
USR-1770,11.1,27,11.3,0.34,7.0,0.65,"Animation,Romance"
USR-1771,40.2,51,74.0,0.7,2.0,0.41,"Animation,Documentary,Comedy,Thriller,Sci-Fi"
USR-1772,13.6,33,24.0,0.34,6.0,0.81,Romance
USR-1773,17.1,34,67.3,0.58,3.0,0.4,"Sci-Fi,Romance,Drama,Thriller"
USR-1774,14.6,32,35.5,0.56,3.0,0.65,"Comedy,Romance"
USR-1775,51.4,28,116.4,0.66,4.0,0.1,"Action,Sci-Fi"
USR-1776,32.8,55,43.6,0.46,4.0,0.45,"Comedy,Animation,Documentary,Thriller,Romance"
USR-1777,23.7,32,64.7,0.65,1.0,0.28,"Animation,Thriller,Romance"
USR-1778,29.0,52,49.9,0.58,1.0,0.49,"Thriller,Comedy,Horror,Sci-Fi"
USR-1779,6.7,4,21.7,0.59,42.0,0.42,Comedy
USR-1780,0.5,5,23.1,0.71,33.0,0.31,Documentary
USR-1781,65.4,43,83.9,0.65,4.0,0.09,"Sci-Fi,Thriller,Action"
USR-1782,7.1,7,24.1,0.44,32.0,0.53,"Documentary,Comedy"
USR-1783,16.0,19,5.0,0.34,5.0,0.84,"Romance,Comedy"
USR-1784,21.0,15,12.1,0.36,5.0,0.75,"Comedy,Animation"
USR-1785,33.2,41,60.2,0.62,1.0,0.22,"Thriller,Action,Romance,Documentary,Sci-Fi"
USR-1786,13.6,30,34.2,0.33,3.0,0.85,"Animation,Comedy"
USR-1787,6.4,4,26.8,0.7,18.0,0.42,Comedy
USR-1788,48.4,32,43.7,0.43,2.0,0.32,"Thriller,Animation,Comedy"
USR-1789,6.1,7,32.2,0.63,21.0,0.44,"Comedy,Documentary"
USR-1790,57.7,45,60.5,0.4,6.0,0.27,"Comedy,Documentary,Horror"
USR-1791,10.0,32,39.1,0.55,1.0,0.62,"Animation,Romance"
USR-1792,66.7,32,87.8,0.5,1.0,0.16,"Action,Thriller"
USR-1793,46.7,58,47.0,0.6,6.0,0.44,"Horror,Comedy,Animation,Thriller"
USR-1794,73.6,36,64.8,0.55,3.0,0.1,"Action,Sci-Fi,Thriller"
USR-1795,6.3,7,18.7,0.55,26.0,0.51,"Documentary,Drama"
USR-1796,38.7,42,46.5,0.44,3.0,0.21,"Thriller,Drama,Action"
USR-1797,94.7,56,81.5,0.52,1.0,0.18,"Sci-Fi,Thriller"
USR-1798,49.9,42,61.6,0.62,1.0,0.39,"Drama,Thriller,Comedy,Action,Romance"
USR-1799,36.4,42,64.1,0.63,5.0,0.3,"Sci-Fi,Documentary,Action,Drama,Romance"
USR-1800,16.6,17,23.8,0.46,3.0,0.77,Romance
USR-1801,30.0,35,63.2,0.62,5.0,0.22,"Comedy,Documentary,Romance"
USR-1802,3.3,5,24.8,0.8,23.0,0.56,"Drama,Documentary"
USR-1803,14.9,23,23.2,0.31,7.0,0.67,"Comedy,Romance"
USR-1804,71.6,26,69.0,0.63,1.0,0.06,"Thriller,Action,Sci-Fi"
USR-1805,71.0,64,89.9,0.52,3.0,0.11,"Thriller,Action"
USR-1806,0.5,7,8.6,0.58,30.0,0.51,Drama
USR-1807,46.1,53,41.3,0.7,2.0,0.38,"Drama,Documentary,Animation"
USR-1808,37.5,30,37.6,0.57,6.0,0.28,"Action,Documentary,Animation"
USR-1809,4.1,6,23.7,0.43,22.0,0.59,"Comedy,Drama"
USR-1810,5.1,3,17.8,0.22,28.0,0.55,"Documentary,Drama"
USR-1811,12.1,39,24.6,0.49,8.0,0.69,Comedy
USR-1812,4.2,3,16.3,0.36,42.0,0.47,Drama
USR-1813,50.2,57,96.4,0.51,4.0,0.12,"Thriller,Sci-Fi,Action"
USR-1814,69.7,54,73.7,0.65,,0.05,"Thriller,Action"
USR-1815,6.2,34,34.3,0.58,2.0,0.48,"Animation,Thriller,Romance"
USR-1816,5.8,1,5.0,0.44,29.0,0.47,"Drama,Comedy"
USR-1817,8.3,36,29.9,0.51,1.0,0.74,Romance
USR-1818,14.6,29,19.0,0.55,3.0,0.86,"Animation,Comedy"
USR-1819,81.2,39,63.5,0.75,3.0,0.12,"Action,Sci-Fi,Thriller"
USR-1820,19.8,37,27.7,0.32,8.0,0.79,"Comedy,Romance"
USR-1821,28.8,32,39.9,0.43,6.0,0.79,"Comedy,Romance"
USR-1822,40.3,32,39.1,0.43,6.0,0.42,"Horror,Thriller,Drama,Animation,Action"
USR-1823,62.7,63,122.3,0.71,1.0,0.11,"Action,Thriller"
USR-1824,19.2,26,31.1,0.31,8.0,0.69,Comedy
USR-1825,13.7,17,32.8,0.43,7.0,0.6,"Animation,Romance"
USR-1826,28.1,20,21.7,0.49,6.0,0.62,Romance
USR-1827,43.2,37,40.1,0.45,6.0,0.42,"Comedy,Thriller,Horror,Sci-Fi,Drama"
USR-1828,8.9,1,28.4,0.3,39.0,0.7,"Documentary,Drama"
USR-1829,11.4,17,26.1,0.55,2.0,0.86,Romance
USR-1830,59.6,63,99.8,0.64,1.0,0.07,"Sci-Fi,Thriller"
USR-1831,78.7,51,81.3,0.53,1.0,0.07,"Sci-Fi,Action"
USR-1832,1.3,1,5.0,0.64,24.0,0.62,Documentary
USR-1833,36.2,39,32.5,0.5,5.0,0.34,"Romance,Comedy,Drama,Thriller"
USR-1834,41.3,48,54.9,0.54,1.0,0.41,"Thriller,Documentary,Romance"
USR-1835,10.1,38,31.9,0.5,2.0,0.85,"Animation,Romance"
USR-1836,0.5,22,29.4,0.44,6.0,0.74,Comedy
USR-1837,79.3,65,50.1,0.57,2.0,0.08,"Thriller,Sci-Fi,Action"
USR-1838,11.8,32,34.0,0.41,9.0,0.63,Romance
USR-1839,49.7,56,42.8,0.69,1.0,0.34,"Romance,Sci-Fi,Animation,Action"
USR-1840,51.7,30,57.5,0.51,4.0,0.39,"Sci-Fi,Action,Drama,Comedy"
USR-1841,5.7,4,14.5,0.54,43.0,0.35,Drama
USR-1842,33.8,31,58.2,0.62,2.0,0.31,"Sci-Fi,Animation,Comedy"
USR-1843,7.7,7,5.0,0.64,19.0,0.39,"Comedy,Drama"
USR-1844,17.1,25,25.5,0.4,3.0,0.62,Romance
USR-1845,33.8,33,48.5,0.67,2.0,0.26,"Action,Drama,Horror,Romance"
USR-1846,39.8,33,45.4,0.48,1.0,0.27,"Documentary,Action,Thriller,Drama"
USR-1847,53.8,50,78.8,0.75,4.0,0.09,"Action,Sci-Fi"
USR-1848,7.7,5,9.7,0.39,18.0,0.58,Drama
USR-1849,79.5,30,112.1,0.67,1.0,0.05,"Action,Thriller"
USR-1850,24.3,47,41.9,0.65,3.0,0.48,"Action,Sci-Fi,Animation,Romance,Horror"
USR-1851,32.5,44,18.6,0.43,6.0,0.22,"Romance,Documentary,Comedy,Animation,Thriller"
USR-1852,20.7,20,13.8,0.59,1.0,0.82,Animation
USR-1853,58.4,34,73.1,0.51,2.0,0.11,"Action,Sci-Fi"
USR-1854,83.7,37,70.6,0.59,4.0,0.14,"Sci-Fi,Action,Thriller"
USR-1855,14.0,19,29.8,0.53,1.0,0.64,Romance
USR-1856,2.0,2,33.7,0.54,21.0,0.59,Comedy
USR-1857,75.4,66,44.4,0.79,3.0,0.14,"Action,Thriller,Sci-Fi"
USR-1858,17.4,35,35.6,0.51,5.0,0.63,"Romance,Comedy"
USR-1859,19.1,34,38.9,0.51,5.0,0.38,"Action,Horror,Comedy,Sci-Fi,Romance"
USR-1860,59.3,55,68.7,0.64,4.0,0.05,"Thriller,Action,Sci-Fi"
USR-1861,34.4,38,79.3,0.61,6.0,0.44,"Drama,Romance,Horror,Thriller,Action"
USR-1862,69.7,58,64.5,0.6,1.0,0.05,"Action,Thriller"
USR-1863,37.6,55,64.0,0.6,4.0,0.35,"Drama,Animation,Romance,Action"
USR-1864,7.9,2,32.6,0.32,18.0,0.51,"Documentary,Drama"
USR-1865,57.1,43,75.2,0.73,3.0,0.13,"Action,Thriller,Sci-Fi"
USR-1866,37.8,54,57.8,0.62,4.0,0.22,"Thriller,Drama,Documentary,Comedy,Sci-Fi"
USR-1867,46.1,37,71.3,0.54,6.0,0.25,"Romance,Action,Thriller"
USR-1868,18.5,26,29.1,0.34,7.0,0.6,Comedy
USR-1869,3.9,4,14.9,0.46,25.0,0.32,Drama
USR-1870,34.4,38,62.2,0.56,6.0,0.36,"Documentary,Drama,Comedy"
USR-1871,18.1,36,35.1,0.32,4.0,0.81,Comedy
USR-1872,26.3,56,45.3,0.55,3.0,0.35,"Sci-Fi,Romance,Horror"
USR-1873,27.4,41,62.3,0.43,5.0,0.23,"Romance,Sci-Fi,Comedy,Animation,Documentary"
USR-1874,19.6,27,25.0,0.55,7.0,0.85,"Animation,Comedy"
USR-1875,29.3,25,88.9,0.6,4.0,0.1,"Action,Thriller"
USR-1876,3.2,3,27.1,0.66,12.0,0.45,"Drama,Comedy"
USR-1877,54.4,29,78.0,0.5,4.0,0.07,"Sci-Fi,Action"
USR-1878,64.7,52,50.1,0.57,3.0,0.1,"Action,Thriller"
USR-1879,9.9,23,19.6,0.46,1.0,0.77,"Romance,Comedy"
USR-1880,31.0,48,54.1,0.53,1.0,0.47,"Animation,Thriller,Romance,Documentary,Sci-Fi"
USR-1881,66.2,50,56.2,0.48,3.0,0.38,"Drama,Sci-Fi,Animation,Horror,Comedy"
USR-1882,2.8,1,22.5,0.67,38.0,0.3,Comedy
USR-1883,6.3,7,27.8,0.66,23.0,0.67,"Comedy,Documentary"
USR-1884,1.6,5,7.7,0.28,10.0,0.43,"Documentary,Drama"
USR-1885,42.6,56,56.6,0.62,5.0,0.23,"Documentary,Thriller,Romance,Comedy"
USR-1886,2.7,3,5.0,0.47,14.0,0.37,"Comedy,Drama"
USR-1887,83.2,32,37.1,0.63,4.0,0.11,"Thriller,Sci-Fi"
USR-1888,43.4,61,51.0,0.66,3.0,0.08,"Sci-Fi,Thriller,Action"
USR-1889,52.5,35,56.4,0.64,3.0,0.38,"Comedy,Action,Drama,Animation"
USR-1890,49.3,38,120.7,0.8,4.0,0.06,"Thriller,Action"
USR-1891,6.0,3,23.3,0.38,13.0,0.66,Documentary
USR-1892,0.8,7,17.8,0.36,12.0,0.7,"Documentary,Drama"
USR-1893,57.4,50,81.4,0.55,3.0,0.18,"Thriller,Action,Sci-Fi"
USR-1894,4.9,1,15.1,0.51,12.0,0.64,Drama
USR-1895,25.1,44,29.6,0.53,2.0,0.46,"Sci-Fi,Comedy,Horror,Documentary"
USR-1896,6.1,1,18.4,0.54,28.0,0.39,"Drama,Comedy"
USR-1897,66.7,58,52.1,0.7,3.0,0.37,"Sci-Fi,Horror,Action,Romance,Animation"
USR-1898,6.4,7,8.7,0.34,38.0,0.31,"Comedy,Documentary"
USR-1899,5.6,3,20.8,0.56,35.0,0.63,Comedy
USR-1900,0.9,19,38.4,0.58,1.0,0.82,"Animation,Romance"
USR-1901,40.0,31,56.9,0.51,5.0,0.34,"Thriller,Horror,Action,Sci-Fi,Documentary"
USR-1902,5.2,2,9.7,0.69,37.0,0.39,Drama
USR-1903,65.0,43,59.2,0.71,4.0,0.11,"Thriller,Sci-Fi"
USR-1904,3.4,2,29.3,0.55,13.0,0.56,Documentary
USR-1905,93.1,36,68.0,0.5,4.0,0.13,"Sci-Fi,Action"
USR-1906,62.5,41,101.1,0.78,2.0,0.14,"Thriller,Sci-Fi,Action"
USR-1907,25.2,29,25.2,0.5,8.0,0.79,"Comedy,Romance"
USR-1908,5.7,7,24.7,0.52,37.0,0.65,Comedy
USR-1909,33.7,41,34.1,0.65,3.0,0.32,"Sci-Fi,Drama,Romance,Horror"
USR-1910,90.4,47,115.9,0.58,3.0,0.06,"Sci-Fi,Thriller"
USR-1911,49.2,48,49.6,0.58,5.0,0.26,"Horror,Sci-Fi,Documentary"
USR-1912,55.8,50,100.3,0.68,1.0,0.17,"Sci-Fi,Thriller"
USR-1913,11.7,37,24.9,0.51,5.0,0.67,"Comedy,Romance"
USR-1914,11.6,35,32.9,0.5,3.0,0.74,Romance
USR-1915,43.1,34,42.4,0.69,6.0,0.39,"Sci-Fi,Drama,Horror,Romance"
USR-1916,9.5,36,21.7,0.51,8.0,0.68,"Animation,Romance"
USR-1917,61.2,40,78.6,0.53,2.0,0.1,"Sci-Fi,Thriller"
USR-1918,53.3,27,106.8,0.57,4.0,0.2,"Action,Thriller,Sci-Fi"
USR-1919,37.8,30,58.6,0.75,1.0,0.1,"Action,Thriller,Sci-Fi"
USR-1920,31.0,35,25.8,0.31,4.0,0.69,"Romance,Comedy"
USR-1921,4.5,1,25.4,0.59,19.0,0.67,"Documentary,Comedy"
USR-1922,63.3,32,101.0,0.56,3.0,0.14,"Sci-Fi,Thriller,Action"
USR-1923,16.8,36,27.1,0.55,5.0,0.73,Animation
USR-1924,13.3,27,19.6,0.55,9.0,0.61,"Comedy,Animation"
USR-1925,3.4,18,14.1,0.42,8.0,0.75,Animation
USR-1926,10.5,37,26.1,0.4,2.0,0.87,Romance
USR-1927,17.3,26,31.1,0.47,2.0,0.82,"Comedy,Romance"
USR-1928,64.5,49,67.9,0.79,4.0,0.12,"Thriller,Sci-Fi"
USR-1929,4.1,3,41.8,0.56,32.0,0.54,Drama
USR-1930,0.6,2,14.7,0.26,17.0,0.66,"Comedy,Documentary"
USR-1931,51.7,42,43.0,0.66,6.0,0.45,"Horror,Animation,Documentary"
USR-1932,4.1,2,15.7,0.4,24.0,0.51,Drama
USR-1933,5.7,1,26.0,0.64,31.0,0.33,Documentary
USR-1934,14.2,23,18.7,0.51,6.0,0.81,"Animation,Romance"
USR-1935,37.0,41,68.2,0.61,6.0,0.45,"Thriller,Comedy,Romance,Documentary"
USR-1936,15.8,35,9.9,0.54,8.0,0.63,"Romance,Animation"
USR-1937,12.1,16,38.4,0.47,1.0,0.72,Animation
USR-1938,29.5,54,33.1,0.6,1.0,0.28,"Thriller,Documentary,Comedy,Sci-Fi,Animation"
USR-1939,41.0,48,38.0,0.56,1.0,0.35,"Action,Drama,Horror,Romance"
USR-1940,40.2,47,45.0,0.43,1.0,0.41,"Thriller,Drama,Horror,Documentary"
USR-1941,0.5,16,30.6,0.58,7.0,0.63,"Comedy,Romance"
USR-1942,31.4,52,41.7,0.57,5.0,0.44,"Horror,Action,Drama,Thriller,Sci-Fi"
USR-1943,69.6,61,94.5,0.53,3.0,0.11,"Action,Sci-Fi"
USR-1944,21.1,27,31.8,0.4,1.0,0.73,Animation
USR-1945,7.9,32,40.9,0.33,8.0,0.86,Romance
USR-1946,22.1,17,9.9,0.34,7.0,0.64,"Animation,Romance"
USR-1947,5.8,7,10.7,0.62,21.0,0.52,Documentary
USR-1948,15.9,22,25.3,0.47,2.0,0.72,"Animation,Romance"
USR-1949,5.1,2,19.0,0.55,35.0,0.58,"Documentary,Comedy"
USR-1950,21.6,24,34.4,0.53,1.0,0.84,Comedy
USR-1951,6.7,24,38.6,0.59,2.0,0.65,"Comedy,Animation"
USR-1952,5.3,16,11.7,0.54,2.0,0.64,Romance
USR-1953,67.4,61,98.2,0.67,2.0,0.15,"Action,Sci-Fi"
USR-1954,38.0,67,84.4,0.6,1.0,0.09,"Sci-Fi,Action"
USR-1955,73.9,44,111.3,0.56,2.0,0.14,"Sci-Fi,Thriller,Action"
USR-1956,58.1,50,76.5,0.7,2.0,0.12,"Thriller,Action,Sci-Fi"
USR-1957,75.8,55,121.4,0.76,4.0,0.14,"Sci-Fi,Action,Thriller"
USR-1958,18.0,36,18.3,0.54,6.0,0.87,Animation
USR-1959,83.8,62,119.1,0.66,3.0,0.09,"Sci-Fi,Thriller,Action"
USR-1960,78.1,60,133.5,0.77,3.0,0.13,"Action,Sci-Fi"
USR-1961,14.0,17,38.7,0.53,7.0,0.74,"Comedy,Animation"
USR-1962,64.9,45,66.1,0.62,2.0,0.15,"Action,Thriller"
USR-1963,60.4,61,54.0,0.56,1.0,0.17,"Thriller,Action,Sci-Fi"
USR-1964,5.6,2,14.3,0.35,28.0,0.7,"Drama,Comedy"
USR-1965,26.9,29,25.6,0.35,1.0,0.61,Animation
USR-1966,49.9,29,62.7,0.73,4.0,0.11,"Sci-Fi,Thriller"
USR-1967,12.5,20,25.3,0.57,4.0,0.88,"Romance,Comedy"
USR-1968,5.1,4,30.1,0.69,22.0,0.52,"Documentary,Comedy"
USR-1969,21.8,20,36.7,0.54,4.0,0.61,Animation
USR-1970,8.2,2,20.3,0.5,31.0,0.37,Comedy
USR-1971,50.7,53,51.5,0.43,1.0,0.48,"Documentary,Horror,Sci-Fi"
USR-1972,55.7,64,62.8,0.6,3.0,0.16,"Thriller,Action"
USR-1973,86.0,30,68.5,0.59,2.0,0.1,"Thriller,Sci-Fi,Action"
USR-1974,4.9,3,29.0,0.27,35.0,0.39,Comedy
USR-1975,73.0,68,94.1,0.55,2.0,0.15,"Thriller,Action"
USR-1976,14.1,33,25.6,0.54,2.0,0.84,"Comedy,Romance"
USR-1977,20.7,22,27.8,0.56,8.0,0.75,"Animation,Comedy"
USR-1978,12.7,31,30.6,0.35,9.0,0.77,Comedy
USR-1979,67.5,69,89.0,0.64,3.0,0.06,"Thriller,Sci-Fi,Action"
USR-1980,53.4,51,113.7,0.66,4.0,0.12,"Action,Thriller,Sci-Fi"
USR-1981,60.7,60,73.7,0.56,2.0,0.06,"Sci-Fi,Thriller,Action"
USR-1982,39.0,58,38.1,0.59,2.0,0.28,"Horror,Thriller,Action,Drama"
USR-1983,2.2,4,29.4,0.54,29.0,0.63,"Documentary,Drama"
USR-1984,27.7,42,37.3,0.57,4.0,0.27,"Action,Thriller,Sci-Fi,Drama"
USR-1985,11.4,23,24.7,0.47,2.0,0.7,"Romance,Animation"
USR-1986,2.8,4,5.0,0.24,19.0,0.45,Documentary
USR-1987,4.6,4,14.2,0.64,13.0,0.48,Comedy
USR-1988,4.1,7,28.9,0.39,17.0,0.35,Drama
USR-1989,3.1,5,26.2,0.61,12.0,0.42,"Documentary,Comedy"
USR-1990,67.2,49,50.6,0.41,5.0,0.25,"Animation,Horror,Thriller,Drama,Comedy"
USR-1991,90.9,36,87.4,0.66,2.0,0.12,"Action,Sci-Fi"
USR-1992,55.2,67,87.6,0.66,3.0,0.1,"Thriller,Sci-Fi"
USR-1993,91.7,41,80.1,0.57,4.0,0.1,"Thriller,Action,Sci-Fi"
USR-1994,1.8,5,6.1,0.73,37.0,0.37,Comedy
USR-1995,62.2,59,96.8,0.57,1.0,0.12,"Sci-Fi,Action"
USR-1996,31.8,57,38.7,0.54,2.0,0.21,"Sci-Fi,Action,Drama"
USR-1997,24.8,59,37.0,0.59,5.0,0.39,"Romance,Drama,Action,Documentary"
USR-1998,84.0,50,104.4,0.69,2.0,0.18,"Thriller,Action"
USR-1999,14.2,36,20.8,0.51,1.0,0.68,Comedy
USR-2000,8.1,35,26.2,0.35,6.0,0.62,Comedy
USR-2001,15.3,22,36.8,0.37,2.0,0.72,Comedy
USR-2002,7.7,6,21.0,0.23,14.0,0.63,"Drama,Documentary"
USR-2003,78.4,48,106.1,0.62,3.0,0.07,"Sci-Fi,Action"
USR-2004,30.1,53,43.8,0.46,5.0,0.28,"Action,Thriller,Comedy,Documentary,Romance"
USR-2005,3.7,3,14.9,0.71,11.0,0.34,Documentary
USR-2006,22.6,17,28.4,0.45,1.0,0.8,"Comedy,Animation"
USR-2007,82.8,53,79.0,0.68,1.0,0.13,"Action,Sci-Fi"
USR-2008,105.8,66,101.9,0.77,3.0,0.15,"Sci-Fi,Action,Thriller"
USR-2009,12.9,38,32.2,0.39,1.0,0.81,Animation
USR-2010,21.5,36,35.7,0.42,8.0,0.64,"Romance,Comedy"
USR-2011,15.6,31,8.5,0.32,4.0,0.61,Comedy
USR-2012,9.8,38,12.9,0.59,3.0,0.72,"Romance,Comedy"
USR-2013,65.8,67,103.8,0.62,3.0,0.17,"Thriller,Action"
USR-2014,2.7,28,19.5,0.36,9.0,0.79,"Romance,Comedy"
USR-2015,16.2,26,19.8,0.53,2.0,0.83,"Romance,Comedy"
USR-2016,2.8,6,25.4,0.28,21.0,0.41,Comedy
USR-2017,59.3,34,60.8,0.59,3.0,0.39,"Romance,Comedy,Drama,Documentary"
USR-2018,21.9,23,36.1,0.58,5.0,0.79,"Comedy,Animation"
USR-2019,31.3,39,39.5,0.42,1.0,0.26,"Comedy,Horror,Romance"
USR-2020,5.4,6,7.7,0.65,44.0,0.49,Drama
USR-2021,85.4,55,77.7,0.65,2.0,0.2,"Action,Thriller"
USR-2022,24.5,27,18.1,0.32,2.0,0.83,"Animation,Romance"
USR-2023,72.1,56,114.3,0.58,2.0,0.16,"Sci-Fi,Thriller,Action"
USR-2024,48.5,43,48.3,0.63,4.0,0.34,"Romance,Horror,Sci-Fi"
USR-2025,13.9,24,25.5,0.56,7.0,0.78,Comedy
USR-2026,22.9,35,32.1,0.5,3.0,0.89,Comedy
USR-2027,19.2,38,34.3,0.37,1.0,0.78,"Romance,Animation"
USR-2028,60.6,46,93.9,0.54,4.0,0.18,"Action,Sci-Fi,Thriller"
USR-2029,6.6,5,26.5,0.71,37.0,0.56,"Comedy,Drama"
USR-2030,39.4,42,63.2,0.45,5.0,0.45,"Drama,Documentary,Animation"
USR-2031,67.2,43,48.3,0.67,2.0,0.14,"Thriller,Action"
USR-2032,19.4,31,31.9,0.55,6.0,0.71,Comedy
USR-2033,10.0,30,20.4,0.39,8.0,0.84,"Comedy,Romance"
USR-2034,40.8,55,55.4,0.65,5.0,0.42,"Horror,Documentary,Romance"
USR-2035,1.5,2,41.9,0.36,26.0,0.45,Drama
USR-2036,16.7,39,32.9,0.46,3.0,0.77,"Animation,Comedy"
USR-2037,3.5,7,16.8,0.77,32.0,0.34,"Documentary,Comedy"
USR-2038,72.9,36,104.3,0.52,4.0,0.18,"Action,Thriller"
USR-2039,15.5,16,10.9,0.47,3.0,0.72,"Comedy,Romance"
USR-2040,21.9,37,17.5,0.5,4.0,0.89,"Animation,Romance"
USR-2041,12.1,35,48.9,0.51,7.0,0.65,"Romance,Animation"
USR-2042,63.7,44,71.2,0.64,2.0,0.17,"Thriller,Action"
USR-2043,92.1,63,102.4,0.79,2.0,0.13,"Action,Thriller,Sci-Fi"
USR-2044,33.3,32,47.2,0.5,2.0,0.35,"Sci-Fi,Drama,Thriller,Documentary"
USR-2045,42.7,61,62.5,0.77,3.0,0.12,"Sci-Fi,Action"
USR-2046,2.7,1,18.5,0.73,13.0,0.54,"Drama,Documentary"
USR-2047,12.8,24,23.1,0.35,8.0,0.88,"Comedy,Animation"
USR-2048,49.2,36,104.3,0.7,2.0,0.09,"Thriller,Sci-Fi"
USR-2049,4.7,4,27.4,0.32,14.0,0.42,"Comedy,Documentary"
USR-2050,20.5,25,13.2,0.49,8.0,0.71,Comedy
USR-2051,4.9,7,26.7,0.45,33.0,0.35,"Comedy,Documentary"
USR-2052,16.3,54,53.5,0.62,5.0,0.38,"Documentary,Action,Horror,Drama,Comedy"
USR-2053,5.3,6,31.5,0.4,43.0,0.48,Documentary
USR-2054,6.4,6,27.7,0.57,23.0,0.55,"Drama,Documentary"
USR-2055,56.6,68,75.8,0.75,2.0,0.19,"Sci-Fi,Action"
USR-2056,32.1,49,43.9,0.58,5.0,0.32,"Sci-Fi,Comedy,Documentary,Drama"
USR-2057,63.9,38,122.8,0.58,1.0,0.07,"Action,Thriller,Sci-Fi"
USR-2058,6.7,3,33.8,0.24,22.0,0.36,"Drama,Comedy"
USR-2059,47.3,33,34.2,0.44,4.0,0.2,"Horror,Action,Drama,Documentary"
USR-2060,22.7,32,29.6,0.46,9.0,0.85,Romance
USR-2061,63.3,32,83.9,0.66,4.0,0.08,"Thriller,Action,Sci-Fi"
USR-2062,85.3,42,81.1,0.64,4.0,0.13,"Thriller,Action,Sci-Fi"
USR-2063,14.8,36,7.7,0.44,3.0,0.67,Comedy
USR-2064,93.9,64,62.9,0.63,4.0,0.12,"Thriller,Sci-Fi,Action"
USR-2065,1.7,7,15.7,0.72,40.0,0.47,Comedy
USR-2066,20.7,33,31.3,0.37,2.0,0.76,Comedy
USR-2067,23.0,35,31.7,0.45,1.0,0.7,"Comedy,Animation"
USR-2068,0.8,5,20.1,0.25,32.0,0.41,Documentary
USR-2069,2.8,1,42.5,0.67,10.0,0.4,"Documentary,Comedy"
USR-2070,31.9,57,74.7,0.57,3.0,0.3,"Romance,Sci-Fi,Animation"
USR-2071,15.5,23,39.2,0.35,5.0,0.63,Comedy
USR-2072,16.4,37,29.6,0.48,6.0,0.66,Animation
USR-2073,53.8,30,64.7,0.68,4.0,0.21,"Animation,Drama,Horror,Romance,Thriller"
USR-2074,48.7,38,61.1,0.68,2.0,0.38,"Documentary,Animation,Drama"
USR-2075,3.6,7,10.6,0.77,23.0,0.36,Drama
USR-2076,0.5,5,29.8,0.79,26.0,0.44,"Comedy,Drama"
USR-2077,32.6,59,60.3,0.7,2.0,0.41,"Animation,Action,Romance"
USR-2078,2.9,3,7.7,0.46,17.0,0.39,Documentary
USR-2079,11.2,30,31.2,0.31,7.0,0.62,Animation
USR-2080,49.8,42,31.8,0.43,2.0,0.21,"Action,Animation,Drama,Sci-Fi,Thriller"
USR-2081,22.6,31,23.6,0.43,8.0,0.67,"Romance,Comedy"
USR-2082,25.5,28,30.8,0.55,9.0,0.62,"Comedy,Romance"
USR-2083,45.8,59,41.8,0.67,3.0,0.46,"Drama,Sci-Fi,Documentary"
USR-2084,0.7,4,22.3,0.8,44.0,0.37,Comedy
USR-2085,48.2,45,61.4,0.53,3.0,0.47,"Comedy,Action,Drama,Documentary,Romance"
USR-2086,14.2,26,36.0,0.32,3.0,0.75,"Romance,Animation"
USR-2087,12.6,16,21.4,0.42,2.0,0.68,"Comedy,Animation"
USR-2088,67.8,37,106.6,0.57,4.0,0.09,"Sci-Fi,Thriller,Action"
USR-2089,17.5,20,16.9,0.36,6.0,0.74,"Romance,Comedy"
USR-2090,34.3,40,61.0,0.65,4.0,0.45,"Action,Documentary,Thriller,Animation,Comedy"
USR-2091,0.5,21,25.4,0.55,6.0,0.79,"Comedy,Romance"
USR-2092,10.5,38,37.3,0.58,9.0,0.6,"Animation,Comedy"
USR-2093,0.5,5,17.3,0.55,18.0,0.47,Comedy
USR-2094,1.3,1,5.0,0.26,28.0,0.51,"Comedy,Drama"
USR-2095,1.4,6,26.5,0.46,26.0,0.43,Drama
USR-2096,20.0,37,16.5,0.37,1.0,0.85,"Comedy,Romance"
USR-2097,26.4,49,40.5,0.64,5.0,0.41,"Animation,Horror,Documentary,Thriller,Action"
USR-2098,52.3,53,42.4,0.62,6.0,0.35,"Sci-Fi,Thriller,Drama,Romance,Comedy"
USR-2099,14.5,38,42.7,0.47,6.0,0.82,"Comedy,Animation"
USR-2100,4.5,6,21.9,0.24,39.0,0.31,Drama
USR-2101,4.3,4,14.1,0.4,27.0,0.53,Drama
USR-2102,50.4,30,59.2,0.5,5.0,0.46,"Animation,Action,Comedy,Horror"
USR-2103,40.8,56,70.0,0.61,1.0,0.29,"Documentary,Romance,Horror,Action"
USR-2104,5.9,2,18.9,0.41,43.0,0.44,Comedy
USR-2105,3.2,7,32.1,0.74,11.0,0.52,Comedy
USR-2106,48.7,63,70.8,0.64,4.0,0.14,"Sci-Fi,Action"
USR-2107,18.3,18,17.2,0.47,2.0,0.88,Romance
USR-2108,18.5,28,15.7,0.31,7.0,0.76,Animation
USR-2109,7.2,1,24.1,0.76,27.0,0.37,"Comedy,Drama"
USR-2110,59.3,31,86.2,0.7,4.0,0.16,"Action,Sci-Fi,Thriller"
USR-2111,30.1,34,58.6,0.6,4.0,0.49,"Comedy,Horror,Sci-Fi"
USR-2112,4.9,36,24.2,0.32,9.0,0.74,Romance
USR-2113,42.8,34,64.0,0.58,4.0,0.33,"Drama,Action,Thriller,Documentary"
USR-2114,9.3,1,6.8,0.59,19.0,0.4,Comedy
USR-2115,20.2,31,17.6,0.35,8.0,0.83,Comedy
USR-2116,41.4,38,56.7,0.69,6.0,0.48,"Documentary,Drama,Animation,Thriller"
USR-2117,67.4,36,88.9,0.51,3.0,0.16,"Action,Sci-Fi"
USR-2118,16.1,21,18.2,0.4,3.0,0.8,"Romance,Comedy"
USR-2119,11.5,39,28.2,0.59,9.0,0.66,Comedy
USR-2120,2.3,4,17.2,0.73,33.0,0.46,"Drama,Documentary"
USR-2121,15.2,30,27.9,0.56,7.0,0.78,Animation
USR-2122,12.1,31,28.1,0.36,4.0,0.61,"Romance,Animation"
USR-2123,36.1,51,49.6,0.62,2.0,0.37,"Drama,Thriller,Documentary"
USR-2124,14.4,35,25.4,0.59,1.0,0.84,Animation
USR-2125,65.0,29,86.1,0.63,4.0,0.18,"Sci-Fi,Action,Thriller"
USR-2126,19.7,24,30.3,0.45,2.0,0.75,Animation
USR-2127,21.8,23,36.6,0.3,5.0,0.86,Animation
USR-2128,13.6,35,26.6,0.36,6.0,0.7,"Animation,Romance"
USR-2129,48.6,40,20.1,0.68,2.0,0.22,"Horror,Action,Documentary,Animation,Sci-Fi"
USR-2130,72.8,35,101.8,0.69,3.0,0.16,"Action,Sci-Fi,Thriller"
USR-2131,51.5,33,80.8,0.71,2.0,0.13,"Thriller,Action"
USR-2132,0.5,5,21.4,0.24,25.0,0.69,Drama
USR-2133,22.8,31,21.6,0.39,6.0,0.86,Comedy
USR-2134,53.9,40,49.7,0.64,5.0,0.37,"Horror,Sci-Fi,Action"
USR-2135,52.0,42,85.3,0.51,1.0,0.15,"Action,Sci-Fi,Thriller"
USR-2136,50.3,32,60.6,0.53,4.0,0.32,"Action,Horror,Romance,Documentary"
USR-2137,87.0,28,95.6,0.57,1.0,0.06,"Sci-Fi,Thriller"
USR-2138,39.2,41,64.7,0.45,1.0,0.35,"Sci-Fi,Thriller,Romance,Comedy"
USR-2139,22.9,41,71.0,0.59,5.0,0.45,"Comedy,Animation,Action,Horror,Thriller"
USR-2140,19.0,24,43.1,0.45,2.0,0.79,Comedy
USR-2141,39.9,49,46.6,0.46,3.0,0.48,"Comedy,Action,Documentary"
USR-2142,59.7,31,114.3,0.52,2.0,0.08,"Sci-Fi,Thriller,Action"
USR-2143,66.7,35,84.2,0.6,3.0,0.17,"Action,Thriller"
USR-2144,54.2,52,99.1,0.51,3.0,0.18,"Sci-Fi,Thriller"
USR-2145,17.9,27,33.0,0.46,4.0,0.87,Comedy
USR-2146,68.7,52,62.5,0.56,3.0,0.11,"Thriller,Action"
USR-2147,35.7,43,69.8,0.67,4.0,0.34,"Drama,Comedy,Documentary,Horror"
USR-2148,21.9,22,35.2,0.55,4.0,0.78,Animation
USR-2149,45.1,48,30.7,0.68,1.0,0.38,"Thriller,Sci-Fi,Horror,Action,Comedy"
USR-2150,61.0,63,104.1,0.76,3.0,0.13,"Sci-Fi,Action"
USR-2151,3.9,5,29.1,0.22,13.0,0.36,Comedy
USR-2152,23.4,48,49.4,0.52,4.0,0.23,"Sci-Fi,Action,Comedy"
USR-2153,2.6,1,16.4,0.42,10.0,0.61,"Comedy,Documentary"
USR-2154,53.2,45,51.4,0.7,2.0,0.33,"Romance,Horror,Thriller"
USR-2155,7.9,35,30.2,0.4,6.0,0.67,Romance
USR-2156,3.8,7,25.2,0.52,28.0,0.41,"Documentary,Comedy"
USR-2157,62.0,33,61.3,0.61,2.0,0.11,"Action,Thriller,Sci-Fi"
USR-2158,76.2,31,106.2,0.74,1.0,0.12,"Thriller,Action"
USR-2159,20.3,33,29.3,0.6,4.0,0.61,Animation
USR-2160,42.0,32,47.3,0.41,2.0,0.4,"Documentary,Comedy,Romance,Horror,Animation"
USR-2161,8.1,5,21.8,0.27,30.0,0.38,Comedy
USR-2162,69.5,33,101.3,0.62,2.0,0.13,"Action,Sci-Fi"
USR-2163,22.1,20,15.7,0.41,5.0,0.69,Comedy
USR-2164,12.8,31,27.2,0.36,5.0,0.79,Romance
USR-2165,15.4,26,22.8,0.43,3.0,0.85,Animation
USR-2166,41.6,43,41.2,0.65,2.0,0.3,"Romance,Animation,Documentary,Thriller"
USR-2167,27.2,25,35.8,0.59,9.0,0.61,Animation
USR-2168,16.4,53,63.9,0.7,6.0,0.48,"Sci-Fi,Documentary,Action,Drama,Thriller"
USR-2169,76.0,35,74.7,0.74,4.0,0.19,"Thriller,Sci-Fi,Action"
USR-2170,44.5,35,52.9,0.63,1.0,0.24,"Documentary,Horror,Action,Drama"
USR-2171,2.9,5,5.0,0.46,40.0,0.41,Drama
USR-2172,38.0,59,59.5,0.49,3.0,0.2,"Comedy,Thriller,Romance,Animation,Drama"
USR-2173,21.3,32,25.7,0.5,6.0,0.67,Romance
USR-2174,8.2,20,30.6,0.44,5.0,0.7,"Comedy,Romance"
USR-2175,46.6,53,53.6,0.4,6.0,0.37,"Comedy,Documentary,Action"
USR-2176,60.1,52,44.5,0.46,5.0,0.26,"Romance,Action,Animation,Drama"
USR-2177,2.6,4,19.2,0.69,29.0,0.66,Drama
USR-2178,2.2,6,5.0,0.34,30.0,0.49,Drama
USR-2179,64.6,31,79.5,0.7,1.0,0.1,"Action,Sci-Fi,Thriller"
USR-2180,59.5,56,88.5,0.72,1.0,0.12,"Action,Thriller,Sci-Fi"
USR-2181,6.2,7,32.3,0.41,26.0,0.61,Comedy
USR-2182,56.4,27,47.9,0.73,2.0,0.05,"Sci-Fi,Thriller"
USR-2183,37.3,57,57.1,0.57,2.0,0.25,"Comedy,Action,Sci-Fi,Documentary,Drama"
USR-2184,82.8,61,80.7,0.62,1.0,0.19,"Thriller,Action"
USR-2185,41.6,59,52.8,0.41,2.0,0.33,"Thriller,Horror,Sci-Fi,Comedy,Action"
USR-2186,70.9,34,56.7,0.74,2.0,0.07,"Sci-Fi,Thriller,Action"
USR-2187,21.5,41,47.8,0.52,3.0,0.43,"Animation,Documentary,Horror,Thriller"
USR-2188,44.1,31,49.5,0.4,4.0,0.29,"Horror,Animation,Action"
USR-2189,3.8,1,24.3,0.45,24.0,0.54,Drama
USR-2190,2.8,2,28.1,0.45,33.0,0.63,Documentary
USR-2191,13.8,26,30.3,0.46,5.0,0.68,"Comedy,Animation"
USR-2192,42.0,58,41.0,0.6,4.0,0.31,"Romance,Drama,Horror,Animation"
USR-2193,19.6,34,24.9,0.57,6.0,0.76,"Animation,Comedy"
USR-2194,61.5,36,55.7,0.52,3.0,0.32,"Animation,Drama,Comedy,Romance"
USR-2195,14.0,27,12.6,0.56,4.0,0.77,"Romance,Animation"
USR-2196,14.4,37,25.3,0.38,6.0,0.86,"Comedy,Animation"
USR-2197,8.4,4,14.2,0.44,26.0,0.59,"Comedy,Documentary"
USR-2198,41.5,35,74.1,0.66,4.0,0.11,"Action,Thriller,Sci-Fi"
USR-2199,41.0,58,51.9,0.49,2.0,0.44,"Animation,Documentary,Comedy,Action,Drama"
USR-2200,16.0,29,8.7,0.46,6.0,0.65,Animation
USR-2201,25.2,43,30.1,0.59,4.0,0.44,"Drama,Documentary,Horror"
USR-2202,62.2,41,56.5,0.43,6.0,0.47,"Action,Sci-Fi,Horror,Documentary"
USR-2203,32.8,36,26.0,0.64,4.0,0.34,"Romance,Action,Documentary,Comedy"
USR-2204,49.5,49,55.9,0.6,1.0,0.37,"Comedy,Animation,Drama,Romance"
USR-2205,7.3,5,17.1,0.41,10.0,0.5,Documentary
USR-2206,8.4,3,21.6,0.37,12.0,0.66,"Documentary,Comedy"
USR-2207,6.5,4,25.8,0.5,35.0,0.66,Documentary
USR-2208,10.4,18,15.5,0.46,8.0,0.74,Comedy
USR-2209,18.5,25,30.6,0.45,1.0,0.81,"Animation,Comedy"
USR-2210,12.1,23,34.6,0.41,6.0,0.64,"Animation,Romance"
USR-2211,2.2,1,13.5,0.42,31.0,0.61,"Drama,Comedy"
USR-2212,8.6,15,33.3,0.38,4.0,0.84,"Comedy,Animation"
USR-2213,63.7,60,117.2,0.64,4.0,0.19,"Action,Thriller,Sci-Fi"
USR-2214,1.5,4,5.0,0.62,37.0,0.49,Comedy
USR-2215,6.5,6,20.1,0.36,19.0,0.46,"Comedy,Drama"
USR-2216,15.1,30,5.8,0.35,4.0,0.73,Animation
USR-2217,0.5,4,10.8,0.52,35.0,0.42,"Documentary,Comedy"
USR-2218,43.2,41,49.3,0.67,4.0,0.08,"Action,Sci-Fi,Thriller"
USR-2219,52.3,49,104.4,0.54,4.0,0.16,"Action,Sci-Fi"
USR-2220,33.5,53,40.0,0.68,1.0,0.21,"Sci-Fi,Animation,Action"
USR-2221,15.2,37,27.5,0.34,2.0,0.71,"Comedy,Romance"
USR-2222,21.4,31,27.4,0.46,2.0,0.72,Animation
USR-2223,40.7,34,36.6,0.49,2.0,0.43,"Romance,Documentary,Action,Drama,Sci-Fi"
USR-2224,0.5,3,24.3,0.63,29.0,0.46,Comedy
USR-2225,20.2,39,36.7,0.51,3.0,0.78,"Comedy,Animation"
USR-2226,4.2,5,9.9,0.46,10.0,0.53,Comedy
USR-2227,8.9,6,20.9,0.69,17.0,0.47,"Documentary,Drama"
USR-2228,57.2,39,50.8,0.47,3.0,0.5,"Documentary,Action,Romance,Drama"
USR-2229,51.9,54,61.2,0.43,4.0,0.46,"Animation,Romance,Drama,Comedy"
USR-2230,58.8,40,46.3,0.54,2.0,0.5,"Drama,Horror,Comedy"
USR-2231,18.0,17,18.7,0.33,7.0,0.88,Comedy
USR-2232,82.7,60,71.5,0.53,4.0,0.15,"Thriller,Action,Sci-Fi"
USR-2233,1.6,7,7.3,0.35,31.0,0.32,"Drama,Comedy"
USR-2234,18.6,19,28.1,0.53,2.0,0.68,"Comedy,Romance"
USR-2235,20.6,22,5.0,0.49,3.0,0.89,Comedy
USR-2236,17.3,27,37.4,0.42,6.0,0.68,Animation
USR-2237,59.1,28,91.2,0.74,1.0,0.14,"Action,Sci-Fi,Thriller"
USR-2238,0.5,26,9.2,0.55,1.0,0.87,"Romance,Animation"
USR-2239,0.5,5,19.5,0.48,18.0,0.34,Comedy
USR-2240,19.8,32,63.4,0.44,1.0,0.3,"Sci-Fi,Action,Comedy"
USR-2241,90.3,43,71.2,0.73,2.0,0.08,"Action,Sci-Fi,Thriller"
USR-2242,0.8,6,24.5,0.75,36.0,0.32,Drama
USR-2243,26.5,59,63.9,0.69,6.0,0.42,"Sci-Fi,Animation,Thriller,Horror,Drama"
USR-2244,59.5,29,62.8,0.74,2.0,0.16,"Action,Sci-Fi,Thriller"
USR-2245,59.6,44,74.7,0.75,4.0,0.06,"Sci-Fi,Thriller,Action"
USR-2246,6.2,4,25.2,0.4,19.0,0.68,"Drama,Documentary"
USR-2247,63.9,57,83.6,0.56,4.0,0.17,"Action,Thriller,Sci-Fi"
USR-2248,77.9,26,68.4,0.76,1.0,0.14,"Sci-Fi,Thriller"
USR-2249,18.4,37,33.5,0.3,4.0,0.77,"Animation,Romance"
USR-2250,30.4,36,43.4,0.41,5.0,0.41,"Drama,Action,Thriller,Animation,Horror"
USR-2251,16.9,15,30.6,0.53,3.0,0.63,Comedy
USR-2252,5.0,3,19.6,0.76,24.0,0.39,"Documentary,Comedy"
USR-2253,57.2,50,27.7,0.69,3.0,0.35,"Thriller,Action,Sci-Fi,Horror"
USR-2254,16.6,20,37.7,0.46,3.0,0.83,Romance
USR-2255,52.0,40,45.0,0.41,6.0,0.23,"Animation,Romance,Thriller"
USR-2256,40.8,40,70.0,0.52,4.0,0.24,"Thriller,Action,Documentary,Animation"
USR-2257,65.3,27,83.9,0.79,2.0,0.15,"Sci-Fi,Action,Thriller"
USR-2258,20.9,38,23.0,0.5,8.0,0.61,"Comedy,Romance"
USR-2259,16.0,53,58.4,0.42,5.0,0.22,"Thriller,Drama,Documentary"
USR-2260,54.0,50,39.8,0.46,1.0,0.3,"Drama,Action,Romance"
USR-2261,92.0,58,71.8,0.73,1.0,0.12,"Sci-Fi,Thriller,Action"
USR-2262,50.6,31,103.4,0.77,2.0,0.06,"Action,Thriller,Sci-Fi"
USR-2263,31.4,35,64.8,0.65,1.0,0.49,"Animation,Comedy,Action,Documentary"
USR-2264,6.2,24,30.9,0.37,1.0,0.63,Comedy
USR-2265,72.0,33,109.5,0.68,2.0,0.12,"Thriller,Sci-Fi,Action"
USR-2266,13.8,31,25.5,0.53,9.0,0.68,Animation
USR-2267,79.0,33,118.6,0.6,2.0,0.06,"Action,Sci-Fi,Thriller"
USR-2268,47.0,43,48.5,0.47,5.0,0.38,"Documentary,Animation,Drama,Horror"
USR-2269,21.6,27,28.0,0.43,7.0,0.75,"Comedy,Animation"
USR-2270,10.1,5,24.4,0.24,28.0,0.67,Documentary
USR-2271,26.9,20,13.8,0.58,1.0,0.89,"Comedy,Romance"
USR-2272,2.7,2,11.8,0.78,42.0,0.37,Comedy
USR-2273,4.6,1,23.2,0.57,39.0,0.55,Drama
USR-2274,34.6,44,15.2,0.6,6.0,0.3,"Thriller,Documentary,Sci-Fi,Animation"
USR-2275,15.6,23,18.4,0.48,9.0,0.65,Romance
USR-2276,13.2,22,30.7,0.31,7.0,0.62,"Animation,Romance"
USR-2277,62.6,64,80.6,0.73,3.0,0.17,"Thriller,Sci-Fi"
USR-2278,48.7,28,108.7,0.66,4.0,0.2,"Thriller,Sci-Fi"
USR-2279,42.2,41,46.8,0.42,2.0,0.31,"Thriller,Drama,Horror,Sci-Fi"
USR-2280,4.2,1,21.1,0.6,32.0,0.56,"Documentary,Drama"
USR-2281,40.0,28,71.8,0.68,2.0,0.09,"Sci-Fi,Action,Thriller"
USR-2282,8.3,2,6.9,0.33,35.0,0.58,Comedy
USR-2283,73.4,54,82.0,0.6,3.0,0.12,"Sci-Fi,Action,Thriller"
USR-2284,19.6,24,36.9,0.56,5.0,0.74,Animation
USR-2285,71.8,26,83.7,0.5,3.0,0.08,"Sci-Fi,Action,Thriller"
USR-2286,66.5,42,85.5,0.53,1.0,0.1,"Thriller,Sci-Fi,Action"
USR-2287,9.1,27,30.0,0.5,5.0,0.85,Animation
USR-2288,12.6,19,27.9,0.32,9.0,0.87,Animation
USR-2289,17.6,34,9.0,0.42,6.0,0.83,Comedy
USR-2290,10.1,23,15.7,0.48,2.0,0.85,Animation
USR-2291,41.1,45,57.2,0.67,2.0,0.22,"Thriller,Documentary,Drama,Animation,Horror"
USR-2292,36.1,30,49.6,0.54,4.0,0.4,"Sci-Fi,Animation,Romance"
USR-2293,24.3,19,29.5,0.46,2.0,0.76,Animation
USR-2294,13.4,26,27.9,0.34,3.0,0.6,"Animation,Romance"
USR-2295,62.0,34,55.1,0.45,5.0,0.28,"Documentary,Romance,Animation,Drama"
USR-2296,41.9,44,61.7,0.5,4.0,0.3,"Animation,Action,Drama,Horror"
USR-2297,66.7,44,85.0,0.76,3.0,0.12,"Sci-Fi,Thriller,Action"
USR-2298,12.5,29,20.7,0.52,3.0,0.89,Animation
USR-2299,2.2,6,29.8,0.56,10.0,0.35,"Documentary,Drama"
USR-2300,71.1,65,78.3,0.7,4.0,0.11,"Action,Thriller"
USR-2301,12.6,18,29.0,0.44,3.0,0.66,Romance
USR-2302,0.5,4,28.2,0.62,43.0,0.35,Comedy
USR-2303,58.7,41,53.0,0.62,6.0,0.2,"Sci-Fi,Thriller,Horror"
USR-2304,39.5,61,58.9,0.55,1.0,0.1,"Sci-Fi,Action"
USR-2305,14.8,18,27.0,0.57,3.0,0.87,"Animation,Comedy"
USR-2306,25.6,33,55.4,0.69,5.0,0.22,"Comedy,Horror,Action,Drama"
USR-2307,58.2,35,66.9,0.48,5.0,0.44,"Comedy,Drama,Animation"
USR-2308,81.6,35,121.8,0.59,3.0,0.17,"Thriller,Action"
USR-2309,47.8,59,63.4,0.62,5.0,0.47,"Comedy,Thriller,Romance,Documentary"
USR-2310,51.9,61,88.1,0.53,3.0,0.16,"Sci-Fi,Action,Thriller"
USR-2311,86.5,27,105.9,0.78,3.0,0.09,"Sci-Fi,Action"
USR-2312,10.4,39,23.9,0.38,6.0,0.73,Romance
USR-2313,3.6,18,35.0,0.55,8.0,0.76,Romance
USR-2314,3.2,6,25.4,0.36,34.0,0.58,Comedy
USR-2315,85.7,50,100.3,0.67,4.0,0.08,"Sci-Fi,Action,Thriller"
USR-2316,15.9,20,31.5,0.39,4.0,0.76,"Romance,Animation"
USR-2317,57.7,45,100.5,0.72,2.0,0.2,"Sci-Fi,Thriller,Action"
USR-2318,8.0,32,22.5,0.37,8.0,0.77,"Animation,Romance"
USR-2319,4.2,17,21.9,0.55,9.0,0.6,"Comedy,Animation"
USR-2320,18.9,25,28.0,0.43,4.0,0.63,Animation
USR-2321,16.0,19,18.2,0.56,2.0,0.83,"Comedy,Romance"
USR-2322,49.9,45,39.0,0.53,5.0,0.28,"Action,Horror,Sci-Fi"
USR-2323,61.7,33,56.6,0.58,6.0,0.24,"Romance,Sci-Fi,Documentary,Thriller"
USR-2324,75.1,27,101.1,0.74,3.0,0.14,"Sci-Fi,Action,Thriller"
USR-2325,74.3,66,124.7,0.77,3.0,0.06,"Action,Thriller"
USR-2326,52.6,28,87.4,0.51,1.0,0.15,"Thriller,Sci-Fi"
USR-2327,54.7,48,62.9,0.57,3.0,0.13,"Sci-Fi,Action"
USR-2328,5.6,38,23.5,0.59,5.0,0.82,"Comedy,Animation"
USR-2329,32.1,43,65.6,0.47,6.0,0.3,"Comedy,Romance,Animation"
USR-2330,54.4,58,64.5,0.46,1.0,0.25,"Action,Comedy,Drama,Romance,Thriller"
USR-2331,9.7,25,21.1,0.52,3.0,0.65,"Romance,Comedy"
USR-2332,74.6,54,68.5,0.73,1.0,0.07,"Thriller,Action,Sci-Fi"
USR-2333,69.2,39,52.5,0.71,3.0,0.2,"Action,Sci-Fi"
USR-2334,13.7,27,45.2,0.59,1.0,0.68,Comedy
USR-2335,11.0,27,25.7,0.52,8.0,0.65,Romance
USR-2336,89.7,69,81.4,0.68,3.0,0.11,"Thriller,Sci-Fi"
USR-2337,72.1,56,30.6,0.67,1.0,0.09,"Thriller,Sci-Fi,Action"
USR-2338,52.2,47,79.5,0.78,3.0,0.11,"Action,Thriller"
USR-2339,0.9,4,15.9,0.51,24.0,0.66,"Documentary,Drama"
USR-2340,16.0,35,24.3,0.44,1.0,0.84,Animation
USR-2341,19.7,21,9.8,0.49,1.0,0.67,"Romance,Animation"
USR-2342,2.8,4,23.7,0.44,38.0,0.37,Documentary
USR-2343,15.5,15,19.4,0.32,5.0,0.79,"Animation,Romance"
USR-2344,15.1,28,9.8,0.47,9.0,0.63,"Comedy,Animation"
USR-2345,56.1,41,93.3,0.7,2.0,0.11,"Action,Sci-Fi,Thriller"
USR-2346,14.9,17,17.2,0.57,5.0,0.87,Romance
USR-2347,61.1,49,94.9,0.67,1.0,0.14,"Action,Sci-Fi,Thriller"
USR-2348,10.7,48,50.0,0.56,6.0,0.35,"Action,Thriller,Drama,Documentary,Comedy"
USR-2349,20.4,34,5.0,0.54,9.0,0.86,Comedy
USR-2350,22.6,19,32.4,0.32,8.0,0.69,"Animation,Romance"
USR-2351,27.6,41,57.7,0.49,5.0,0.41,"Comedy,Horror,Action"
USR-2352,70.4,47,72.9,0.6,1.0,0.12,"Sci-Fi,Thriller"
USR-2353,43.1,32,37.5,0.69,1.0,0.35,"Drama,Comedy,Thriller,Animation"
USR-2354,52.9,44,96.7,0.52,3.0,0.19,"Action,Thriller"
USR-2355,21.2,28,19.3,0.46,3.0,0.88,Romance
USR-2356,35.9,38,61.2,0.69,2.0,0.44,"Thriller,Documentary,Action,Sci-Fi"
USR-2357,1.9,3,27.0,0.64,22.0,0.31,Comedy
USR-2358,0.5,5,30.9,0.55,19.0,0.6,Drama
USR-2359,11.7,15,20.8,0.5,5.0,0.71,"Animation,Comedy"
USR-2360,20.2,19,18.4,0.43,1.0,0.76,Romance
USR-2361,17.3,20,22.1,0.59,5.0,0.88,Animation
USR-2362,41.2,44,43.7,0.52,3.0,0.45,"Drama,Documentary,Action"
USR-2363,62.4,55,87.3,0.77,1.0,0.09,"Thriller,Sci-Fi,Action"
USR-2364,74.4,55,86.2,0.79,2.0,0.15,"Action,Thriller,Sci-Fi"
USR-2365,78.2,38,74.0,0.6,1.0,0.16,"Thriller,Sci-Fi,Action"
USR-2366,49.2,59,75.8,0.77,4.0,0.16,"Thriller,Sci-Fi"
USR-2367,22.5,35,22.8,0.53,1.0,0.72,Animation
USR-2368,2.3,1,17.5,0.55,22.0,0.53,"Drama,Comedy"
USR-2369,46.7,44,53.2,0.43,4.0,0.25,"Action,Drama,Romance,Horror"
USR-2370,10.4,29,23.2,0.46,2.0,0.88,Comedy
USR-2371,37.9,49,48.2,0.59,1.0,0.36,"Documentary,Thriller,Animation,Horror,Romance"
USR-2372,92.2,54,96.6,0.7,1.0,0.11,"Sci-Fi,Thriller,Action"
USR-2373,24.3,37,14.0,0.39,6.0,0.71,Romance
USR-2374,83.0,46,85.3,0.63,4.0,0.19,"Sci-Fi,Action"
USR-2375,7.4,20,11.8,0.32,4.0,0.89,Animation
USR-2376,65.1,62,81.1,0.59,3.0,0.13,"Action,Thriller"
USR-2377,75.8,44,90.4,0.7,1.0,0.18,"Action,Sci-Fi,Thriller"
USR-2378,11.3,20,20.3,0.55,1.0,0.81,Comedy
USR-2379,5.3,2,5.0,0.27,32.0,0.64,Drama
USR-2380,6.6,3,29.4,0.46,25.0,0.53,Drama
USR-2381,14.8,32,26.4,0.36,7.0,0.7,"Comedy,Animation"
USR-2382,45.5,58,77.7,0.72,3.0,0.09,"Thriller,Action"
USR-2383,34.0,38,38.6,0.44,2.0,0.46,"Documentary,Action,Drama,Horror,Romance"
USR-2384,44.9,38,97.2,0.74,4.0,0.18,"Thriller,Action,Sci-Fi"
USR-2385,47.9,32,49.0,0.56,2.0,0.22,"Thriller,Drama,Horror"
USR-2386,83.7,28,87.7,0.66,2.0,0.12,"Thriller,Sci-Fi,Action"
USR-2387,34.0,30,53.9,0.55,3.0,0.26,"Animation,Thriller,Drama,Romance,Documentary"
USR-2388,0.7,6,8.2,0.5,44.0,0.43,"Documentary,Drama"
USR-2389,21.8,27,25.2,0.57,8.0,0.83,Comedy
USR-2390,21.6,22,15.6,0.43,3.0,0.69,Comedy
USR-2391,5.5,4,16.1,0.26,24.0,0.59,"Documentary,Comedy"
USR-2392,23.0,55,55.8,0.51,4.0,0.46,"Thriller,Documentary,Action"
USR-2393,65.6,32,82.0,0.57,1.0,0.18,"Sci-Fi,Action,Thriller"
USR-2394,4.9,2,5.0,0.25,26.0,0.42,"Comedy,Drama"
USR-2395,30.6,36,66.4,0.47,1.0,0.48,"Thriller,Sci-Fi,Drama,Romance,Documentary"
USR-2396,34.2,55,23.4,0.57,2.0,0.39,"Sci-Fi,Documentary,Comedy,Horror,Animation"
USR-2397,28.4,34,57.9,0.54,5.0,0.35,"Animation,Romance,Comedy"
USR-2398,43.5,42,54.3,0.44,2.0,0.28,"Thriller,Drama,Comedy"
USR-2399,6.8,6,13.3,0.66,44.0,0.59,Documentary
USR-2400,44.5,50,46.8,0.65,2.0,0.44,"Horror,Romance,Action,Thriller,Animation"
USR-2401,29.4,53,63.9,0.57,2.0,0.33,"Horror,Animation,Action"
USR-2402,6.7,18,25.1,0.47,2.0,0.86,"Comedy,Animation"
USR-2403,4.6,1,30.5,0.79,28.0,0.39,Documentary
USR-2404,22.6,21,33.7,0.51,9.0,0.72,"Comedy,Romance"
USR-2405,9.2,37,30.9,0.45,4.0,0.79,"Romance,Animation"
USR-2406,32.7,41,63.0,0.46,4.0,0.48,"Animation,Comedy,Horror"
USR-2407,7.0,3,30.3,0.7,28.0,0.32,Comedy
USR-2408,13.2,35,33.0,0.55,2.0,0.61,"Comedy,Romance"
USR-2409,61.4,67,91.6,0.72,4.0,0.13,"Sci-Fi,Action"
USR-2410,17.0,15,19.9,0.36,9.0,0.62,Animation
USR-2411,53.9,45,85.5,0.72,1.0,0.13,"Thriller,Action"
USR-2412,2.1,6,11.7,0.71,25.0,0.31,Documentary
USR-2413,52.4,37,70.8,0.54,4.0,0.32,"Drama,Animation,Action"
USR-2414,2.1,6,12.4,0.78,40.0,0.65,Drama
USR-2415,38.5,46,33.1,0.46,1.0,0.24,"Thriller,Documentary,Horror,Action,Animation"
USR-2416,6.8,21,19.5,0.44,4.0,0.78,Comedy
USR-2417,33.7,41,51.5,0.7,6.0,0.37,"Horror,Comedy,Drama,Action"
USR-2418,24.3,27,32.5,0.44,4.0,0.79,"Comedy,Romance"
USR-2419,27.3,38,24.9,0.43,5.0,0.6,Romance
USR-2420,0.9,7,5.0,0.24,16.0,0.4,Drama
USR-2421,14.1,37,33.3,0.32,5.0,0.86,"Animation,Comedy"
USR-2422,1.6,4,23.0,0.73,18.0,0.65,"Documentary,Drama"
USR-2423,4.1,5,32.2,0.37,33.0,0.69,Comedy
USR-2424,17.6,20,16.4,0.54,5.0,0.67,Comedy
USR-2425,61.9,30,106.4,0.64,3.0,0.09,"Action,Thriller"
USR-2426,3.0,6,33.3,0.74,39.0,0.35,Drama
USR-2427,15.8,32,24.3,0.33,1.0,0.82,"Romance,Animation"
USR-2428,25.3,61,91.8,0.74,2.0,0.14,"Thriller,Sci-Fi"
USR-2429,30.7,39,42.1,0.46,4.0,0.24,"Romance,Thriller,Action,Documentary,Sci-Fi"
USR-2430,36.6,49,42.4,0.53,5.0,0.42,"Sci-Fi,Thriller,Documentary,Romance,Action"
USR-2431,51.9,45,43.6,0.55,5.0,0.43,"Thriller,Romance,Drama"
USR-2432,18.9,32,6.4,0.53,1.0,0.86,"Animation,Romance"
USR-2433,50.3,59,98.2,0.8,2.0,0.09,"Action,Sci-Fi,Thriller"
USR-2434,19.4,19,17.3,0.58,5.0,0.81,"Comedy,Animation"
USR-2435,0.9,4,24.7,0.55,23.0,0.69,"Documentary,Drama"
USR-2436,64.6,33,95.5,0.54,2.0,0.1,"Action,Thriller,Sci-Fi"
USR-2437,51.1,40,74.3,0.59,2.0,0.09,"Thriller,Action,Sci-Fi"
USR-2438,3.1,4,30.9,0.78,37.0,0.38,Drama
USR-2439,106.7,25,100.9,0.69,4.0,0.07,"Action,Thriller,Sci-Fi"
USR-2440,40.4,46,37.0,0.51,3.0,0.42,"Romance,Comedy,Thriller"
USR-2441,8.2,34,27.7,0.32,3.0,0.75,"Animation,Comedy"
USR-2442,8.7,38,16.2,0.38,8.0,0.8,Comedy
USR-2443,3.7,7,17.2,0.51,10.0,0.66,Comedy
USR-2444,27.6,37,21.3,0.54,6.0,0.64,Romance
USR-2445,81.4,51,100.1,0.72,4.0,0.13,"Thriller,Action"
USR-2446,10.6,23,13.2,0.38,2.0,0.79,Romance
USR-2447,27.1,33,47.0,0.56,3.0,0.81,Romance
USR-2448,39.2,34,62.0,0.63,1.0,0.42,"Thriller,Horror,Action"
USR-2449,45.3,55,89.8,0.51,4.0,0.16,"Sci-Fi,Action,Thriller"
USR-2450,1.1,3,24.3,0.57,25.0,0.67,Documentary
USR-2451,14.7,19,24.4,0.52,7.0,0.73,Romance
USR-2452,2.9,5,22.3,0.4,34.0,0.44,Documentary
USR-2453,40.8,30,54.5,0.47,3.0,0.41,"Horror,Action,Documentary"
USR-2454,2.5,6,25.7,0.57,23.0,0.38,"Drama,Documentary"
USR-2455,67.7,47,109.5,0.61,3.0,0.18,"Sci-Fi,Action,Thriller"
USR-2456,67.5,39,70.1,0.61,3.0,0.1,"Sci-Fi,Thriller,Action"
USR-2457,23.7,36,20.3,0.45,,0.8,Romance
USR-2458,7.6,1,5.0,0.68,27.0,0.63,Comedy
USR-2459,31.3,52,46.4,0.68,2.0,0.24,"Action,Thriller,Comedy,Horror"
USR-2460,7.4,17,25.4,0.48,3.0,0.75,Comedy
USR-2461,87.1,29,93.2,0.62,2.0,0.05,"Sci-Fi,Thriller"
USR-2462,55.2,27,88.9,0.6,1.0,0.07,"Thriller,Action"
USR-2463,47.3,69,116.2,0.66,3.0,0.08,"Sci-Fi,Action"
USR-2464,9.4,21,28.3,0.53,2.0,0.87,Comedy
USR-2465,1.7,7,14.3,0.68,41.0,0.52,"Drama,Documentary"
USR-2466,25.4,49,36.2,0.5,4.0,0.33,"Romance,Action,Thriller"
USR-2467,17.3,37,56.4,0.61,3.0,0.36,"Drama,Romance,Documentary"
USR-2468,2.9,4,10.3,0.38,14.0,0.42,"Documentary,Drama"
USR-2469,70.4,60,108.3,0.53,2.0,0.09,"Sci-Fi,Thriller"
USR-2470,45.5,57,82.4,0.7,4.0,0.12,"Action,Thriller"
USR-2471,51.0,46,63.3,0.46,5.0,0.28,"Sci-Fi,Drama,Comedy"
USR-2472,49.7,62,77.4,0.71,4.0,0.18,"Action,Sci-Fi,Thriller"
USR-2473,21.8,30,5.0,0.5,5.0,0.89,"Romance,Animation"
USR-2474,37.1,38,62.0,0.63,2.0,0.45,"Thriller,Documentary,Sci-Fi,Romance,Action"
USR-2475,36.4,30,58.5,0.49,2.0,0.3,"Sci-Fi,Romance,Comedy"
USR-2476,84.3,31,86.6,0.58,4.0,0.14,"Sci-Fi,Action,Thriller"
USR-2477,3.5,17,39.2,0.37,4.0,0.69,Animation
USR-2478,85.5,59,84.1,0.53,4.0,0.07,"Sci-Fi,Thriller,Action"
USR-2479,11.9,26,21.8,0.53,7.0,0.67,"Comedy,Romance"
USR-2480,24.7,37,18.8,0.59,6.0,0.86,Romance
USR-2481,63.9,41,51.8,0.62,3.0,0.12,"Sci-Fi,Action"
USR-2482,8.1,1,28.5,0.2,36.0,0.53,Documentary
USR-2483,3.8,6,21.8,0.31,,0.38,"Drama,Comedy"
USR-2484,63.0,37,67.2,0.73,3.0,0.13,"Sci-Fi,Action,Thriller"
USR-2485,7.2,3,19.2,0.38,21.0,0.42,"Drama,Comedy"
USR-2486,4.2,1,29.2,0.64,32.0,0.37,Documentary
USR-2487,4.0,6,5.0,0.66,21.0,0.44,Drama
USR-2488,86.6,65,83.9,0.57,4.0,0.15,"Thriller,Sci-Fi"
USR-2489,43.2,44,70.3,0.66,1.0,0.27,"Sci-Fi,Thriller,Drama,Animation,Action"
USR-2490,4.0,2,18.1,0.23,31.0,0.47,"Documentary,Drama"
USR-2491,36.3,39,45.8,0.67,4.0,0.45,"Action,Sci-Fi,Horror"
USR-2492,82.7,54,121.7,0.77,4.0,0.18,"Sci-Fi,Action,Thriller"
USR-2493,60.5,39,76.1,0.74,2.0,0.14,"Action,Sci-Fi"
USR-2494,9.0,30,20.6,0.54,8.0,0.9,"Comedy,Romance"
USR-2495,53.8,45,46.9,0.44,6.0,0.23,"Thriller,Romance,Documentary,Comedy,Sci-Fi"
USR-2496,6.3,6,24.1,0.3,41.0,0.6,Documentary
USR-2497,5.0,2,15.8,0.7,11.0,0.61,Documentary
USR-2498,74.5,29,124.7,0.54,4.0,0.14,"Thriller,Action"
USR-2499,22.9,48,38.3,0.64,4.0,0.39,"Comedy,Horror,Documentary"
USR-2500,0.7,3,24.3,0.22,27.0,0.35,Drama
USR-2501,11.7,37,27.6,0.43,5.0,0.79,Romance
USR-2502,6.2,1,40.5,0.52,22.0,0.5,"Documentary,Comedy"
USR-2503,29.7,45,51.2,0.5,4.0,0.3,"Thriller,Action,Sci-Fi,Animation"
USR-2504,3.2,6,24.8,0.48,12.0,0.66,"Documentary,Drama"
USR-2505,5.2,7,19.7,0.52,11.0,0.54,"Drama,Comedy"
USR-2506,47.3,40,46.6,0.41,6.0,0.47,"Action,Sci-Fi,Drama,Horror,Documentary"
USR-2507,59.6,56,91.2,0.76,1.0,0.13,"Action,Thriller,Sci-Fi"
USR-2508,33.2,34,53.7,0.5,6.0,0.31,"Horror,Romance,Thriller,Sci-Fi"
USR-2509,16.1,45,41.5,0.63,2.0,0.47,"Animation,Comedy,Romance,Thriller,Sci-Fi"
USR-2510,6.3,6,15.3,0.26,11.0,0.64,"Documentary,Comedy"
USR-2511,14.5,36,29.5,0.52,6.0,0.74,Comedy
USR-2512,21.5,25,21.3,0.52,5.0,0.89,"Romance,Comedy"
USR-2513,53.6,38,71.4,0.47,5.0,0.3,"Horror,Action,Drama"
USR-2514,31.8,32,56.4,0.49,1.0,0.49,"Drama,Horror,Sci-Fi"
USR-2515,84.3,54,82.5,0.56,2.0,0.2,"Sci-Fi,Thriller"
USR-2516,23.2,30,20.4,0.46,6.0,0.7,"Romance,Comedy"
USR-2517,1.1,2,20.7,0.31,31.0,0.32,Drama
USR-2518,6.7,6,17.7,0.25,13.0,0.54,"Comedy,Drama"
USR-2519,55.2,47,49.3,0.44,1.0,0.32,"Comedy,Horror,Sci-Fi,Romance"
USR-2520,17.3,37,5.0,0.49,7.0,0.77,"Comedy,Romance"
USR-2521,12.2,34,29.4,0.57,8.0,0.87,Animation
USR-2522,20.1,16,22.7,0.45,9.0,0.68,"Animation,Romance"
USR-2523,18.4,38,16.6,0.51,6.0,0.75,Animation
USR-2524,20.8,38,36.2,0.31,2.0,0.71,"Comedy,Romance"
USR-2525,16.7,30,32.3,0.42,5.0,0.67,Romance
USR-2526,16.8,28,29.2,0.5,4.0,0.75,Romance
USR-2527,45.1,35,25.8,0.52,3.0,0.26,"Sci-Fi,Horror,Action,Thriller"
USR-2528,87.1,25,90.8,0.76,2.0,0.06,"Thriller,Sci-Fi,Action"
USR-2529,56.9,67,94.4,0.51,4.0,0.19,"Thriller,Action,Sci-Fi"
USR-2530,81.4,29,78.2,0.59,1.0,0.09,"Action,Sci-Fi"
USR-2531,68.0,34,65.6,0.6,1.0,0.36,"Thriller,Comedy,Documentary"
USR-2532,8.4,30,25.8,0.32,2.0,0.84,Animation
USR-2533,45.8,61,70.0,0.58,4.0,0.14,"Action,Thriller,Sci-Fi"
USR-2534,9.3,35,26.1,0.35,2.0,0.65,Romance
USR-2535,77.1,69,79.1,0.7,2.0,0.11,"Action,Thriller,Sci-Fi"
USR-2536,4.8,1,31.3,0.32,26.0,0.65,Drama
USR-2537,69.1,54,54.4,0.55,5.0,0.37,"Comedy,Action,Documentary"
USR-2538,14.5,21,33.8,0.5,9.0,0.82,"Romance,Comedy"
USR-2539,41.1,38,54.0,0.57,3.0,0.32,"Comedy,Thriller,Animation,Documentary"
USR-2540,25.1,52,45.3,0.65,3.0,0.49,"Thriller,Comedy,Romance,Animation,Drama"
USR-2541,28.5,51,53.7,0.69,4.0,0.23,"Romance,Action,Animation,Horror,Sci-Fi"
USR-2542,84.7,36,84.9,0.59,2.0,0.17,"Action,Sci-Fi,Thriller"
USR-2543,13.0,31,30.1,0.44,2.0,0.8,Comedy
USR-2544,16.5,55,31.3,0.62,2.0,0.3,"Drama,Documentary,Romance,Horror,Comedy"
USR-2545,15.2,29,26.1,0.32,9.0,0.82,"Animation,Romance"
USR-2546,9.6,5,20.3,0.61,37.0,0.64,Comedy
USR-2547,81.6,68,103.1,0.78,1.0,0.11,"Action,Thriller"
USR-2548,40.2,52,88.5,0.72,1.0,0.08,"Action,Thriller"
USR-2549,44.2,38,34.0,0.68,2.0,0.47,"Horror,Comedy,Romance,Animation,Sci-Fi"
USR-2550,66.0,42,69.9,0.68,4.0,0.11,"Sci-Fi,Thriller,Action"
USR-2551,74.9,58,66.9,0.59,1.0,0.13,"Sci-Fi,Thriller,Action"
USR-2552,63.2,53,90.2,0.6,4.0,0.07,"Sci-Fi,Thriller"
USR-2553,27.3,36,25.9,0.57,5.0,0.62,Comedy
USR-2554,14.6,30,30.8,0.46,9.0,0.87,"Comedy,Romance"
USR-2555,58.8,52,106.0,0.57,3.0,0.08,"Action,Thriller"
USR-2556,39.0,37,42.4,0.63,2.0,0.07,"Thriller,Sci-Fi"
USR-2557,12.8,33,31.6,0.54,2.0,0.75,"Animation,Comedy"
USR-2558,84.8,47,74.0,0.76,1.0,0.11,"Thriller,Sci-Fi"
USR-2559,11.9,16,21.5,0.49,5.0,0.71,Comedy
USR-2560,23.0,26,19.9,0.35,5.0,0.87,"Animation,Romance"
USR-2561,0.5,6,24.5,0.53,36.0,0.53,"Drama,Comedy"
USR-2562,24.7,17,21.9,0.38,6.0,0.75,Animation
USR-2563,50.0,46,56.4,0.46,1.0,0.41,"Romance,Drama,Horror"
USR-2564,7.6,19,30.4,0.49,3.0,0.82,"Animation,Comedy"
USR-2565,2.6,1,5.0,0.73,28.0,0.51,Documentary
USR-2566,73.8,49,65.8,0.54,1.0,0.15,"Action,Thriller"
USR-2567,3.8,6,20.5,0.65,17.0,0.6,Documentary
USR-2568,60.2,31,84.2,0.53,1.0,0.08,"Action,Sci-Fi,Thriller"
USR-2569,49.9,57,91.6,0.61,4.0,0.08,"Sci-Fi,Action,Thriller"
USR-2570,52.7,42,73.6,0.52,1.0,0.18,"Action,Sci-Fi"
USR-2571,13.0,32,21.1,0.47,4.0,0.64,"Comedy,Animation"
USR-2572,32.2,55,47.5,0.52,5.0,0.24,"Comedy,Action,Thriller,Horror,Drama"
USR-2573,81.2,27,88.6,0.66,4.0,0.11,"Sci-Fi,Thriller,Action"
USR-2574,14.8,26,18.8,0.3,6.0,0.88,"Animation,Romance"
USR-2575,4.3,5,13.9,0.45,20.0,0.51,"Drama,Comedy"
USR-2576,71.8,63,87.8,0.76,4.0,0.16,"Action,Sci-Fi"
USR-2577,7.5,6,7.3,0.22,41.0,0.43,"Drama,Documentary"
USR-2578,60.4,53,41.6,0.47,4.0,0.43,"Drama,Thriller,Animation,Horror"
USR-2579,8.3,15,31.4,0.43,5.0,0.7,Comedy
USR-2580,30.3,32,45.6,0.45,5.0,0.31,"Horror,Sci-Fi,Thriller,Documentary,Animation"
USR-2581,6.3,7,12.3,0.25,33.0,0.37,"Documentary,Drama"
USR-2582,17.3,21,5.0,0.52,3.0,0.89,"Romance,Comedy"
USR-2583,55.0,54,57.5,0.67,1.0,0.08,"Action,Sci-Fi,Thriller"
USR-2584,43.9,60,75.4,0.62,1.0,0.2,"Thriller,Action"
USR-2585,66.2,35,102.8,0.76,2.0,0.13,"Sci-Fi,Action,Thriller"
USR-2586,76.0,68,74.7,0.78,3.0,0.2,"Action,Sci-Fi,Thriller"
USR-2587,31.1,67,111.6,0.69,1.0,0.11,"Sci-Fi,Action,Thriller"
USR-2588,5.5,19,41.0,0.57,3.0,0.76,Animation
USR-2589,31.6,54,48.5,0.48,1.0,0.31,"Drama,Comedy,Thriller,Horror,Action"
USR-2590,2.5,1,25.3,0.54,14.0,0.63,"Comedy,Documentary"
USR-2591,1.8,6,15.3,0.57,37.0,0.62,"Drama,Comedy"
USR-2592,55.7,54,41.4,0.63,1.0,0.32,"Drama,Animation,Horror,Romance,Sci-Fi"
USR-2593,20.1,28,6.7,0.52,1.0,0.72,"Animation,Comedy"
USR-2594,6.5,4,15.4,0.74,19.0,0.43,"Comedy,Documentary"
USR-2595,44.4,49,116.9,0.6,4.0,0.08,"Thriller,Sci-Fi"
USR-2596,34.3,42,97.8,0.52,1.0,0.13,"Action,Thriller"
USR-2597,70.2,49,78.3,0.57,4.0,0.11,"Thriller,Action,Sci-Fi"
USR-2598,43.5,36,32.0,0.56,4.0,0.49,"Thriller,Horror,Romance,Drama,Documentary"
USR-2599,13.6,26,11.2,0.4,6.0,0.61,"Comedy,Animation"
USR-2600,35.7,37,63.7,0.69,3.0,0.39,"Action,Drama,Animation"
USR-2601,18.3,39,14.9,0.4,7.0,0.61,Comedy
USR-2602,2.6,7,27.6,0.47,38.0,0.49,"Comedy,Drama"
USR-2603,1.0,3,36.6,0.63,12.0,0.39,Documentary
USR-2604,16.0,26,28.9,0.31,5.0,0.79,Animation
USR-2605,38.7,51,93.7,0.61,4.0,0.17,"Sci-Fi,Action"
USR-2606,42.5,39,47.5,0.6,4.0,0.28,"Thriller,Sci-Fi,Animation,Documentary,Comedy"
USR-2607,60.7,39,69.9,0.62,1.0,0.07,"Action,Sci-Fi,Thriller"
USR-2608,48.4,49,38.6,0.59,3.0,0.38,"Comedy,Documentary,Thriller,Animation"
USR-2609,19.1,33,7.9,0.51,9.0,0.74,"Comedy,Romance"
USR-2610,9.0,23,43.3,0.4,3.0,0.73,"Comedy,Animation"
USR-2611,10.9,1,17.3,0.32,27.0,0.65,Drama
USR-2612,6.5,7,27.6,0.75,22.0,0.56,Drama
USR-2613,30.7,41,51.4,0.42,6.0,0.26,"Sci-Fi,Comedy,Animation,Action,Drama"
USR-2614,46.1,54,34.6,0.46,2.0,0.25,"Comedy,Thriller,Documentary,Romance"
USR-2615,31.1,44,76.7,0.52,5.0,0.22,"Animation,Thriller,Comedy,Sci-Fi,Drama"
USR-2616,45.5,46,57.1,0.57,3.0,0.26,"Sci-Fi,Comedy,Romance"
USR-2617,20.2,32,20.3,0.6,9.0,0.9,Romance
USR-2618,2.4,2,27.0,0.63,28.0,0.69,"Documentary,Drama"
USR-2619,45.4,33,46.8,0.56,6.0,0.5,"Comedy,Action,Drama,Horror"
USR-2620,15.7,16,27.1,0.37,6.0,0.72,Animation
USR-2621,81.7,53,74.0,0.59,1.0,0.19,"Thriller,Sci-Fi,Action"
USR-2622,6.8,39,24.8,0.38,4.0,0.66,Comedy
USR-2623,16.2,19,33.2,0.43,2.0,0.89,"Animation,Comedy"
USR-2624,39.9,65,84.9,0.62,1.0,0.15,"Sci-Fi,Action"
USR-2625,12.2,31,14.6,0.3,2.0,0.78,Animation
USR-2626,27.7,54,47.5,0.65,3.0,0.26,"Action,Documentary,Romance,Thriller"
USR-2627,44.1,56,39.1,0.57,5.0,0.42,"Animation,Thriller,Drama"
USR-2628,54.0,47,47.1,0.55,3.0,0.34,"Horror,Comedy,Action"
USR-2629,1.8,4,36.9,0.35,28.0,0.63,Drama
USR-2630,48.5,63,97.1,0.68,2.0,0.08,"Thriller,Sci-Fi,Action"
USR-2631,74.0,67,94.6,0.72,3.0,0.06,"Thriller,Sci-Fi"
USR-2632,11.1,22,22.4,0.52,9.0,0.81,"Comedy,Animation"
USR-2633,54.7,66,129.6,0.68,3.0,0.11,"Thriller,Sci-Fi,Action"
USR-2634,2.5,1,29.4,0.37,19.0,0.43,"Documentary,Drama"
USR-2635,76.8,37,100.6,0.78,4.0,0.09,"Action,Thriller,Sci-Fi"
USR-2636,69.9,30,124.4,0.59,4.0,0.13,"Sci-Fi,Action,Thriller"
USR-2637,15.0,33,22.5,0.34,1.0,0.88,"Comedy,Romance"
USR-2638,11.7,33,24.2,0.44,8.0,0.62,Animation
USR-2639,44.4,49,80.4,0.41,2.0,0.25,"Documentary,Thriller,Sci-Fi,Action"
USR-2640,12.4,34,30.5,0.52,8.0,0.72,"Comedy,Romance"
USR-2641,4.3,7,5.0,0.54,40.0,0.68,Drama
USR-2642,42.9,43,57.2,0.58,3.0,0.39,"Comedy,Romance,Sci-Fi,Documentary,Drama"
USR-2643,5.2,4,29.6,0.47,25.0,0.58,Drama
USR-2644,45.6,43,36.5,0.62,4.0,0.23,"Sci-Fi,Thriller,Comedy,Drama"
USR-2645,43.5,39,42.2,0.62,3.0,0.39,"Thriller,Sci-Fi,Horror"
USR-2646,16.1,17,28.3,0.48,2.0,0.86,Animation
USR-2647,53.9,35,55.1,0.54,2.0,0.21,"Animation,Documentary,Action,Comedy,Sci-Fi"
USR-2648,43.5,47,56.1,0.51,1.0,0.22,"Action,Animation,Drama,Documentary,Sci-Fi"
USR-2649,5.3,27,28.2,0.35,4.0,0.69,Romance
USR-2650,43.3,46,59.9,0.55,5.0,0.43,"Comedy,Drama,Action,Animation,Horror"
USR-2651,16.5,27,10.8,0.35,2.0,0.72,Comedy
USR-2652,59.8,37,71.6,0.51,3.0,0.19,"Action,Sci-Fi"
USR-2653,45.0,35,30.8,0.69,2.0,0.48,"Action,Sci-Fi,Animation,Comedy"
USR-2654,3.1,34,25.2,0.53,1.0,0.75,"Animation,Comedy"
USR-2655,22.0,19,25.0,0.52,5.0,0.72,"Comedy,Animation"
USR-2656,9.1,24,22.4,0.37,4.0,0.79,"Romance,Comedy"
USR-2657,55.2,28,69.8,0.64,1.0,0.17,"Action,Thriller"
USR-2658,14.7,38,21.5,0.55,1.0,0.79,Animation
USR-2659,61.1,61,84.2,0.59,1.0,0.18,"Thriller,Sci-Fi"
USR-2660,64.2,50,47.9,0.51,1.0,0.09,"Thriller,Sci-Fi,Action"
USR-2661,73.0,59,78.0,0.58,1.0,0.07,"Action,Sci-Fi,Thriller"
USR-2662,61.3,57,80.6,0.56,3.0,0.17,"Action,Sci-Fi,Thriller"
USR-2663,15.5,29,19.5,0.43,2.0,0.68,Romance
USR-2664,0.7,36,23.0,0.57,4.0,0.72,"Romance,Animation"
USR-2665,38.7,49,63.9,0.42,6.0,0.25,"Comedy,Drama,Thriller,Romance"
USR-2666,27.8,50,41.5,0.62,6.0,0.36,"Action,Drama,Horror"
USR-2667,51.4,36,52.0,0.67,1.0,0.49,"Animation,Action,Thriller,Drama,Horror"
USR-2668,12.2,28,24.0,0.5,7.0,0.9,"Romance,Animation"
USR-2669,71.1,37,107.0,0.79,3.0,0.07,"Action,Sci-Fi,Thriller"
USR-2670,15.1,36,36.1,0.5,3.0,0.68,"Comedy,Romance"
USR-2671,61.5,52,106.0,0.73,2.0,0.11,"Action,Sci-Fi"
USR-2672,7.9,19,26.7,0.41,8.0,0.68,Animation
USR-2673,49.2,35,59.5,0.5,2.0,0.43,"Romance,Comedy,Animation"
USR-2674,12.3,22,34.1,0.34,2.0,0.62,Romance
USR-2675,5.6,3,5.6,0.36,28.0,0.33,"Comedy,Drama"
USR-2676,2.6,6,12.4,0.45,30.0,0.33,Comedy
USR-2677,68.8,53,108.9,0.71,2.0,0.19,"Thriller,Action,Sci-Fi"
USR-2678,0.5,3,24.8,0.79,36.0,0.46,"Drama,Documentary"
USR-2679,28.2,52,52.1,0.41,5.0,0.4,"Action,Documentary,Sci-Fi,Thriller"
USR-2680,42.1,33,44.0,0.65,5.0,0.31,"Comedy,Drama,Horror"
USR-2681,66.9,28,37.7,0.67,1.0,0.11,"Action,Sci-Fi"
USR-2682,45.3,37,104.1,0.52,2.0,0.07,"Sci-Fi,Action"
USR-2683,23.7,32,47.4,0.69,6.0,0.45,"Documentary,Thriller,Sci-Fi,Animation"
USR-2684,68.0,67,93.4,0.62,1.0,0.06,"Action,Sci-Fi"
USR-2685,23.8,41,63.8,0.52,2.0,0.45,"Thriller,Documentary,Action,Animation,Horror"
USR-2686,22.8,55,76.3,0.47,4.0,0.46,"Comedy,Drama,Sci-Fi,Animation"
USR-2687,81.7,66,77.2,0.67,1.0,0.09,"Sci-Fi,Thriller"
USR-2688,8.5,4,23.2,0.29,20.0,0.61,Comedy
USR-2689,45.9,64,89.6,0.78,3.0,0.08,"Thriller,Sci-Fi,Action"
USR-2690,4.0,4,10.5,0.22,32.0,0.35,"Drama,Comedy"
USR-2691,6.2,1,35.1,0.39,33.0,0.32,Drama
USR-2692,75.8,52,84.1,0.55,3.0,0.14,"Action,Thriller,Sci-Fi"
USR-2693,28.5,55,51.6,0.59,4.0,0.42,"Drama,Horror,Thriller,Romance"
USR-2694,1.2,3,15.8,0.61,37.0,0.46,Comedy
USR-2695,59.2,67,89.5,0.72,3.0,0.12,"Thriller,Action"
USR-2696,18.4,50,35.3,0.42,5.0,0.3,"Documentary,Thriller,Horror,Romance"
USR-2697,67.4,48,55.6,0.67,2.0,0.09,"Thriller,Action,Sci-Fi"
USR-2698,61.6,51,64.0,0.7,2.0,0.44,"Drama,Animation,Action,Thriller,Sci-Fi"
USR-2699,16.7,25,23.5,0.5,7.0,0.72,"Romance,Animation"
USR-2700,59.6,63,79.9,0.61,1.0,0.17,"Sci-Fi,Action"
USR-2701,65.2,45,57.0,0.51,1.0,0.09,"Sci-Fi,Action"
USR-2702,83.9,67,73.8,0.5,2.0,0.16,"Sci-Fi,Action"
USR-2703,42.4,38,51.4,0.58,4.0,0.3,"Sci-Fi,Comedy,Thriller"
USR-2704,8.1,4,17.8,0.54,10.0,0.33,"Documentary,Comedy"
USR-2705,4.9,4,20.1,0.44,16.0,0.63,"Documentary,Comedy"
USR-2706,38.2,40,56.4,0.48,6.0,0.25,"Documentary,Animation,Horror"
USR-2707,14.1,32,26.8,0.34,5.0,0.75,"Comedy,Romance"
USR-2708,47.4,51,111.1,0.68,2.0,0.1,"Sci-Fi,Action"
USR-2709,72.3,46,79.8,0.71,2.0,0.11,"Thriller,Action,Sci-Fi"
USR-2710,2.2,1,13.7,0.74,41.0,0.4,"Drama,Comedy"
USR-2711,15.8,30,65.9,0.69,4.0,0.42,"Documentary,Horror,Drama"
USR-2712,47.8,40,31.7,0.65,1.0,0.29,"Horror,Drama,Animation,Romance,Documentary"
USR-2713,4.9,7,21.8,0.44,29.0,0.5,"Documentary,Comedy"
USR-2714,81.7,26,79.1,0.68,4.0,0.17,"Action,Thriller"
USR-2715,0.7,6,28.3,0.6,12.0,0.54,"Drama,Comedy"
USR-2716,64.5,36,69.7,0.66,4.0,0.09,"Action,Thriller,Sci-Fi"
USR-2717,55.7,28,95.0,0.75,1.0,0.1,"Action,Thriller"
USR-2718,7.3,4,11.4,0.46,19.0,0.45,Drama
USR-2719,5.3,31,17.6,0.59,3.0,0.8,"Comedy,Romance"
USR-2720,6.7,4,10.0,0.48,13.0,0.45,"Drama,Documentary"
USR-2721,41.1,51,41.0,0.53,2.0,0.34,"Thriller,Drama,Sci-Fi,Comedy,Action"
USR-2722,47.6,36,66.5,0.79,2.0,0.12,"Sci-Fi,Action,Thriller"
USR-2723,6.9,2,25.0,0.45,39.0,0.55,Comedy
USR-2724,6.8,24,9.9,0.53,6.0,0.9,"Comedy,Romance"
USR-2725,4.0,1,13.2,0.51,36.0,0.36,Documentary
USR-2726,38.0,40,41.4,0.64,6.0,0.26,"Sci-Fi,Animation,Documentary"
USR-2727,11.8,25,21.5,0.52,9.0,0.65,"Comedy,Animation"
USR-2728,64.0,35,56.2,0.58,2.0,0.45,"Thriller,Comedy,Animation,Drama,Sci-Fi"
USR-2729,63.3,33,40.3,0.51,5.0,0.39,"Thriller,Documentary,Animation"
USR-2730,32.9,39,43.4,0.56,6.0,0.34,"Romance,Sci-Fi,Action"
USR-2731,22.6,33,27.6,0.35,3.0,0.74,"Animation,Romance"
USR-2732,35.0,41,58.8,0.44,1.0,0.31,"Animation,Horror,Action,Comedy"
USR-2733,80.8,49,75.1,0.77,4.0,0.18,"Thriller,Sci-Fi,Action"
USR-2734,35.7,45,55.5,0.44,1.0,0.21,"Thriller,Action,Documentary,Horror,Romance"
USR-2735,56.0,67,93.6,0.66,2.0,0.14,"Sci-Fi,Action,Thriller"
USR-2736,21.1,32,37.1,0.6,7.0,0.79,"Comedy,Romance"
USR-2737,16.1,34,30.1,0.52,4.0,0.68,Animation
USR-2738,2.0,1,33.9,0.63,21.0,0.61,"Drama,Documentary"
USR-2739,59.2,38,98.7,0.56,4.0,0.07,"Sci-Fi,Thriller"
USR-2740,30.3,39,67.1,0.58,6.0,0.42,"Animation,Sci-Fi,Documentary,Horror,Action"
USR-2741,25.0,25,18.6,0.39,2.0,0.67,"Romance,Animation"
USR-2742,69.4,58,62.5,0.67,5.0,0.39,"Drama,Documentary,Comedy,Horror,Romance"
USR-2743,32.7,48,58.9,0.46,2.0,0.35,"Romance,Thriller,Action"
USR-2744,86.0,42,87.6,0.66,2.0,0.15,"Sci-Fi,Action"
USR-2745,4.7,2,27.7,0.78,28.0,0.66,"Drama,Comedy"
USR-2746,23.4,25,17.5,0.41,6.0,0.71,Romance
USR-2747,9.0,5,21.5,0.47,39.0,0.36,"Documentary,Drama"
USR-2748,66.4,35,103.4,0.52,4.0,0.17,"Thriller,Sci-Fi,Action"
USR-2749,1.4,2,15.1,0.77,15.0,0.6,"Documentary,Comedy"
USR-2750,57.9,56,81.4,0.71,1.0,0.08,"Action,Sci-Fi"
USR-2751,15.9,30,18.9,0.53,4.0,0.87,Romance
USR-2752,2.3,7,24.0,0.26,18.0,0.64,"Comedy,Documentary"
USR-2753,3.5,6,13.5,0.61,25.0,0.36,"Comedy,Drama"
USR-2754,15.9,16,25.5,0.43,7.0,0.81,Animation
USR-2755,13.6,19,18.3,0.38,2.0,0.72,Romance
USR-2756,1.6,3,13.1,0.24,24.0,0.64,Drama
USR-2757,3.1,1,9.1,0.35,21.0,0.7,Documentary
USR-2758,28.7,52,38.1,0.57,2.0,0.49,"Horror,Romance,Drama,Animation"
USR-2759,73.6,52,81.4,0.55,1.0,0.07,"Sci-Fi,Thriller"
USR-2760,3.5,3,5.0,0.24,30.0,0.63,Drama
USR-2761,64.8,42,73.4,0.77,1.0,0.19,"Action,Thriller,Sci-Fi"
USR-2762,39.0,46,61.9,0.53,4.0,0.41,"Sci-Fi,Documentary,Action,Romance"
USR-2763,40.9,67,79.1,0.63,2.0,0.13,"Action,Sci-Fi"
USR-2764,18.5,29,35.7,0.58,9.0,0.89,Comedy
USR-2765,68.3,39,86.3,0.58,2.0,0.07,"Action,Sci-Fi"
USR-2766,93.9,39,84.5,0.72,1.0,0.08,"Action,Sci-Fi,Thriller"
USR-2767,17.6,35,47.1,0.61,5.0,0.25,"Action,Thriller,Comedy,Animation,Drama"
USR-2768,45.0,54,48.4,0.59,5.0,0.2,"Horror,Thriller,Drama,Animation"
USR-2769,9.7,26,25.8,0.5,7.0,0.7,"Comedy,Animation"
USR-2770,5.8,6,23.3,0.2,21.0,0.65,Comedy
USR-2771,6.3,6,14.2,0.68,42.0,0.69,Drama
USR-2772,55.8,52,41.2,0.62,6.0,0.4,"Drama,Sci-Fi,Horror"
USR-2773,1.1,2,24.1,0.7,39.0,0.44,Documentary
USR-2774,68.9,30,53.5,0.79,2.0,0.15,"Action,Thriller"
USR-2775,58.3,43,89.7,0.55,1.0,0.19,"Sci-Fi,Action"
USR-2776,66.4,56,100.0,0.63,1.0,0.12,"Action,Sci-Fi"
USR-2777,41.1,59,44.5,0.67,2.0,0.44,"Drama,Animation,Comedy,Action,Thriller"
USR-2778,21.4,58,62.1,0.62,4.0,0.24,"Horror,Documentary,Comedy"
USR-2779,7.6,4,27.4,0.67,13.0,0.4,"Documentary,Comedy"
USR-2780,63.6,43,96.0,0.59,2.0,0.17,"Sci-Fi,Action,Thriller"
USR-2781,61.6,41,83.4,0.51,1.0,0.14,"Action,Thriller"
USR-2782,13.5,24,19.4,0.49,2.0,0.87,Comedy
USR-2783,12.1,17,19.0,0.34,8.0,0.76,"Romance,Animation"
USR-2784,8.3,25,26.9,0.4,4.0,0.84,Romance
USR-2785,46.5,61,74.4,0.79,2.0,0.06,"Thriller,Sci-Fi,Action"
USR-2786,60.5,45,64.5,0.44,3.0,0.42,"Comedy,Action,Thriller"
USR-2787,32.3,51,63.3,0.43,4.0,0.41,"Horror,Romance,Documentary,Drama,Animation"
USR-2788,36.5,35,46.2,0.69,3.0,0.43,"Animation,Comedy,Horror,Thriller,Sci-Fi"
USR-2789,21.5,20,18.8,0.59,6.0,0.74,"Comedy,Animation"
USR-2790,1.6,2,13.8,0.2,33.0,0.33,Drama
USR-2791,13.2,20,16.3,0.39,4.0,0.63,Comedy
USR-2792,67.6,36,60.4,0.53,3.0,0.11,"Thriller,Sci-Fi"
USR-2793,46.2,44,58.2,0.44,3.0,0.27,"Sci-Fi,Documentary,Action,Animation"
USR-2794,5.0,3,20.8,0.25,20.0,0.54,"Documentary,Comedy"
USR-2795,57.7,44,58.7,0.43,3.0,0.25,"Horror,Animation,Action,Sci-Fi"
USR-2796,8.7,24,19.2,0.52,3.0,0.81,"Animation,Comedy"
USR-2797,4.9,6,7.8,0.4,11.0,0.59,Documentary
USR-2798,5.5,1,27.4,0.7,13.0,0.6,Comedy
USR-2799,2.6,6,21.8,0.39,25.0,0.5,Documentary
USR-2800,11.8,29,13.1,0.59,9.0,0.67,Comedy
USR-2801,51.4,44,67.4,0.65,3.0,0.12,"Action,Sci-Fi"
USR-2802,11.4,30,30.7,0.36,4.0,0.78,"Comedy,Animation"
USR-2803,3.2,5,10.8,0.53,24.0,0.59,"Comedy,Drama"
USR-2804,71.9,35,74.7,0.77,2.0,0.14,"Action,Sci-Fi"
USR-2805,58.2,52,26.7,0.55,4.0,0.24,"Documentary,Action,Thriller,Romance"
USR-2806,86.1,30,85.4,0.7,1.0,0.17,"Action,Sci-Fi,Thriller"
USR-2807,50.9,34,63.1,0.46,2.0,0.33,"Sci-Fi,Documentary,Comedy,Romance"
USR-2808,42.0,49,34.2,0.45,1.0,0.34,"Documentary,Romance,Thriller,Comedy"
USR-2809,10.0,17,21.7,0.59,2.0,0.65,"Romance,Comedy"
USR-2810,55.7,28,64.0,0.7,2.0,0.15,"Sci-Fi,Thriller"
USR-2811,20.7,20,31.6,0.48,2.0,0.71,Comedy
USR-2812,47.3,41,39.8,0.63,6.0,0.21,"Thriller,Horror,Drama,Documentary,Comedy"
USR-2813,76.3,49,99.5,0.59,3.0,0.18,"Action,Sci-Fi,Thriller"
USR-2814,49.9,51,76.0,0.67,4.0,0.19,"Thriller,Sci-Fi,Action"
USR-2815,7.3,2,6.6,0.31,27.0,0.65,"Comedy,Documentary"
USR-2816,58.7,67,86.8,0.58,2.0,0.11,"Sci-Fi,Action"
USR-2817,8.8,2,23.4,0.49,32.0,0.39,"Drama,Documentary"
USR-2818,0.5,37,32.0,0.46,1.0,0.88,"Animation,Romance"
USR-2819,15.2,30,42.9,0.34,4.0,0.81,Animation
USR-2820,54.7,40,107.0,0.62,1.0,0.07,"Action,Thriller,Sci-Fi"
USR-2821,1.9,7,24.4,0.57,24.0,0.58,"Comedy,Drama"
USR-2822,1.6,1,5.0,0.71,27.0,0.3,Drama
USR-2823,0.5,32,41.6,0.49,3.0,0.88,"Romance,Animation"
USR-2824,2.8,7,24.8,0.61,24.0,0.58,"Comedy,Documentary"
USR-2825,54.2,29,81.6,0.58,1.0,0.19,"Thriller,Action"
USR-2826,60.5,50,64.6,0.51,4.0,0.18,"Sci-Fi,Action"
USR-2827,66.8,56,51.6,0.47,1.0,0.47,"Comedy,Thriller,Sci-Fi"
USR-2828,50.1,46,90.5,0.8,1.0,0.12,"Thriller,Sci-Fi,Action"
USR-2829,15.9,21,34.1,0.5,6.0,0.71,Romance
USR-2830,9.1,38,21.7,0.46,4.0,0.79,Romance
USR-2831,1.1,7,21.5,0.22,12.0,0.61,"Drama,Documentary"
USR-2832,1.7,3,21.9,0.25,27.0,0.31,"Drama,Comedy"
USR-2833,0.5,2,23.9,0.26,30.0,0.59,Comedy
USR-2834,15.8,51,60.4,0.66,1.0,0.44,"Romance,Drama,Comedy"
USR-2835,72.0,59,96.4,0.7,1.0,0.07,"Sci-Fi,Action,Thriller"
USR-2836,14.7,26,18.6,0.47,3.0,0.61,"Animation,Comedy"
USR-2837,15.3,27,23.3,0.43,4.0,0.63,"Romance,Animation"
USR-2838,6.2,4,9.5,0.53,29.0,0.48,"Documentary,Drama"
USR-2839,27.9,37,20.3,0.34,3.0,0.6,"Comedy,Romance"
USR-2840,4.9,7,6.3,0.41,43.0,0.36,Drama
USR-2841,27.6,35,40.6,0.65,1.0,0.37,"Animation,Action,Drama"
USR-2842,9.8,34,27.8,0.56,9.0,0.77,Romance
USR-2843,6.1,4,23.4,0.55,12.0,0.39,Documentary
USR-2844,19.4,29,32.9,0.48,4.0,0.89,"Animation,Comedy"
USR-2845,31.1,54,61.2,0.41,6.0,0.31,"Animation,Comedy,Horror,Thriller"
USR-2846,36.8,36,39.5,0.68,3.0,0.49,"Documentary,Animation,Thriller,Drama,Comedy"
USR-2847,63.4,28,109.8,0.59,1.0,0.1,"Action,Sci-Fi"
USR-2848,1.6,7,14.2,0.28,30.0,0.37,"Documentary,Comedy"
USR-2849,60.6,57,62.1,0.55,3.0,0.11,"Action,Thriller"
USR-2850,16.3,49,43.0,0.52,4.0,0.41,"Comedy,Drama,Sci-Fi,Animation"
USR-2851,14.1,23,9.7,0.41,9.0,0.6,"Romance,Comedy"
USR-2852,6.7,4,5.0,0.67,15.0,0.68,Drama
USR-2853,6.1,3,25.4,0.57,30.0,0.52,"Drama,Documentary"
USR-2854,84.4,56,69.5,0.7,1.0,0.11,"Thriller,Action,Sci-Fi"
USR-2855,5.8,3,24.5,0.35,38.0,0.49,"Drama,Documentary"
USR-2856,17.8,39,27.0,0.35,5.0,0.88,Romance
USR-2857,51.5,26,91.2,0.79,4.0,0.14,"Sci-Fi,Action,Thriller"
USR-2858,18.5,31,22.1,0.32,5.0,0.72,Animation
USR-2859,21.5,23,29.1,0.55,4.0,0.73,Animation
USR-2860,44.6,51,55.5,0.64,1.0,0.12,"Action,Thriller,Sci-Fi"
USR-2861,43.0,40,90.8,0.71,2.0,0.11,"Action,Sci-Fi,Thriller"
USR-2862,2.0,38,21.6,0.56,1.0,0.67,"Romance,Comedy"
USR-2863,25.9,28,28.7,0.33,2.0,0.88,"Romance,Comedy"
USR-2864,5.4,2,10.7,0.25,30.0,0.51,Documentary
USR-2865,5.4,2,36.0,0.47,29.0,0.5,Drama
USR-2866,34.3,57,38.5,0.63,6.0,0.23,"Thriller,Sci-Fi,Romance,Drama,Action"
USR-2867,65.7,34,106.7,0.68,4.0,0.11,"Action,Thriller,Sci-Fi"
USR-2868,14.0,36,30.4,0.59,1.0,0.74,Romance
USR-2869,20.7,32,16.2,0.54,4.0,0.88,"Animation,Comedy"
USR-2870,2.2,1,28.6,0.67,32.0,0.32,Comedy
USR-2871,72.3,48,57.7,0.41,3.0,0.44,"Comedy,Horror,Action"
USR-2872,68.5,43,77.7,0.59,1.0,0.17,"Thriller,Action"
USR-2873,16.2,16,37.7,0.5,4.0,0.87,Animation
USR-2874,3.1,2,12.7,0.35,16.0,0.39,Comedy
USR-2875,17.8,35,28.3,0.39,3.0,0.79,"Animation,Romance"
USR-2876,7.8,23,23.7,0.35,9.0,0.65,"Comedy,Romance"
USR-2877,39.8,56,36.5,0.54,3.0,0.2,"Romance,Comedy,Thriller"
USR-2878,44.5,58,52.0,0.62,2.0,0.38,"Horror,Sci-Fi,Documentary"
USR-2879,63.0,35,34.6,0.8,3.0,0.13,"Sci-Fi,Action,Thriller"
USR-2880,13.1,38,30.0,0.38,3.0,0.68,Animation
USR-2881,7.8,6,17.4,0.61,23.0,0.5,"Comedy,Documentary"
USR-2882,26.2,28,22.4,0.5,1.0,0.84,"Comedy,Animation"
USR-2883,5.1,4,18.4,0.76,30.0,0.62,"Drama,Documentary"
USR-2884,76.2,53,91.4,0.67,3.0,0.12,"Sci-Fi,Thriller"
USR-2885,2.1,7,26.5,0.59,10.0,0.69,"Drama,Documentary"
USR-2886,4.8,5,30.8,0.77,26.0,0.45,Documentary
USR-2887,3.4,3,8.8,0.41,22.0,0.46,Comedy
USR-2888,14.8,35,27.4,0.59,9.0,0.69,Comedy
USR-2889,57.7,47,32.6,0.55,1.0,0.33,"Horror,Animation,Thriller,Romance"
USR-2890,11.9,20,34.2,0.55,8.0,0.86,"Animation,Romance"
USR-2891,64.1,60,90.9,0.71,2.0,0.14,"Action,Sci-Fi"
USR-2892,3.3,15,13.2,0.43,8.0,0.82,"Comedy,Romance"
USR-2893,53.4,61,78.4,0.59,1.0,0.14,"Action,Sci-Fi"
USR-2894,45.9,52,53.5,0.49,6.0,0.3,"Animation,Documentary,Romance"
USR-2895,53.4,36,66.7,0.7,4.0,0.31,"Romance,Drama,Sci-Fi,Comedy,Horror"
USR-2896,18.1,21,29.4,0.5,6.0,0.84,"Romance,Comedy"
USR-2897,54.9,40,66.6,0.65,1.0,0.16,"Thriller,Action,Sci-Fi"
USR-2898,8.3,29,30.6,0.47,9.0,0.73,Romance
USR-2899,63.4,62,65.2,0.75,1.0,0.08,"Thriller,Sci-Fi"
USR-2900,57.4,54,53.1,0.56,4.0,0.22,"Documentary,Romance,Thriller,Comedy"
USR-2901,51.0,52,113.6,0.62,4.0,0.18,"Thriller,Action,Sci-Fi"
USR-2902,28.2,57,45.5,0.47,6.0,0.5,"Documentary,Comedy,Romance,Horror,Animation"
USR-2903,4.5,21,34.1,0.53,2.0,0.69,Romance
USR-2904,18.5,21,24.5,0.5,2.0,0.85,"Romance,Comedy"
USR-2905,25.1,21,20.7,0.6,8.0,0.62,Romance
USR-2906,49.4,58,88.4,0.53,4.0,0.07,"Sci-Fi,Thriller"
USR-2907,48.3,45,62.6,0.56,3.0,0.3,"Drama,Sci-Fi,Romance,Action"
USR-2908,83.2,69,77.7,0.75,4.0,0.06,"Thriller,Sci-Fi"
USR-2909,22.5,24,23.8,0.32,7.0,0.64,Romance
USR-2910,0.5,2,24.6,0.45,34.0,0.51,"Comedy,Drama"
USR-2911,9.6,31,13.9,0.4,2.0,0.66,"Romance,Animation"
USR-2912,30.7,58,63.5,0.47,5.0,0.28,"Sci-Fi,Documentary,Horror"
USR-2913,12.6,53,50.2,0.52,1.0,0.49,"Romance,Thriller,Horror,Action,Sci-Fi"
USR-2914,54.1,43,50.2,0.49,3.0,0.49,"Thriller,Documentary,Horror,Romance,Sci-Fi"
USR-2915,50.0,37,92.2,0.55,1.0,0.12,"Thriller,Sci-Fi,Action"
USR-2916,13.1,27,19.5,0.33,9.0,0.81,"Animation,Romance"
USR-2917,50.8,49,66.8,0.54,3.0,0.5,"Animation,Comedy,Horror,Romance"
USR-2918,0.5,6,26.4,0.32,27.0,0.67,Comedy
USR-2919,21.7,16,16.0,0.3,6.0,0.8,Romance
USR-2920,8.9,5,28.4,0.7,29.0,0.33,Drama
USR-2921,61.3,41,112.2,0.77,2.0,0.05,"Action,Sci-Fi,Thriller"
USR-2922,2.0,4,21.4,0.33,40.0,0.66,Drama
USR-2923,19.7,21,31.9,0.41,9.0,0.78,"Romance,Comedy"
USR-2924,11.0,16,29.5,0.37,9.0,0.7,Animation
USR-2925,13.7,20,14.1,0.31,,0.8,"Romance,Comedy"
USR-2926,75.2,35,61.8,0.6,2.0,0.07,"Sci-Fi,Thriller,Action"
USR-2927,18.2,23,23.1,0.33,9.0,0.64,Comedy
USR-2928,0.5,2,5.0,0.29,20.0,0.4,"Comedy,Documentary"
USR-2929,16.5,16,38.1,0.54,5.0,0.69,"Comedy,Romance"
USR-2930,4.1,7,8.2,0.32,19.0,0.66,"Drama,Comedy"
USR-2931,70.8,27,69.2,0.75,1.0,0.11,"Thriller,Action"
USR-2932,8.1,35,31.0,0.44,2.0,0.87,"Comedy,Animation"
USR-2933,23.4,38,43.5,0.62,1.0,0.3,"Comedy,Documentary,Romance,Sci-Fi,Drama"
USR-2934,95.7,57,89.5,0.79,1.0,0.12,"Sci-Fi,Thriller"
USR-2935,70.2,32,92.5,0.58,2.0,0.17,"Sci-Fi,Thriller,Action"
USR-2936,8.8,35,32.5,0.44,6.0,0.61,Comedy
USR-2937,4.1,6,31.8,0.41,10.0,0.7,"Drama,Comedy"
USR-2938,4.9,3,17.8,0.27,29.0,0.36,Documentary
USR-2939,20.5,25,23.1,0.34,6.0,0.68,Animation
USR-2940,12.6,19,18.6,0.55,1.0,0.63,Romance
USR-2941,79.1,52,109.4,0.52,1.0,0.07,"Action,Thriller,Sci-Fi"
USR-2942,16.7,37,56.4,0.42,4.0,0.43,"Animation,Romance,Drama"
USR-2943,35.7,44,54.3,0.58,3.0,0.48,"Animation,Thriller,Drama,Action"
USR-2944,18.1,30,14.3,0.43,7.0,0.75,"Animation,Comedy"
USR-2945,71.2,62,89.5,0.72,2.0,0.1,"Sci-Fi,Thriller"
USR-2946,55.6,43,49.1,0.55,2.0,0.44,"Romance,Sci-Fi,Drama,Action,Horror"
USR-2947,48.9,37,110.1,0.79,1.0,0.08,"Sci-Fi,Action"
USR-2948,5.4,7,34.3,0.31,39.0,0.51,"Comedy,Drama"
USR-2949,98.9,41,101.3,0.55,2.0,0.19,"Sci-Fi,Thriller"
USR-2950,7.5,20,32.3,0.34,7.0,0.88,"Animation,Comedy"
USR-2951,49.5,52,47.1,0.43,5.0,0.43,"Romance,Comedy,Animation"
USR-2952,17.5,27,29.5,0.3,7.0,0.68,"Animation,Romance"
USR-2953,20.2,15,28.5,0.31,7.0,0.68,Animation
USR-2954,18.3,35,32.1,0.54,1.0,0.81,Animation
USR-2955,22.1,22,19.0,0.54,7.0,0.82,Comedy
USR-2956,15.1,21,12.9,0.57,2.0,0.73,Comedy
USR-2957,0.5,7,16.4,0.67,43.0,0.5,Comedy
USR-2958,20.1,19,26.0,0.5,3.0,0.83,"Romance,Animation"
USR-2959,17.2,20,21.1,0.46,7.0,0.68,Romance
USR-2960,26.4,51,39.2,0.64,1.0,0.41,"Documentary,Comedy,Animation"
USR-2961,62.2,63,110.2,0.55,1.0,0.06,"Action,Thriller"
USR-2962,18.3,26,30.1,0.6,4.0,0.78,Romance
USR-2963,4.5,1,10.4,0.25,11.0,0.4,"Drama,Documentary"
USR-2964,69.8,35,103.5,0.58,2.0,0.08,"Action,Sci-Fi,Thriller"
USR-2965,3.6,3,19.0,0.45,31.0,0.4,Drama
USR-2966,2.9,3,5.0,0.3,38.0,0.48,Comedy
USR-2967,6.0,5,23.0,0.62,38.0,0.65,"Comedy,Drama"
USR-2968,12.3,25,20.1,0.59,7.0,0.77,Romance
USR-2969,50.9,49,51.6,0.61,3.0,0.4,"Animation,Comedy,Horror,Documentary"
USR-2970,5.1,26,20.8,0.42,2.0,0.64,"Romance,Comedy"
USR-2971,13.9,44,63.9,0.61,4.0,0.35,"Animation,Action,Thriller"
USR-2972,91.3,42,60.3,0.56,4.0,0.16,"Sci-Fi,Thriller,Action"
USR-2973,56.0,50,53.8,0.64,1.0,0.13,"Sci-Fi,Thriller"
USR-2974,52.0,36,72.3,0.65,6.0,0.31,"Drama,Thriller,Horror"
USR-2975,5.5,6,14.6,0.35,10.0,0.7,"Comedy,Drama"
USR-2976,9.4,21,26.2,0.45,3.0,0.69,"Animation,Comedy"
USR-2977,24.1,40,53.8,0.62,2.0,0.21,"Animation,Romance,Action"
USR-2978,5.5,3,24.5,0.47,34.0,0.48,Drama
USR-2979,5.3,3,8.4,0.55,32.0,0.4,"Documentary,Drama"
USR-2980,72.4,30,23.9,0.53,2.0,0.32,"Documentary,Thriller,Comedy,Action,Romance"
USR-2981,3.5,7,21.1,0.62,34.0,0.4,"Drama,Documentary"
USR-2982,14.2,19,25.9,0.5,9.0,0.8,Romance
USR-2983,13.7,32,18.5,0.31,5.0,0.76,Animation
USR-2984,5.4,3,31.3,0.43,11.0,0.33,Documentary
USR-2985,58.9,31,100.8,0.52,3.0,0.16,"Sci-Fi,Thriller,Action"
USR-2986,41.9,58,42.4,0.53,2.0,0.25,"Sci-Fi,Animation,Drama"
USR-2987,4.7,29,25.9,0.47,4.0,0.7,"Animation,Romance"
USR-2988,53.7,57,111.7,0.51,2.0,0.17,"Action,Thriller"
USR-2989,8.2,28,25.1,0.58,5.0,0.72,"Romance,Comedy"
USR-2990,51.2,43,37.5,0.55,4.0,0.37,"Romance,Horror,Documentary"
USR-2991,34.0,57,50.1,0.46,3.0,0.35,"Romance,Sci-Fi,Action,Horror"
USR-2992,59.0,55,50.5,0.54,6.0,0.48,"Documentary,Action,Drama"
USR-2993,59.2,66,91.4,0.59,1.0,0.09,"Thriller,Action,Sci-Fi"
USR-2994,23.5,26,21.1,0.48,4.0,0.74,"Comedy,Romance"
USR-2995,11.1,21,20.7,0.42,8.0,0.85,Romance
USR-2996,10.1,20,20.4,0.31,4.0,0.65,"Comedy,Romance"
USR-2997,46.0,38,59.3,0.68,2.0,0.32,"Romance,Thriller,Documentary,Action"
USR-2998,47.2,47,72.3,0.69,4.0,0.29,"Animation,Action,Horror,Drama,Comedy"
USR-2999,35.3,56,55.0,0.46,3.0,0.23,"Thriller,Sci-Fi,Documentary,Comedy,Animation"
USR-3000,75.7,48,73.9,0.52,2.0,0.06,"Sci-Fi,Action,Thriller"
USR-3001,45.0,61,81.3,0.66,4.0,0.12,"Thriller,Action,Sci-Fi"
USR-3002,0.5,4,5.0,0.75,31.0,0.59,Documentary
USR-3003,82.7,43,104.7,0.72,3.0,0.09,"Thriller,Sci-Fi,Action"
USR-3004,29.2,18,14.1,0.4,4.0,0.86,"Comedy,Animation"
USR-3005,47.1,59,48.8,0.44,5.0,0.33,"Animation,Horror,Documentary,Comedy"
USR-3006,80.0,49,77.2,0.59,1.0,0.11,"Action,Sci-Fi"
USR-3007,26.5,31,44.1,0.68,5.0,0.42,"Action,Romance,Drama,Comedy,Sci-Fi"
USR-3008,40.3,36,45.7,0.65,6.0,0.5,"Romance,Comedy,Drama,Thriller,Action"
USR-3009,8.0,29,24.0,0.57,7.0,0.61,Romance
USR-3010,19.6,30,34.9,0.36,9.0,0.9,Animation
USR-3011,0.5,7,5.0,0.54,43.0,0.46,Comedy
USR-3012,56.7,54,60.6,0.53,4.0,0.27,"Animation,Horror,Thriller,Drama,Comedy"
USR-3013,4.0,3,8.0,0.71,42.0,0.58,"Documentary,Comedy"
USR-3014,6.1,37,35.6,0.39,2.0,0.88,Comedy
USR-3015,0.5,3,22.4,0.67,36.0,0.69,"Drama,Comedy"
USR-3016,49.3,27,88.7,0.51,2.0,0.15,"Sci-Fi,Action"
USR-3017,13.8,22,21.8,0.38,8.0,0.78,"Romance,Comedy"
USR-3018,12.4,15,34.3,0.43,3.0,0.79,"Romance,Comedy"
USR-3019,48.1,51,96.3,0.7,4.0,0.14,"Thriller,Action"
USR-3020,53.7,39,99.8,0.72,4.0,0.19,"Action,Thriller"
USR-3021,71.8,28,98.9,0.6,4.0,0.09,"Sci-Fi,Thriller,Action"
USR-3022,38.9,57,49.5,0.44,1.0,0.42,"Romance,Drama,Horror,Sci-Fi,Action"
USR-3023,69.2,39,112.5,0.77,4.0,0.16,"Sci-Fi,Action,Thriller"
USR-3024,26.0,33,36.1,0.67,1.0,0.47,"Sci-Fi,Comedy,Documentary,Drama,Romance"
USR-3025,6.1,27,28.0,0.37,1.0,0.83,"Animation,Comedy"
USR-3026,6.8,4,20.8,0.54,38.0,0.31,"Documentary,Comedy"
USR-3027,5.0,19,20.2,0.58,5.0,0.8,"Romance,Comedy"
USR-3028,4.0,2,9.3,0.67,26.0,0.48,"Comedy,Drama"
USR-3029,3.4,7,13.9,0.28,37.0,0.61,Documentary
USR-3030,55.5,32,61.3,0.55,4.0,0.11,"Thriller,Action,Sci-Fi"
USR-3031,4.0,2,29.8,0.43,10.0,0.32,"Documentary,Comedy"
USR-3032,59.6,40,80.6,0.6,2.0,0.16,"Sci-Fi,Action"
USR-3033,36.1,42,57.0,0.52,1.0,0.49,"Drama,Horror,Comedy,Animation,Romance"
USR-3034,2.2,1,29.8,0.27,41.0,0.36,"Comedy,Drama"
USR-3035,4.1,3,6.7,0.68,27.0,0.69,"Comedy,Documentary"
USR-3036,32.7,44,36.4,0.67,5.0,0.38,"Action,Sci-Fi,Romance,Documentary,Horror"
USR-3037,0.5,7,15.9,0.78,11.0,0.52,Comedy
USR-3038,23.1,31,37.4,0.37,3.0,0.61,Comedy
USR-3039,67.2,37,74.0,0.59,1.0,0.17,"Action,Thriller"
USR-3040,77.7,40,78.0,0.65,3.0,0.06,"Thriller,Action"
USR-3041,66.9,27,100.1,0.5,3.0,0.2,"Sci-Fi,Action"
USR-3042,59.2,35,55.3,0.68,2.0,0.16,"Sci-Fi,Thriller,Action"
USR-3043,8.9,6,19.6,0.79,11.0,0.44,"Drama,Documentary"
USR-3044,0.5,7,18.5,0.42,36.0,0.59,"Documentary,Comedy"
USR-3045,50.4,30,105.3,0.73,2.0,0.09,"Action,Sci-Fi,Thriller"
USR-3046,19.5,35,17.6,0.33,9.0,0.87,"Animation,Comedy"
USR-3047,4.4,6,28.8,0.64,43.0,0.36,"Comedy,Documentary"
USR-3048,19.4,23,20.9,0.43,2.0,0.66,Animation
USR-3049,92.6,45,93.4,0.61,1.0,0.2,"Thriller,Action,Sci-Fi"
USR-3050,72.4,30,52.3,0.61,4.0,0.1,"Action,Sci-Fi"
USR-3051,18.5,22,29.7,0.44,6.0,0.69,Animation
USR-3052,23.7,55,47.4,0.61,4.0,0.32,"Comedy,Romance,Sci-Fi"
USR-3053,12.7,28,31.2,0.57,5.0,0.86,Comedy
USR-3054,1.3,6,22.6,0.46,24.0,0.58,Comedy
USR-3055,9.6,30,36.6,0.59,7.0,0.83,"Romance,Comedy"
USR-3056,44.8,59,31.7,0.66,3.0,0.26,"Thriller,Drama,Comedy,Horror"
USR-3057,12.1,21,30.5,0.5,6.0,0.75,"Animation,Comedy"
USR-3058,2.5,4,18.3,0.3,14.0,0.46,"Comedy,Drama"
USR-3059,4.2,7,17.5,0.56,23.0,0.53,"Comedy,Drama"
USR-3060,39.3,43,54.4,0.58,4.0,0.38,"Sci-Fi,Action,Documentary"
USR-3061,16.2,35,13.5,0.4,3.0,0.86,Romance
USR-3062,61.6,63,53.0,0.65,1.0,0.08,"Sci-Fi,Action"
USR-3063,35.3,15,24.7,0.51,7.0,0.65,Comedy
USR-3064,20.9,16,24.1,0.57,5.0,0.85,Animation
USR-3065,4.7,6,20.5,0.5,21.0,0.45,"Documentary,Comedy"
USR-3066,28.0,51,35.6,0.55,2.0,0.43,"Thriller,Romance,Drama,Action,Sci-Fi"
USR-3067,90.5,66,101.3,0.68,1.0,0.14,"Action,Sci-Fi"
USR-3068,42.9,45,34.1,0.42,3.0,0.38,"Documentary,Thriller,Sci-Fi"
USR-3069,59.2,40,102.8,0.52,1.0,0.12,"Sci-Fi,Action"
USR-3070,52.2,54,44.7,0.41,5.0,0.22,"Romance,Action,Drama"
USR-3071,37.6,53,57.2,0.59,1.0,0.32,"Horror,Animation,Drama"
USR-3072,16.2,20,28.8,0.56,4.0,0.84,Romance
USR-3073,28.6,31,89.7,0.77,3.0,0.1,"Thriller,Sci-Fi"
USR-3074,3.7,2,20.5,0.46,28.0,0.44,Drama
USR-3075,65.8,43,70.3,0.54,1.0,0.05,"Action,Thriller,Sci-Fi"
USR-3076,42.9,57,38.7,0.46,5.0,0.47,"Documentary,Horror,Romance,Thriller,Drama"
USR-3077,22.1,30,23.7,0.43,1.0,0.66,"Comedy,Romance"
USR-3078,10.6,23,24.9,0.33,2.0,0.82,Comedy
USR-3079,57.0,67,103.5,0.77,3.0,0.07,"Action,Thriller,Sci-Fi"
USR-3080,3.4,6,18.1,0.75,37.0,0.54,Documentary
USR-3081,37.5,36,71.1,0.76,4.0,0.1,"Thriller,Action,Sci-Fi"
USR-3082,31.6,46,47.2,0.43,4.0,0.27,"Drama,Romance,Horror,Sci-Fi,Action"
USR-3083,41.7,49,42.1,0.67,5.0,0.49,"Romance,Thriller,Horror,Comedy,Drama"
USR-3084,4.7,6,26.4,0.42,36.0,0.53,Drama
USR-3085,61.0,69,67.8,0.55,3.0,0.17,"Thriller,Action,Sci-Fi"
USR-3086,43.3,56,37.7,0.7,4.0,0.35,"Action,Romance,Thriller"
USR-3087,1.8,5,29.4,0.75,37.0,0.63,Documentary
USR-3088,36.3,41,47.7,0.45,1.0,0.34,"Romance,Animation,Drama,Documentary,Horror"
USR-3089,66.5,44,97.1,0.56,3.0,0.12,"Sci-Fi,Thriller"
USR-3090,65.3,39,93.2,0.55,2.0,0.16,"Thriller,Sci-Fi"
USR-3091,60.5,46,48.5,0.59,3.0,0.41,"Thriller,Documentary,Horror"
USR-3092,36.3,35,56.7,0.58,3.0,0.48,"Horror,Sci-Fi,Thriller"
USR-3093,13.2,21,23.3,0.45,6.0,0.82,Animation
USR-3094,28.7,45,58.4,0.67,6.0,0.22,"Thriller,Sci-Fi,Animation"
USR-3095,15.4,18,13.8,0.5,7.0,0.83,"Animation,Comedy"
USR-3096,5.9,3,23.0,0.29,17.0,0.38,"Drama,Documentary"
USR-3097,19.5,45,42.7,0.57,4.0,0.38,"Thriller,Action,Horror,Documentary"
USR-3098,75.0,49,62.8,0.71,1.0,0.19,"Action,Thriller"
USR-3099,43.1,40,87.5,0.59,2.0,0.12,"Action,Sci-Fi,Thriller"
USR-3100,61.1,52,35.5,0.59,2.0,0.38,"Horror,Thriller,Documentary"
USR-3101,9.3,39,27.6,0.55,9.0,0.85,Animation
USR-3102,8.8,6,19.9,0.27,24.0,0.32,Drama
USR-3103,65.4,34,63.3,0.57,3.0,0.38,"Horror,Animation,Thriller"
USR-3104,5.1,5,20.2,0.66,14.0,0.62,Comedy
USR-3105,25.2,39,57.0,0.55,2.0,0.39,"Action,Comedy,Documentary,Thriller,Horror"
USR-3106,6.6,24,30.1,0.57,6.0,0.88,Animation
USR-3107,30.8,27,34.8,0.54,7.0,0.83,Animation
USR-3108,50.5,27,78.9,0.51,4.0,0.1,"Action,Sci-Fi"
USR-3109,20.9,38,49.8,0.56,5.0,0.41,"Romance,Comedy,Drama"
USR-3110,81.2,66,79.7,0.74,3.0,0.19,"Action,Thriller"
USR-3111,5.5,1,41.7,0.67,,0.65,Documentary
USR-3112,80.1,51,75.6,0.73,3.0,0.14,"Thriller,Action,Sci-Fi"
USR-3113,70.0,30,104.6,0.77,4.0,0.11,"Sci-Fi,Thriller,Action"
USR-3114,3.0,5,8.3,0.4,32.0,0.64,"Drama,Documentary"
USR-3115,57.4,49,101.7,0.55,2.0,0.19,"Action,Sci-Fi,Thriller"
USR-3116,69.1,62,48.1,0.5,1.0,0.18,"Sci-Fi,Action,Thriller"
USR-3117,44.5,34,61.9,0.42,3.0,0.35,"Documentary,Animation,Thriller"
USR-3118,0.5,3,28.9,0.48,32.0,0.46,"Documentary,Drama"
USR-3119,2.3,5,28.8,0.27,30.0,0.64,Comedy
USR-3120,0.9,5,26.4,0.64,36.0,0.36,Drama
USR-3121,5.6,2,25.7,0.75,34.0,0.36,Drama
USR-3122,16.8,34,25.1,0.31,3.0,0.82,"Comedy,Animation"
USR-3123,15.8,32,26.7,0.38,7.0,0.72,Animation
USR-3124,75.6,55,104.9,0.61,2.0,0.14,"Action,Sci-Fi,Thriller"
USR-3125,2.0,4,10.3,0.66,40.0,0.39,Documentary
USR-3126,38.9,50,49.9,0.63,3.0,0.32,"Sci-Fi,Drama,Action"
USR-3127,42.0,44,41.4,0.43,2.0,0.2,"Documentary,Drama,Comedy,Horror"
USR-3128,4.6,6,10.8,0.35,31.0,0.48,Comedy
USR-3129,4.9,6,14.7,0.37,39.0,0.3,Drama
USR-3130,33.0,58,25.9,0.57,4.0,0.22,"Sci-Fi,Action,Animation,Horror"
USR-3131,18.0,25,16.5,0.58,5.0,0.77,Comedy
USR-3132,9.0,26,23.7,0.37,3.0,0.79,Romance
USR-3133,69.0,40,57.7,0.61,2.0,0.11,"Sci-Fi,Thriller,Action"
USR-3134,52.1,43,112.1,0.56,2.0,0.1,"Thriller,Action,Sci-Fi"
USR-3135,22.6,26,21.9,0.46,8.0,0.77,"Animation,Comedy"
USR-3136,62.3,32,100.9,0.75,1.0,0.14,"Action,Sci-Fi,Thriller"
USR-3137,2.5,2,11.9,0.6,33.0,0.57,"Drama,Comedy"
USR-3138,4.7,1,18.3,0.57,34.0,0.48,Drama
USR-3139,8.5,35,25.6,0.32,4.0,0.8,Animation
USR-3140,1.2,1,19.5,0.71,42.0,0.38,"Comedy,Drama"
USR-3141,8.4,2,34.3,0.67,17.0,0.64,"Drama,Documentary"
USR-3142,13.0,26,23.2,0.53,5.0,0.88,"Romance,Comedy"
USR-3143,74.6,31,98.1,0.62,1.0,0.12,"Sci-Fi,Action,Thriller"
USR-3144,14.9,30,19.1,0.51,2.0,0.79,Comedy
USR-3145,18.1,30,16.7,0.39,9.0,0.69,"Animation,Romance"
USR-3146,20.8,29,19.0,0.46,7.0,0.85,Comedy
USR-3147,0.5,6,22.8,0.35,43.0,0.34,Documentary
USR-3148,11.7,36,26.4,0.41,8.0,0.78,"Romance,Comedy"
USR-3149,52.1,31,118.5,0.51,2.0,0.09,"Action,Thriller"
USR-3150,11.1,23,27.4,0.51,4.0,0.78,Comedy
USR-3151,26.4,56,65.3,0.44,4.0,0.41,"Romance,Horror,Comedy"
USR-3152,17.3,28,24.7,0.37,2.0,0.72,"Comedy,Animation"
USR-3153,90.4,31,82.7,0.76,4.0,0.08,"Sci-Fi,Thriller"
USR-3154,62.9,28,33.7,0.76,1.0,0.1,"Sci-Fi,Action,Thriller"
USR-3155,34.9,50,45.6,0.44,6.0,0.39,"Sci-Fi,Thriller,Action"
USR-3156,47.7,52,33.6,0.77,1.0,0.08,"Sci-Fi,Action,Thriller"
USR-3157,73.5,35,104.3,0.65,2.0,0.07,"Sci-Fi,Thriller"
USR-3158,37.9,48,39.8,0.65,5.0,0.21,"Documentary,Comedy,Thriller,Action,Sci-Fi"
USR-3159,35.5,58,49.6,0.55,1.0,0.43,"Documentary,Sci-Fi,Romance,Drama,Animation"
USR-3160,5.6,5,45.2,0.43,37.0,0.63,"Comedy,Documentary"
USR-3161,14.0,15,26.4,0.34,5.0,0.61,Romance
USR-3162,4.6,26,27.7,0.47,4.0,0.69,Comedy
USR-3163,20.5,18,32.1,0.59,9.0,0.62,Comedy
USR-3164,6.2,1,22.9,0.68,14.0,0.66,"Comedy,Drama"
USR-3165,14.6,27,21.2,0.38,6.0,0.76,"Romance,Animation"
USR-3166,37.3,52,39.1,0.4,6.0,0.5,"Action,Romance,Thriller,Animation"
USR-3167,7.2,37,26.4,0.59,4.0,0.88,"Romance,Comedy"
USR-3168,9.0,36,15.6,0.56,6.0,0.81,"Animation,Comedy"
USR-3169,35.4,46,35.1,0.64,1.0,0.37,"Documentary,Animation,Romance"
USR-3170,4.7,6,31.4,0.72,35.0,0.49,"Documentary,Drama"
USR-3171,42.0,27,138.2,0.54,4.0,0.06,"Action,Sci-Fi,Thriller"
USR-3172,61.3,39,85.3,0.71,1.0,0.09,"Thriller,Action,Sci-Fi"
USR-3173,77.1,67,106.7,0.73,2.0,0.07,"Thriller,Sci-Fi"
USR-3174,21.5,45,61.6,0.6,6.0,0.48,"Action,Thriller,Horror"
USR-3175,78.4,48,96.8,0.55,4.0,0.12,"Sci-Fi,Thriller,Action"
USR-3176,43.3,26,67.4,0.71,2.0,0.06,"Thriller,Sci-Fi,Action"
USR-3177,65.5,39,107.4,0.64,2.0,0.2,"Thriller,Action"
USR-3178,0.5,2,31.1,0.33,19.0,0.43,Comedy
USR-3179,8.2,35,29.7,0.39,6.0,0.79,Comedy
USR-3180,71.3,28,73.6,0.58,1.0,0.11,"Sci-Fi,Thriller"
USR-3181,4.8,1,5.0,0.46,37.0,0.58,"Comedy,Documentary"
USR-3182,96.9,52,87.9,0.58,4.0,0.14,"Thriller,Action,Sci-Fi"
USR-3183,23.0,42,38.6,0.48,1.0,0.27,"Animation,Sci-Fi,Comedy,Drama"
USR-3184,4.6,6,18.2,0.31,39.0,0.33,"Documentary,Drama"
USR-3185,15.5,27,23.4,0.46,7.0,0.64,Comedy
USR-3186,16.9,38,26.9,0.43,3.0,0.65,Animation
USR-3187,40.0,45,45.6,0.56,1.0,0.42,"Action,Drama,Animation,Documentary,Horror"
USR-3188,30.5,49,22.3,0.41,5.0,0.47,"Documentary,Sci-Fi,Romance,Thriller"
USR-3189,81.7,29,94.9,0.73,2.0,0.16,"Action,Sci-Fi,Thriller"
USR-3190,15.0,25,26.8,0.59,9.0,0.62,"Animation,Romance"
USR-3191,14.1,26,27.9,0.38,5.0,0.64,"Animation,Comedy"
USR-3192,7.7,6,17.6,0.5,33.0,0.65,Comedy
USR-3193,27.0,37,47.1,0.67,2.0,0.41,"Comedy,Romance,Documentary"
USR-3194,83.1,58,67.0,0.57,2.0,0.15,"Action,Sci-Fi"
USR-3195,9.6,24,22.5,0.55,5.0,0.86,Comedy
USR-3196,16.4,19,14.2,0.35,7.0,0.61,Comedy
USR-3197,11.3,31,17.5,0.39,8.0,0.88,Comedy
USR-3198,21.7,41,51.6,0.67,5.0,0.32,"Thriller,Animation,Horror"
USR-3199,52.8,29,72.8,0.8,1.0,0.09,"Sci-Fi,Thriller,Action"
USR-3200,64.3,62,88.3,0.73,1.0,0.18,"Thriller,Action"
USR-3201,42.7,63,89.0,0.64,2.0,0.18,"Action,Thriller,Sci-Fi"
USR-3202,2.1,1,11.4,0.48,22.0,0.58,"Documentary,Comedy"
USR-3203,20.2,30,36.5,0.57,5.0,0.62,"Comedy,Romance"
USR-3204,47.7,39,34.2,0.64,3.0,0.38,"Horror,Comedy,Romance"
USR-3205,62.8,59,56.7,0.73,3.0,0.17,"Action,Thriller"
USR-3206,43.6,43,19.0,0.53,2.0,0.39,"Animation,Horror,Comedy"
USR-3207,29.5,55,58.3,0.42,1.0,0.37,"Romance,Action,Documentary"
USR-3208,28.2,59,63.4,0.65,2.0,0.28,"Horror,Comedy,Sci-Fi,Action"
USR-3209,7.5,21,15.4,0.35,2.0,0.78,"Comedy,Animation"
USR-3210,3.0,6,15.8,0.61,18.0,0.59,Documentary
USR-3211,17.5,21,26.6,0.31,1.0,0.84,Comedy
USR-3212,32.7,52,54.9,0.52,2.0,0.34,"Thriller,Drama,Romance,Sci-Fi"
USR-3213,54.3,65,118.1,0.71,2.0,0.06,"Sci-Fi,Action"
USR-3214,60.4,58,85.1,0.76,4.0,0.1,"Thriller,Sci-Fi,Action"
USR-3215,48.7,43,52.2,0.66,4.0,0.37,"Thriller,Documentary,Romance,Horror,Animation"
USR-3216,63.5,52,74.6,0.76,4.0,0.11,"Sci-Fi,Thriller,Action"
USR-3217,0.8,7,5.8,0.79,32.0,0.53,Drama
USR-3218,27.1,34,48.3,0.6,2.0,0.33,"Action,Drama,Romance,Sci-Fi,Comedy"
USR-3219,53.7,36,45.9,0.63,1.0,0.31,"Thriller,Horror,Animation"
USR-3220,20.5,52,52.9,0.7,1.0,0.28,"Sci-Fi,Comedy,Drama"
USR-3221,40.9,40,76.9,0.43,3.0,0.37,"Documentary,Horror,Thriller,Action"
USR-3222,98.2,35,107.7,0.56,2.0,0.05,"Sci-Fi,Thriller,Action"
USR-3223,5.3,1,17.4,0.42,28.0,0.31,"Documentary,Drama"
USR-3224,8.8,30,20.5,0.46,8.0,0.7,Animation
USR-3225,10.9,31,21.9,0.54,4.0,0.64,"Romance,Animation"
USR-3226,86.1,45,83.8,0.73,4.0,0.17,"Sci-Fi,Thriller,Action"
USR-3227,12.6,35,18.6,0.47,4.0,0.8,"Animation,Comedy"
USR-3228,6.3,7,20.3,0.57,25.0,0.4,Comedy
USR-3229,40.6,37,42.0,0.64,6.0,0.37,"Animation,Horror,Drama,Comedy"
USR-3230,71.4,57,88.6,0.68,3.0,0.07,"Thriller,Sci-Fi,Action"
USR-3231,15.2,34,23.9,0.39,4.0,0.7,"Comedy,Romance"
USR-3232,43.1,32,27.7,0.53,6.0,0.22,"Animation,Thriller,Comedy,Horror"
USR-3233,5.3,7,13.2,0.55,12.0,0.52,Comedy
USR-3234,39.8,48,46.2,0.62,2.0,0.23,"Animation,Comedy,Horror"
USR-3235,72.1,54,99.7,0.79,2.0,0.06,"Thriller,Sci-Fi,Action"
USR-3236,5.3,7,20.7,0.76,23.0,0.42,Documentary
USR-3237,6.0,5,29.2,0.21,18.0,0.35,"Documentary,Comedy"
USR-3238,53.9,50,82.4,0.54,4.0,0.09,"Thriller,Sci-Fi,Action"
USR-3239,69.0,35,105.0,0.65,2.0,0.14,"Thriller,Action"
USR-3240,49.7,55,48.0,0.54,1.0,0.37,"Animation,Thriller,Horror"
USR-3241,6.2,3,17.1,0.31,24.0,0.57,Comedy
USR-3242,53.5,25,85.3,0.72,3.0,0.18,"Thriller,Sci-Fi,Action"
USR-3243,23.3,32,18.6,0.4,9.0,0.87,"Romance,Animation"
USR-3244,15.5,34,20.5,0.43,1.0,0.64,"Animation,Comedy"
USR-3245,4.4,5,26.1,0.54,36.0,0.34,"Drama,Comedy"
USR-3246,54.0,30,39.2,0.61,3.0,0.47,"Comedy,Documentary,Thriller,Romance"
USR-3247,16.4,28,74.2,0.71,3.0,0.11,"Thriller,Action"
USR-3248,2.9,1,9.0,0.73,32.0,0.35,Documentary
USR-3249,5.1,2,14.4,0.55,19.0,0.38,"Documentary,Drama"
USR-3250,26.7,55,45.9,0.55,4.0,0.42,"Horror,Animation,Action"
USR-3251,53.7,53,49.6,0.66,5.0,0.47,"Drama,Horror,Thriller,Sci-Fi"
USR-3252,4.7,18,21.3,0.57,1.0,0.82,"Animation,Romance"
USR-3253,9.1,23,29.2,0.48,7.0,0.79,Comedy
USR-3254,55.5,53,132.0,0.67,4.0,0.2,"Sci-Fi,Action"
USR-3255,3.6,3,31.6,0.58,14.0,0.62,"Drama,Documentary"
USR-3256,62.0,32,61.0,0.66,1.0,0.33,"Romance,Sci-Fi,Thriller,Action,Animation"
USR-3257,41.7,45,52.9,0.49,5.0,0.46,"Documentary,Comedy,Romance"
USR-3258,64.8,32,78.0,0.55,2.0,0.18,"Thriller,Sci-Fi,Action"
USR-3259,67.6,39,88.1,0.69,4.0,0.18,"Sci-Fi,Thriller"
USR-3260,58.2,38,65.6,0.4,3.0,0.39,"Drama,Thriller,Documentary,Horror"
USR-3261,2.9,2,22.2,0.57,26.0,0.45,Drama
USR-3262,11.1,38,28.9,0.35,6.0,0.68,"Animation,Romance"
USR-3263,1.3,1,26.6,0.52,24.0,0.58,"Documentary,Comedy"
USR-3264,60.6,47,74.9,0.52,4.0,0.09,"Sci-Fi,Action,Thriller"
USR-3265,7.3,39,25.3,0.59,9.0,0.65,Comedy
USR-3266,7.7,24,21.1,0.53,8.0,0.87,Romance
USR-3267,52.7,66,79.3,0.61,1.0,0.18,"Sci-Fi,Thriller,Action"
USR-3268,21.7,26,24.2,0.42,9.0,0.85,Romance
USR-3269,64.1,55,48.2,0.78,4.0,0.13,"Thriller,Sci-Fi,Action"
USR-3270,42.1,38,50.5,0.59,4.0,0.27,"Animation,Comedy,Action,Thriller"
USR-3271,78.7,63,65.5,0.7,4.0,0.15,"Sci-Fi,Action,Thriller"
USR-3272,13.0,16,24.5,0.43,3.0,0.69,Romance
USR-3273,55.1,30,32.4,0.46,6.0,0.43,"Animation,Romance,Thriller"
USR-3274,16.9,15,25.5,0.53,4.0,0.75,"Romance,Animation"
USR-3275,47.0,42,35.2,0.56,5.0,0.42,"Drama,Animation,Horror"
USR-3276,44.2,59,47.5,0.56,3.0,0.29,"Comedy,Sci-Fi,Romance,Documentary,Horror"
USR-3277,10.7,19,38.4,0.43,2.0,0.7,Animation
USR-3278,52.4,66,76.1,0.5,4.0,0.11,"Thriller,Sci-Fi,Action"
USR-3279,29.4,53,51.8,0.54,4.0,0.2,"Romance,Comedy,Sci-Fi,Thriller"
USR-3280,47.3,26,63.1,0.59,2.0,0.17,"Action,Sci-Fi"
USR-3281,12.0,35,29.8,0.55,6.0,0.69,"Animation,Romance"
USR-3282,50.6,28,67.3,0.51,4.0,0.09,"Sci-Fi,Thriller,Action"
USR-3283,5.1,2,13.1,0.31,30.0,0.56,"Drama,Comedy"
USR-3284,1.8,5,5.0,0.45,33.0,0.58,"Documentary,Comedy"
USR-3285,16.4,31,20.6,0.43,7.0,0.64,"Comedy,Animation"
USR-3286,115.6,64,78.8,0.59,1.0,0.16,"Thriller,Sci-Fi"
USR-3287,15.1,21,20.8,0.56,4.0,0.83,Comedy
USR-3288,43.1,50,89.9,0.57,3.0,0.15,"Action,Sci-Fi,Thriller"
USR-3289,81.7,45,73.2,0.67,3.0,0.17,"Action,Thriller"
USR-3290,48.9,65,85.6,0.73,1.0,0.18,"Thriller,Sci-Fi"
USR-3291,16.2,33,22.0,0.31,7.0,0.74,Animation
USR-3292,2.2,1,26.6,0.34,33.0,0.6,"Documentary,Comedy"
USR-3293,10.7,28,17.9,0.51,4.0,0.62,"Comedy,Romance"
USR-3294,48.6,42,73.0,0.53,1.0,0.47,"Thriller,Drama,Horror,Sci-Fi"
USR-3295,16.7,16,25.8,0.49,7.0,0.63,"Comedy,Romance"
USR-3296,31.9,48,54.2,0.7,5.0,0.23,"Action,Comedy,Animation,Romance"
USR-3297,25.3,19,36.9,0.58,1.0,0.75,Animation
USR-3298,4.7,7,23.9,0.41,12.0,0.64,"Drama,Comedy"
USR-3299,33.1,59,65.4,0.67,2.0,0.34,"Horror,Animation,Action,Romance,Documentary"
USR-3300,14.2,34,24.6,0.31,9.0,0.81,"Romance,Comedy"
USR-3301,6.3,7,11.3,0.66,44.0,0.34,Drama
USR-3302,18.4,18,21.3,0.48,5.0,0.74,Romance
USR-3303,25.1,30,51.0,0.52,2.0,0.37,"Romance,Drama,Horror,Thriller,Action"
USR-3304,14.0,18,42.1,0.37,7.0,0.78,"Animation,Romance"
USR-3305,8.4,20,27.7,0.44,1.0,0.71,"Romance,Animation"
USR-3306,8.4,4,16.6,0.75,28.0,0.42,"Comedy,Drama"
USR-3307,3.4,3,21.3,0.25,24.0,0.64,Drama
USR-3308,51.3,68,81.5,0.57,3.0,0.1,"Thriller,Sci-Fi"
USR-3309,0.5,24,28.0,0.38,6.0,0.68,Comedy
USR-3310,58.1,49,59.1,0.47,6.0,0.44,"Comedy,Thriller,Horror,Sci-Fi,Drama"
USR-3311,74.4,48,81.2,0.56,4.0,0.19,"Sci-Fi,Action,Thriller"
USR-3312,16.5,31,22.7,0.55,6.0,0.89,Animation
USR-3313,35.4,44,45.0,0.55,5.0,0.45,"Action,Thriller,Sci-Fi,Comedy"
USR-3314,20.8,32,33.0,0.34,7.0,0.89,Animation
USR-3315,39.4,28,93.6,0.69,3.0,0.19,"Sci-Fi,Thriller"
USR-3316,7.8,3,12.7,0.37,44.0,0.69,"Documentary,Drama"
USR-3317,6.4,33,25.8,0.37,5.0,0.87,Animation
USR-3318,5.7,15,24.5,0.45,2.0,0.7,Animation
USR-3319,16.6,36,26.6,0.4,5.0,0.87,Romance
USR-3320,24.7,53,47.0,0.47,2.0,0.27,"Animation,Romance,Comedy"
USR-3321,72.0,43,104.8,0.64,1.0,0.14,"Thriller,Action,Sci-Fi"
USR-3322,10.9,37,33.7,0.56,9.0,0.88,Comedy
USR-3323,21.5,57,55.8,0.59,6.0,0.43,"Animation,Action,Horror,Documentary"
USR-3324,5.0,4,10.1,0.32,29.0,0.41,Drama
USR-3325,16.3,28,28.5,0.57,4.0,0.75,"Animation,Comedy"
USR-3326,88.1,29,103.2,0.51,4.0,0.06,"Sci-Fi,Thriller"
USR-3327,15.5,31,17.6,0.47,9.0,0.83,Comedy
USR-3328,9.7,27,36.1,0.47,1.0,0.9,"Romance,Animation"
USR-3329,17.4,51,44.2,0.65,3.0,0.44,"Documentary,Comedy,Romance,Sci-Fi"
USR-3330,54.4,53,37.5,0.46,5.0,0.49,"Documentary,Action,Comedy,Sci-Fi"
USR-3331,58.4,33,110.1,0.69,4.0,0.19,"Thriller,Action"
USR-3332,57.6,37,118.7,0.59,2.0,0.12,"Sci-Fi,Thriller"
USR-3333,31.8,34,52.6,0.58,4.0,0.42,"Thriller,Animation,Documentary,Comedy,Horror"
USR-3334,3.3,6,29.1,0.37,43.0,0.56,Drama
USR-3335,69.0,33,79.6,0.78,3.0,0.19,"Sci-Fi,Thriller"
USR-3336,49.0,38,81.4,0.66,1.0,0.17,"Sci-Fi,Thriller"
USR-3337,59.0,35,89.0,0.53,3.0,0.1,"Sci-Fi,Thriller"
USR-3338,6.8,4,19.7,0.42,28.0,0.65,Documentary
USR-3339,0.9,1,15.4,0.76,10.0,0.35,Documentary
USR-3340,14.9,33,14.9,0.37,1.0,0.6,Romance
USR-3341,78.0,27,73.3,0.62,3.0,0.09,"Thriller,Sci-Fi"
USR-3342,40.5,35,69.9,0.57,2.0,0.33,"Comedy,Romance,Sci-Fi,Animation,Horror"
USR-3343,2.2,6,22.5,0.62,22.0,0.54,"Drama,Documentary"
USR-3344,16.2,39,46.9,0.41,4.0,0.22,"Sci-Fi,Drama,Documentary"
USR-3345,21.4,38,61.2,0.67,6.0,0.25,"Action,Romance,Sci-Fi"
USR-3346,5.2,3,34.2,0.25,18.0,0.52,Documentary
USR-3347,42.5,32,56.5,0.5,5.0,0.27,"Thriller,Horror,Animation,Romance,Drama"
USR-3348,2.3,6,21.2,0.44,33.0,0.31,"Documentary,Drama"
USR-3349,32.3,36,60.0,0.67,6.0,0.43,"Horror,Drama,Romance"
USR-3350,2.0,7,5.0,0.35,25.0,0.44,Documentary
USR-3351,50.3,41,79.3,0.75,4.0,0.1,"Action,Sci-Fi,Thriller"
USR-3352,48.5,31,41.4,0.61,2.0,0.28,"Thriller,Animation,Documentary,Comedy,Horror"
USR-3353,53.5,59,53.7,0.56,2.0,0.38,"Documentary,Horror,Romance,Comedy,Sci-Fi"
USR-3354,3.4,1,5.2,0.39,22.0,0.66,Comedy
USR-3355,20.7,44,35.8,0.53,1.0,0.35,"Thriller,Documentary,Romance,Action"
USR-3356,18.9,18,24.6,0.57,3.0,0.63,"Animation,Romance"
USR-3357,42.2,48,77.8,0.71,3.0,0.15,"Thriller,Sci-Fi"
USR-3358,13.5,29,40.2,0.48,2.0,0.63,Animation
USR-3359,25.7,25,18.9,0.37,5.0,0.75,Comedy
USR-3360,87.9,25,76.8,0.77,3.0,0.2,"Sci-Fi,Thriller,Action"
USR-3361,44.9,33,66.9,0.51,5.0,0.5,"Documentary,Sci-Fi,Romance,Drama"
USR-3362,16.2,46,65.5,0.66,6.0,0.29,"Comedy,Horror,Documentary,Thriller,Drama"
USR-3363,12.7,25,26.3,0.35,8.0,0.9,Animation
USR-3364,1.2,5,30.3,0.22,42.0,0.59,"Documentary,Drama"
USR-3365,31.9,39,48.8,0.66,6.0,0.46,"Thriller,Romance,Sci-Fi,Documentary,Action"
USR-3366,15.1,17,27.8,0.5,4.0,0.85,"Comedy,Romance"
USR-3367,2.8,2,9.7,0.64,26.0,0.41,"Comedy,Documentary"
USR-3368,30.7,43,60.8,0.6,4.0,0.32,"Animation,Romance,Drama,Thriller,Comedy"
USR-3369,88.8,25,81.7,0.73,2.0,0.18,"Sci-Fi,Thriller,Action"
USR-3370,38.7,44,43.6,0.68,1.0,0.41,"Action,Horror,Documentary,Thriller,Comedy"
USR-3371,65.2,35,113.6,0.77,4.0,0.06,"Thriller,Action,Sci-Fi"
USR-3372,59.0,60,80.2,0.52,1.0,0.14,"Thriller,Sci-Fi,Action"
USR-3373,34.2,31,62.4,0.58,6.0,0.34,"Drama,Action,Comedy,Animation,Horror"
USR-3374,18.1,27,20.6,0.5,1.0,0.83,Romance
USR-3375,47.9,52,79.4,0.77,3.0,0.17,"Thriller,Sci-Fi,Action"
USR-3376,44.1,47,52.3,0.52,1.0,0.48,"Sci-Fi,Thriller,Horror,Action"
USR-3377,88.1,39,84.9,0.71,2.0,0.16,"Thriller,Sci-Fi"
USR-3378,0.5,7,12.6,0.38,25.0,0.56,"Comedy,Drama"
USR-3379,32.9,46,43.0,0.52,4.0,0.27,"Documentary,Romance,Comedy,Horror,Thriller"
USR-3380,66.2,69,113.0,0.67,3.0,0.13,"Thriller,Sci-Fi,Action"
USR-3381,13.6,37,36.2,0.36,8.0,0.78,Romance
USR-3382,15.2,33,15.7,0.47,5.0,0.84,"Animation,Comedy"
USR-3383,67.4,57,96.4,0.67,1.0,0.16,"Sci-Fi,Thriller,Action"
USR-3384,6.7,17,23.8,0.33,3.0,0.75,Comedy
USR-3385,3.2,6,25.1,0.32,29.0,0.31,"Drama,Comedy"
USR-3386,19.0,27,34.6,0.47,7.0,0.79,Comedy
USR-3387,63.4,60,84.1,0.8,3.0,0.14,"Thriller,Action,Sci-Fi"
USR-3388,44.4,41,62.6,0.61,2.0,0.4,"Documentary,Drama,Romance,Comedy,Animation"
USR-3389,18.2,25,35.6,0.45,2.0,0.81,"Comedy,Romance"
USR-3390,69.5,56,101.7,0.5,3.0,0.05,"Thriller,Sci-Fi,Action"
USR-3391,0.9,7,22.6,0.34,15.0,0.44,"Documentary,Drama"
USR-3392,34.8,57,59.4,0.64,3.0,0.47,"Animation,Drama,Documentary,Comedy"
USR-3393,1.3,4,8.3,0.51,35.0,0.37,"Drama,Comedy"
USR-3394,0.5,3,5.5,0.73,11.0,0.62,Drama
USR-3395,5.9,1,16.4,0.42,20.0,0.64,"Documentary,Comedy"
USR-3396,5.8,1,5.0,0.35,16.0,0.42,Comedy
USR-3397,14.0,33,22.0,0.59,8.0,0.63,"Animation,Romance"
USR-3398,5.8,1,9.1,0.71,15.0,0.41,"Comedy,Drama"
USR-3399,2.5,7,28.5,0.34,32.0,0.59,Drama
USR-3400,72.3,56,82.5,0.58,3.0,0.15,"Thriller,Sci-Fi"
USR-3401,60.5,37,69.2,0.56,2.0,0.18,"Sci-Fi,Action"
USR-3402,46.6,36,122.0,0.65,4.0,0.11,"Sci-Fi,Thriller,Action"
USR-3403,5.7,5,18.9,0.34,28.0,0.42,Documentary
USR-3404,3.1,1,24.4,0.32,24.0,0.35,Comedy
USR-3405,11.6,23,14.6,0.51,8.0,0.9,Comedy
USR-3406,49.0,38,60.2,0.42,5.0,0.3,"Comedy,Thriller,Action"
USR-3407,37.8,48,65.2,0.65,6.0,0.42,"Thriller,Action,Sci-Fi,Romance"
USR-3408,9.3,3,13.3,0.53,19.0,0.55,"Documentary,Comedy"
USR-3409,1.7,1,16.4,0.62,15.0,0.59,Drama
USR-3410,2.9,4,5.0,0.37,11.0,0.46,"Comedy,Drama"
USR-3411,31.1,40,39.6,0.53,2.0,0.35,"Horror,Sci-Fi,Romance,Thriller"
USR-3412,91.0,65,80.4,0.57,3.0,0.15,"Thriller,Sci-Fi"
USR-3413,96.7,37,95.5,0.66,1.0,0.17,"Sci-Fi,Action,Thriller"
USR-3414,59.6,59,35.5,0.53,4.0,0.19,"Action,Thriller"
USR-3415,84.6,36,104.2,0.79,3.0,0.09,"Thriller,Sci-Fi,Action"
USR-3416,13.3,24,28.7,0.32,4.0,0.64,"Animation,Romance"
USR-3417,70.1,47,83.6,0.51,2.0,0.13,"Sci-Fi,Thriller,Action"
USR-3418,14.4,24,37.6,0.58,4.0,0.81,Comedy
USR-3419,42.0,55,57.2,0.68,4.0,0.22,"Horror,Thriller,Action,Documentary,Romance"
USR-3420,8.0,32,33.6,0.44,4.0,0.76,Romance
USR-3421,80.7,27,92.1,0.52,2.0,0.1,"Thriller,Action"
USR-3422,11.8,24,13.8,0.41,9.0,0.7,"Romance,Comedy"
USR-3423,48.9,55,49.5,0.44,3.0,0.42,"Thriller,Horror,Animation,Documentary"
USR-3424,4.6,22,31.6,0.37,7.0,0.79,Comedy
USR-3425,69.1,29,58.7,0.63,3.0,0.12,"Sci-Fi,Thriller"
USR-3426,57.6,47,56.5,0.64,5.0,0.49,"Sci-Fi,Horror,Animation,Comedy,Romance"
USR-3427,15.4,23,26.6,0.35,5.0,0.89,Animation
USR-3428,2.1,2,19.0,0.73,38.0,0.31,Drama
USR-3429,48.4,66,84.1,0.55,3.0,0.18,"Sci-Fi,Action"
USR-3430,46.4,42,51.4,0.42,6.0,0.44,"Documentary,Sci-Fi,Drama"
USR-3431,67.8,38,83.7,0.77,4.0,0.13,"Action,Sci-Fi,Thriller"
USR-3432,6.6,7,17.6,0.67,17.0,0.31,"Documentary,Drama"
USR-3433,34.1,40,46.8,0.47,3.0,0.49,"Documentary,Sci-Fi,Animation,Romance,Action"
USR-3434,41.1,36,47.7,0.46,5.0,0.48,"Documentary,Drama,Sci-Fi,Horror,Thriller"
USR-3435,17.0,34,10.9,0.36,3.0,0.85,Comedy
USR-3436,24.6,31,18.0,0.33,2.0,0.89,Animation
USR-3437,28.1,42,92.5,0.52,3.0,0.14,"Thriller,Sci-Fi,Action"
USR-3438,34.8,42,34.7,0.49,4.0,0.31,"Documentary,Horror,Romance,Thriller,Animation"
USR-3439,76.0,37,124.3,0.57,4.0,0.18,"Thriller,Action"
USR-3440,61.1,25,86.2,0.54,4.0,0.16,"Sci-Fi,Action"
USR-3441,7.0,7,16.0,0.59,35.0,0.56,Drama
USR-3442,64.9,34,91.3,0.78,4.0,0.09,"Action,Sci-Fi,Thriller"
USR-3443,27.4,40,56.1,0.52,6.0,0.47,"Sci-Fi,Drama,Thriller,Documentary"
USR-3444,19.2,15,15.7,0.58,2.0,0.64,Comedy
USR-3445,70.8,27,77.0,0.76,1.0,0.15,"Thriller,Action"
USR-3446,14.2,35,19.1,0.36,7.0,0.87,Comedy
USR-3447,65.6,63,84.4,0.76,2.0,0.11,"Sci-Fi,Action,Thriller"
USR-3448,8.3,1,18.2,0.76,38.0,0.69,"Documentary,Drama"
USR-3449,73.4,40,98.2,0.53,1.0,0.06,"Thriller,Action,Sci-Fi"
USR-3450,11.0,33,15.4,0.51,8.0,0.72,Comedy
USR-3451,2.5,7,14.2,0.64,21.0,0.33,"Drama,Documentary"
USR-3452,40.8,30,62.7,0.67,2.0,0.29,"Horror,Documentary,Sci-Fi,Animation"
USR-3453,5.4,4,22.8,0.64,38.0,0.63,"Documentary,Comedy"
USR-3454,43.4,66,53.2,0.75,1.0,0.17,"Action,Sci-Fi"
USR-3455,35.3,43,68.3,0.57,5.0,0.22,"Comedy,Romance,Documentary,Drama"
USR-3456,45.9,46,32.4,0.51,2.0,0.46,"Romance,Drama,Animation,Action,Comedy"
USR-3457,44.5,40,47.9,0.43,4.0,0.39,"Animation,Thriller,Drama,Sci-Fi,Comedy"
USR-3458,14.2,19,29.2,0.44,2.0,0.66,Romance
USR-3459,1.6,1,5.4,0.33,25.0,0.39,Comedy
USR-3460,13.0,36,33.3,0.54,6.0,0.8,"Animation,Romance"
USR-3461,19.7,38,11.0,0.39,3.0,0.88,Comedy
USR-3462,21.2,27,27.4,0.53,4.0,0.79,Romance
USR-3463,40.0,35,50.3,0.56,2.0,0.3,"Comedy,Sci-Fi,Action,Drama"
USR-3464,11.3,23,20.6,0.39,6.0,0.86,"Romance,Animation"
USR-3465,8.4,39,32.2,0.43,7.0,0.66,Animation
USR-3466,77.7,25,83.5,0.56,3.0,0.12,"Thriller,Action"
USR-3467,5.8,4,19.1,0.41,36.0,0.52,Drama
USR-3468,18.9,21,42.4,0.58,3.0,0.76,"Romance,Comedy"
USR-3469,70.3,65,92.2,0.56,1.0,0.18,"Thriller,Action"
USR-3470,12.2,32,27.6,0.52,2.0,0.87,"Comedy,Animation"
USR-3471,2.3,1,36.2,0.34,26.0,0.57,Documentary
USR-3472,16.4,27,28.7,0.47,6.0,0.6,Animation
USR-3473,23.2,34,19.5,0.43,5.0,0.79,"Comedy,Animation"
USR-3474,1.2,5,13.2,0.63,41.0,0.32,"Documentary,Comedy"
USR-3475,22.0,15,13.1,0.51,3.0,0.89,"Romance,Comedy"
USR-3476,5.0,3,16.6,0.48,15.0,0.41,Documentary
USR-3477,0.5,3,15.8,0.33,24.0,0.55,Drama
USR-3478,31.9,59,58.3,0.5,4.0,0.39,"Thriller,Comedy,Romance,Documentary,Action"
USR-3479,18.1,17,21.2,0.57,8.0,0.77,"Romance,Comedy"
USR-3480,35.0,54,65.9,0.6,3.0,0.28,"Animation,Comedy,Action,Thriller,Sci-Fi"
USR-3481,6.9,3,22.9,0.39,32.0,0.5,"Documentary,Comedy"
USR-3482,14.5,16,23.5,0.47,7.0,0.9,"Romance,Animation"
USR-3483,38.6,35,53.4,0.66,6.0,0.27,"Romance,Action,Comedy,Thriller"
USR-3484,26.1,26,29.6,0.41,3.0,0.67,Animation
USR-3485,48.3,50,60.2,0.45,3.0,0.29,"Documentary,Drama,Action"
USR-3486,53.5,45,20.6,0.62,1.0,0.24,"Action,Sci-Fi,Comedy,Horror"
USR-3487,24.5,31,37.8,0.41,1.0,0.32,"Thriller,Comedy,Action,Romance,Drama"
USR-3488,53.9,42,59.0,0.51,2.0,0.37,"Comedy,Action,Horror"
USR-3489,24.6,17,19.2,0.55,4.0,0.66,"Animation,Comedy"
USR-3490,2.8,2,29.6,0.24,24.0,0.49,"Comedy,Documentary"
USR-3491,11.7,37,26.8,0.35,7.0,0.84,Animation
USR-3492,53.5,44,54.2,0.48,5.0,0.41,"Action,Comedy,Romance,Horror,Animation"
USR-3493,17.6,15,14.9,0.49,7.0,0.68,Romance
USR-3494,60.1,68,101.0,0.61,1.0,0.11,"Thriller,Action,Sci-Fi"
USR-3495,3.3,4,25.5,0.59,38.0,0.67,Documentary
USR-3496,2.0,3,15.9,0.25,39.0,0.53,"Comedy,Drama"
USR-3497,11.6,36,20.6,0.46,6.0,0.67,Romance
USR-3498,74.7,39,74.8,0.66,1.0,0.15,"Thriller,Action,Sci-Fi"
USR-3499,64.2,31,84.5,0.52,2.0,0.1,"Sci-Fi,Thriller,Action"
USR-3500,11.9,30,23.3,0.59,3.0,0.82,"Animation,Romance"
USR-3501,57.5,38,53.2,0.4,1.0,0.43,"Sci-Fi,Horror,Drama,Documentary,Thriller"
USR-3502,56.4,65,126.0,0.57,1.0,0.16,"Sci-Fi,Action,Thriller"
USR-3503,8.5,32,30.3,0.46,2.0,0.69,"Animation,Romance"
USR-3504,3.8,3,12.8,0.33,30.0,0.33,Comedy
USR-3505,33.6,57,36.4,0.58,3.0,0.3,"Comedy,Romance,Animation,Action,Drama"
USR-3506,7.1,32,20.2,0.53,4.0,0.74,"Animation,Romance"
USR-3507,8.9,5,8.1,0.39,10.0,0.58,"Drama,Comedy"
USR-3508,48.2,28,108.2,0.55,4.0,0.06,"Action,Sci-Fi"
USR-3509,22.0,20,17.4,0.42,9.0,0.66,"Romance,Animation"
USR-3510,3.2,4,17.3,0.22,12.0,0.36,Drama
USR-3511,71.5,45,77.9,0.8,3.0,0.09,"Thriller,Sci-Fi,Action"
USR-3512,22.6,69,96.3,0.63,2.0,0.1,"Thriller,Action"
USR-3513,10.9,25,17.3,0.32,8.0,0.69,"Animation,Romance"
USR-3514,55.5,40,60.1,0.48,2.0,0.42,"Romance,Drama,Horror"
USR-3515,44.5,59,37.4,0.65,3.0,0.5,"Drama,Comedy,Romance,Animation,Thriller"
USR-3516,53.5,32,38.3,0.67,4.0,0.4,"Romance,Documentary,Drama"
USR-3517,88.0,27,113.7,0.61,3.0,0.11,"Action,Sci-Fi,Thriller"
USR-3518,14.0,28,15.0,0.52,9.0,0.69,Comedy
USR-3519,19.0,19,23.1,0.58,2.0,0.66,Romance
USR-3520,26.4,56,53.9,0.42,2.0,0.21,"Romance,Action,Thriller,Horror,Drama"
USR-3521,57.8,30,90.1,0.64,2.0,0.08,"Thriller,Action"
USR-3522,6.4,2,18.2,0.26,21.0,0.4,"Documentary,Comedy"
USR-3523,58.2,26,73.5,0.78,2.0,0.13,"Thriller,Sci-Fi,Action"
USR-3524,40.4,59,45.4,0.42,1.0,0.44,"Comedy,Documentary,Romance,Sci-Fi,Horror"
USR-3525,18.6,18,26.5,0.42,7.0,0.76,"Animation,Comedy"
USR-3526,57.1,55,94.8,0.8,1.0,0.2,"Sci-Fi,Thriller,Action"
USR-3527,3.1,7,13.7,0.68,14.0,0.47,Comedy
USR-3528,26.0,50,50.1,0.44,2.0,0.46,"Horror,Sci-Fi,Comedy,Action,Thriller"
USR-3529,13.2,29,20.2,0.48,3.0,0.74,"Comedy,Romance"
USR-3530,38.2,44,54.1,0.49,4.0,0.25,"Sci-Fi,Action,Comedy,Drama"
USR-3531,58.6,29,74.4,0.56,2.0,0.1,"Thriller,Action,Sci-Fi"
USR-3532,25.6,34,26.4,0.37,8.0,0.69,"Comedy,Romance"
USR-3533,18.6,18,38.2,0.42,4.0,0.68,"Comedy,Animation"
USR-3534,41.8,41,38.7,0.53,1.0,0.31,"Documentary,Animation,Drama"
USR-3535,58.9,29,84.0,0.63,4.0,0.14,"Sci-Fi,Thriller"
USR-3536,11.3,22,23.5,0.34,9.0,0.61,Animation
USR-3537,23.0,32,22.0,0.49,8.0,0.62,Romance
USR-3538,21.4,37,29.7,0.47,2.0,0.63,Comedy
USR-3539,14.2,38,41.6,0.41,2.0,0.79,"Comedy,Animation"
USR-3540,8.1,1,22.2,0.29,10.0,0.62,"Drama,Documentary"
USR-3541,6.0,5,5.0,0.67,44.0,0.54,"Comedy,Documentary"
USR-3542,23.4,20,36.0,0.58,8.0,0.62,"Animation,Romance"
USR-3543,47.1,43,67.7,0.57,6.0,0.46,"Romance,Sci-Fi,Animation,Thriller,Comedy"
USR-3544,5.7,5,26.3,0.71,32.0,0.63,"Comedy,Documentary"
USR-3545,38.6,62,105.6,0.51,1.0,0.09,"Thriller,Sci-Fi,Action"
USR-3546,70.4,48,88.6,0.75,1.0,0.08,"Thriller,Action,Sci-Fi"
USR-3547,86.2,39,78.1,0.58,3.0,0.17,"Sci-Fi,Action"
USR-3548,6.5,6,32.6,0.22,38.0,0.48,Comedy
USR-3549,3.1,3,10.6,0.55,16.0,0.7,"Drama,Documentary"
USR-3550,29.4,52,57.5,0.42,2.0,0.35,"Sci-Fi,Horror,Romance,Thriller,Action"
USR-3551,31.4,38,42.9,0.46,1.0,0.26,"Sci-Fi,Horror,Comedy,Romance,Animation"
USR-3552,11.7,25,25.9,0.38,6.0,0.61,"Romance,Animation"
USR-3553,3.4,2,12.6,0.29,44.0,0.62,"Documentary,Comedy"
USR-3554,12.2,18,25.4,0.48,6.0,0.81,"Animation,Comedy"
USR-3555,6.1,2,9.3,0.62,24.0,0.41,"Documentary,Comedy"
USR-3556,3.2,5,23.5,0.46,15.0,0.31,"Drama,Documentary"
USR-3557,14.3,33,26.3,0.6,2.0,0.86,Animation
USR-3558,72.2,51,50.8,0.58,5.0,0.37,"Comedy,Animation,Sci-Fi,Drama"
USR-3559,49.0,47,110.5,0.7,2.0,0.2,"Sci-Fi,Action,Thriller"
USR-3560,4.6,3,30.4,0.59,11.0,0.4,"Documentary,Comedy"
USR-3561,54.2,49,40.7,0.59,3.0,0.39,"Sci-Fi,Romance,Horror"
USR-3562,14.3,28,34.3,0.5,8.0,0.67,"Animation,Comedy"
USR-3563,14.4,30,15.0,0.55,8.0,0.84,Comedy
USR-3564,18.0,34,26.5,0.51,3.0,0.83,"Animation,Comedy"
USR-3565,18.3,20,19.6,0.43,6.0,0.74,"Comedy,Romance"
USR-3566,20.5,39,29.9,0.47,5.0,0.36,"Documentary,Action,Horror,Sci-Fi"
USR-3567,34.6,58,35.6,0.55,5.0,0.22,"Documentary,Animation,Action,Romance"
USR-3568,36.2,57,64.0,0.67,5.0,0.44,"Comedy,Romance,Horror,Animation"
USR-3569,11.1,16,7.4,0.33,6.0,0.89,"Animation,Comedy"
USR-3570,23.8,32,35.6,0.35,3.0,0.68,"Animation,Romance"
USR-3571,6.7,3,17.5,0.49,44.0,0.65,Comedy
USR-3572,13.9,33,30.4,0.33,3.0,0.75,Comedy
USR-3573,35.3,41,105.5,0.55,3.0,0.13,"Action,Sci-Fi,Thriller"
USR-3574,2.6,3,22.9,0.8,35.0,0.36,Comedy
USR-3575,24.8,38,53.0,0.48,3.0,0.23,"Documentary,Action,Sci-Fi,Drama"
USR-3576,45.9,41,40.0,0.61,6.0,0.46,"Horror,Thriller,Comedy,Romance"
USR-3577,26.8,21,23.7,0.59,2.0,0.66,"Animation,Comedy"
USR-3578,11.4,21,17.1,0.43,8.0,0.83,"Animation,Comedy"
USR-3579,67.3,36,98.4,0.71,2.0,0.11,"Thriller,Sci-Fi"
USR-3580,4.9,3,15.4,0.77,31.0,0.61,"Documentary,Drama"
USR-3581,8.2,1,23.1,0.47,40.0,0.38,"Comedy,Documentary"
USR-3582,83.1,61,75.9,0.5,4.0,0.06,"Sci-Fi,Action"
USR-3583,20.1,34,28.6,0.43,7.0,0.76,"Comedy,Romance"
USR-3584,109.0,29,121.9,0.57,4.0,0.09,"Thriller,Sci-Fi,Action"
USR-3585,50.8,46,68.8,0.54,5.0,0.39,"Thriller,Animation,Action,Horror,Documentary"
USR-3586,17.1,37,22.8,0.57,4.0,0.76,"Animation,Comedy"
USR-3587,19.1,26,28.2,0.51,5.0,0.81,Comedy
USR-3588,75.2,27,107.2,0.71,2.0,0.08,"Sci-Fi,Action,Thriller"
USR-3589,22.6,28,38.6,0.49,9.0,0.68,Comedy
USR-3590,0.5,3,18.1,0.35,30.0,0.63,"Comedy,Drama"
USR-3591,51.2,59,47.6,0.44,6.0,0.46,"Animation,Documentary,Thriller,Drama"
USR-3592,12.2,24,26.5,0.44,8.0,0.77,"Romance,Comedy"
USR-3593,0.5,22,19.7,0.44,7.0,0.76,"Comedy,Romance"
USR-3594,39.3,34,43.9,0.7,5.0,0.31,"Documentary,Drama,Animation,Comedy,Thriller"
USR-3595,44.7,34,69.1,0.58,3.0,0.12,"Thriller,Sci-Fi,Action"
USR-3596,79.1,29,77.3,0.73,4.0,0.09,"Action,Thriller"
USR-3597,5.3,1,23.1,0.69,24.0,0.57,Drama
USR-3598,104.4,43,98.3,0.59,4.0,0.09,"Sci-Fi,Action,Thriller"
USR-3599,71.7,64,100.7,0.75,4.0,0.1,"Action,Sci-Fi"
USR-3600,8.1,19,30.6,0.3,9.0,0.66,Romance
USR-3601,59.2,41,94.8,0.5,2.0,0.14,"Action,Thriller,Sci-Fi"
USR-3602,6.5,20,29.6,0.47,6.0,0.78,"Romance,Animation"
USR-3603,63.8,34,51.4,0.69,2.0,0.19,"Sci-Fi,Thriller"
USR-3604,68.8,53,48.5,0.61,6.0,0.34,"Horror,Comedy,Documentary,Thriller"
USR-3605,38.7,43,64.5,0.65,6.0,0.46,"Drama,Animation,Sci-Fi,Romance"
USR-3606,33.6,40,35.2,0.42,5.0,0.47,"Animation,Documentary,Horror"
USR-3607,42.7,46,41.2,0.68,1.0,0.32,"Animation,Romance,Sci-Fi"
USR-3608,66.5,52,70.8,0.67,3.0,0.12,"Action,Sci-Fi,Thriller"
USR-3609,18.3,35,31.3,0.54,3.0,0.66,"Comedy,Romance"
USR-3610,39.7,35,74.6,0.78,4.0,0.14,"Action,Sci-Fi"
USR-3611,71.3,47,86.9,0.52,1.0,0.11,"Action,Sci-Fi"
USR-3612,65.5,25,103.3,0.7,4.0,0.06,"Action,Sci-Fi"
USR-3613,48.6,37,49.2,0.42,4.0,0.31,"Sci-Fi,Romance,Thriller,Horror,Drama"
USR-3614,69.5,51,49.6,0.74,2.0,0.19,"Thriller,Action"
USR-3615,40.4,33,78.4,0.68,4.0,0.1,"Action,Thriller,Sci-Fi"
USR-3616,47.4,59,88.3,0.58,1.0,0.09,"Thriller,Sci-Fi"
USR-3617,66.3,64,114.6,0.52,4.0,0.08,"Action,Sci-Fi,Thriller"
USR-3618,1.9,6,22.4,0.71,19.0,0.41,"Comedy,Documentary"
USR-3619,5.4,4,14.5,0.33,22.0,0.45,Documentary
USR-3620,48.2,32,72.9,0.67,2.0,0.14,"Sci-Fi,Action"
USR-3621,68.6,37,67.1,0.48,2.0,0.26,"Horror,Documentary,Animation,Comedy"
USR-3622,68.2,52,101.9,0.71,4.0,0.19,"Action,Sci-Fi"
USR-3623,14.5,19,17.1,0.44,1.0,0.9,Animation
USR-3624,11.6,47,50.9,0.53,5.0,0.48,"Sci-Fi,Horror,Documentary"
USR-3625,75.1,52,84.4,0.51,4.0,0.07,"Thriller,Action,Sci-Fi"
USR-3626,7.7,4,11.8,0.56,32.0,0.3,Documentary
USR-3627,4.8,6,40.5,0.21,37.0,0.67,"Documentary,Drama"
USR-3628,94.0,57,74.3,0.7,1.0,0.19,"Sci-Fi,Thriller"
USR-3629,3.0,2,16.4,0.22,34.0,0.6,Documentary
USR-3630,20.3,22,27.3,0.54,4.0,0.82,"Animation,Comedy"
USR-3631,40.6,42,50.0,0.56,6.0,0.3,"Comedy,Sci-Fi,Romance"
USR-3632,73.8,56,64.7,0.8,4.0,0.1,"Sci-Fi,Action"
USR-3633,6.1,7,29.4,0.33,10.0,0.36,Drama
USR-3634,21.7,28,36.3,0.3,7.0,0.79,"Comedy,Animation"
USR-3635,14.5,32,30.9,0.45,6.0,0.88,Comedy
USR-3636,9.1,32,11.9,0.53,8.0,0.7,Comedy
USR-3637,13.8,15,17.0,0.54,2.0,0.79,"Comedy,Animation"
USR-3638,74.2,66,98.1,0.53,1.0,0.06,"Sci-Fi,Thriller,Action"
USR-3639,53.3,30,81.2,0.73,1.0,0.18,"Thriller,Sci-Fi"
USR-3640,16.3,28,29.2,0.31,7.0,0.68,"Animation,Romance"
USR-3641,17.3,15,21.4,0.47,8.0,0.81,"Animation,Romance"
USR-3642,2.9,30,18.2,0.56,8.0,0.79,"Romance,Comedy"
USR-3643,5.5,6,9.0,0.62,31.0,0.3,"Comedy,Documentary"
USR-3644,22.6,48,51.1,0.41,4.0,0.43,"Animation,Drama,Romance"
USR-3645,42.8,56,35.1,0.67,1.0,0.24,"Romance,Comedy,Thriller,Action,Animation"
USR-3646,69.2,59,96.7,0.78,3.0,0.16,"Thriller,Action"
USR-3647,15.2,23,17.3,0.37,9.0,0.69,Romance
USR-3648,38.6,58,42.0,0.43,4.0,0.48,"Comedy,Horror,Documentary,Thriller,Sci-Fi"
USR-3649,12.2,33,34.6,0.5,5.0,0.69,"Romance,Comedy"
USR-3650,81.2,36,61.5,0.7,1.0,0.06,"Thriller,Action"
USR-3651,36.1,33,97.2,0.7,3.0,0.13,"Thriller,Action"
USR-3652,6.4,6,6.4,0.3,10.0,0.62,Drama
USR-3653,47.4,33,48.1,0.61,5.0,0.41,"Animation,Documentary,Comedy,Action"
USR-3654,20.1,34,9.2,0.56,2.0,0.83,"Comedy,Romance"
USR-3655,24.2,36,15.5,0.49,4.0,0.75,"Romance,Comedy"
USR-3656,57.8,34,113.1,0.57,2.0,0.06,"Thriller,Sci-Fi"
USR-3657,83.8,35,78.2,0.56,1.0,0.08,"Action,Sci-Fi"
USR-3658,38.1,39,44.3,0.66,2.0,0.21,"Comedy,Documentary,Thriller"
USR-3659,19.9,38,12.1,0.33,6.0,0.88,"Romance,Animation"
USR-3660,1.8,3,36.7,0.3,38.0,0.31,Drama
USR-3661,4.0,2,28.9,0.45,34.0,0.34,"Drama,Comedy"
USR-3662,48.9,44,58.2,0.58,3.0,0.46,"Sci-Fi,Animation,Romance"
USR-3663,61.3,44,81.8,0.6,4.0,0.08,"Action,Sci-Fi"
USR-3664,18.7,50,25.9,0.66,6.0,0.33,"Romance,Comedy,Sci-Fi,Drama,Animation"
USR-3665,28.4,45,72.1,0.49,4.0,0.37,"Sci-Fi,Comedy,Animation"
USR-3666,2.7,6,23.9,0.32,10.0,0.68,Comedy
USR-3667,42.7,62,68.7,0.56,2.0,0.06,"Action,Thriller,Sci-Fi"
USR-3668,46.4,62,96.2,0.61,3.0,0.05,"Sci-Fi,Action,Thriller"
USR-3669,40.0,47,77.3,0.52,4.0,0.41,"Horror,Romance,Documentary,Action"
USR-3670,61.3,52,104.6,0.53,4.0,0.1,"Sci-Fi,Thriller,Action"
USR-3671,17.0,52,43.0,0.58,1.0,0.43,"Horror,Sci-Fi,Comedy"
USR-3672,18.9,31,36.9,0.41,2.0,0.7,Comedy
USR-3673,0.5,7,36.5,0.69,22.0,0.6,"Drama,Comedy"
USR-3674,3.1,6,12.9,0.44,41.0,0.55,Drama
USR-3675,14.2,37,33.0,0.35,5.0,0.68,Animation
USR-3676,61.2,43,74.2,0.78,3.0,0.06,"Action,Thriller"
USR-3677,39.1,47,55.8,0.43,5.0,0.43,"Drama,Animation,Action,Horror"
USR-3678,15.3,15,21.3,0.54,6.0,0.75,Comedy
USR-3679,0.5,7,23.3,0.74,42.0,0.51,Comedy
USR-3680,27.1,33,18.4,0.5,7.0,0.77,"Comedy,Romance"
USR-3681,14.2,33,25.7,0.46,4.0,0.86,"Romance,Animation"
USR-3682,44.9,35,27.1,0.43,6.0,0.33,"Animation,Documentary,Comedy,Drama"
USR-3683,33.7,36,59.6,0.55,4.0,0.27,"Thriller,Comedy,Romance"
USR-3684,32.3,39,66.0,0.66,1.0,0.36,"Comedy,Action,Animation"
USR-3685,19.9,25,36.4,0.46,6.0,0.61,"Comedy,Animation"
USR-3686,38.2,54,67.0,0.63,3.0,0.07,"Sci-Fi,Thriller"
USR-3687,70.5,38,95.1,0.74,1.0,0.18,"Action,Thriller,Sci-Fi"
USR-3688,1.3,5,22.1,0.22,26.0,0.35,Drama
USR-3689,24.3,17,23.1,0.38,8.0,0.8,"Animation,Comedy"
USR-3690,47.2,56,56.5,0.42,2.0,0.42,"Romance,Comedy,Horror,Documentary,Thriller"
USR-3691,46.6,67,67.3,0.52,2.0,0.12,"Action,Thriller"
USR-3692,70.9,55,109.2,0.78,2.0,0.17,"Sci-Fi,Action,Thriller"
USR-3693,0.5,1,8.2,0.47,33.0,0.39,"Documentary,Drama"
USR-3694,73.2,56,48.8,0.61,1.0,0.4,"Thriller,Romance,Documentary,Drama"
USR-3695,64.9,59,107.4,0.76,1.0,0.1,"Sci-Fi,Action"
USR-3696,49.5,59,38.0,0.64,2.0,0.39,"Comedy,Drama,Documentary,Sci-Fi,Horror"
USR-3697,36.6,36,74.0,0.5,2.0,0.4,"Action,Animation,Horror"
USR-3698,26.6,16,24.6,0.54,2.0,0.67,"Comedy,Romance"
USR-3699,2.6,3,14.4,0.76,19.0,0.3,"Drama,Comedy"
USR-3700,61.5,31,44.6,0.57,3.0,0.36,"Romance,Drama,Animation,Action"
USR-3701,14.4,15,11.7,0.42,9.0,0.84,Comedy
USR-3702,3.6,2,13.4,0.29,44.0,0.4,"Drama,Documentary"
USR-3703,14.1,29,25.2,0.55,2.0,0.83,"Romance,Comedy"
USR-3704,57.9,43,58.6,0.55,4.0,0.34,"Sci-Fi,Animation,Drama,Comedy"
USR-3705,4.7,4,5.0,0.46,27.0,0.66,Drama
USR-3706,40.7,35,99.4,0.5,1.0,0.05,"Thriller,Action"
USR-3707,22.1,32,50.0,0.64,4.0,0.26,"Horror,Romance,Action"
USR-3708,10.3,15,24.5,0.37,8.0,0.85,Romance
USR-3709,23.3,35,7.2,0.35,4.0,0.71,"Animation,Romance"
USR-3710,20.3,47,48.6,0.65,3.0,0.25,"Sci-Fi,Comedy,Action,Romance,Drama"
USR-3711,26.7,57,48.8,0.62,4.0,0.37,"Comedy,Sci-Fi,Romance,Drama"
USR-3712,18.4,49,38.2,0.51,2.0,0.22,"Action,Animation,Sci-Fi"
USR-3713,19.6,15,12.0,0.5,4.0,0.87,"Animation,Comedy"
USR-3714,7.7,31,21.4,0.59,8.0,0.69,Animation
USR-3715,61.5,32,45.8,0.53,4.0,0.43,"Romance,Thriller,Action,Animation"
USR-3716,23.3,22,21.5,0.47,3.0,0.6,"Comedy,Animation"
USR-3717,8.8,29,30.8,0.5,9.0,0.66,"Comedy,Romance"
USR-3718,17.3,37,16.6,0.31,2.0,0.69,"Romance,Animation"
USR-3719,2.1,24,18.9,0.56,9.0,0.86,Romance
USR-3720,18.1,22,29.8,0.33,7.0,0.63,"Comedy,Romance"
USR-3721,72.7,56,60.9,0.76,2.0,0.09,"Action,Thriller"
USR-3722,2.7,6,10.2,0.35,19.0,0.58,Documentary
USR-3723,2.6,5,5.0,0.21,23.0,0.68,Documentary
USR-3724,78.2,62,90.3,0.67,1.0,0.07,"Thriller,Action"
USR-3725,0.5,7,5.8,0.62,35.0,0.53,Comedy
USR-3726,69.8,51,96.2,0.53,4.0,0.17,"Action,Thriller"
USR-3727,7.6,32,26.7,0.59,5.0,0.69,"Animation,Romance"
USR-3728,0.5,6,14.8,0.57,35.0,0.57,Drama
USR-3729,88.3,29,100.4,0.78,3.0,0.18,"Action,Thriller"
USR-3730,62.9,27,64.1,0.69,1.0,0.15,"Thriller,Action,Sci-Fi"
USR-3731,72.1,68,54.4,0.57,4.0,0.19,"Action,Thriller,Sci-Fi"
USR-3732,22.1,26,21.6,0.4,1.0,0.75,"Comedy,Animation"
USR-3733,19.3,25,18.1,0.53,2.0,0.82,"Animation,Romance"
USR-3734,13.2,26,19.5,0.42,2.0,0.72,Animation
USR-3735,37.0,35,29.5,0.42,5.0,0.27,"Romance,Action,Animation,Documentary,Horror"
USR-3736,2.7,1,5.0,0.21,13.0,0.37,"Drama,Documentary"
USR-3737,4.1,2,20.8,0.32,20.0,0.33,Drama
USR-3738,28.9,58,61.3,0.61,4.0,0.45,"Romance,Sci-Fi,Animation,Thriller,Documentary"
USR-3739,7.6,4,35.6,0.59,15.0,0.4,Drama
USR-3740,2.2,7,24.6,0.57,27.0,0.33,Comedy
USR-3741,17.0,36,43.1,0.52,6.0,0.3,"Drama,Action,Sci-Fi,Thriller,Romance"
USR-3742,91.9,41,100.4,0.53,4.0,0.1,"Sci-Fi,Thriller"
USR-3743,69.0,50,110.7,0.53,2.0,0.19,"Action,Thriller,Sci-Fi"
USR-3744,21.8,59,51.1,0.48,3.0,0.3,"Horror,Sci-Fi,Thriller,Action,Drama"
USR-3745,57.5,68,82.9,0.54,2.0,0.15,"Sci-Fi,Thriller,Action"
USR-3746,23.7,22,32.7,0.42,5.0,0.86,Comedy
USR-3747,22.7,29,25.8,0.46,6.0,0.84,Animation
USR-3748,52.9,53,78.3,0.52,3.0,0.16,"Thriller,Sci-Fi,Action"
USR-3749,61.0,56,110.0,0.64,2.0,0.16,"Action,Sci-Fi"
USR-3750,19.0,49,61.6,0.63,3.0,0.2,"Romance,Drama,Thriller"
USR-3751,9.6,35,35.1,0.47,6.0,0.28,"Animation,Sci-Fi,Romance,Horror"
USR-3752,65.7,49,52.1,0.59,4.0,0.11,"Sci-Fi,Thriller,Action"
USR-3753,20.5,21,28.7,0.39,5.0,0.68,"Animation,Comedy"
USR-3754,21.4,32,11.8,0.37,9.0,0.72,Comedy
USR-3755,13.3,35,21.6,0.37,8.0,0.6,"Romance,Animation"
USR-3756,6.8,1,23.8,0.31,30.0,0.66,Drama
USR-3757,2.8,6,36.4,0.58,44.0,0.35,Comedy
USR-3758,43.7,58,61.2,0.72,3.0,0.16,"Thriller,Sci-Fi"
USR-3759,2.9,1,25.7,0.27,16.0,0.35,"Drama,Comedy"
USR-3760,60.6,69,59.8,0.69,1.0,0.2,"Thriller,Sci-Fi"
USR-3761,16.2,57,55.6,0.47,3.0,0.33,"Documentary,Thriller,Action,Animation"
USR-3762,17.7,25,9.1,0.47,3.0,0.73,"Romance,Animation"
USR-3763,60.4,69,70.3,0.72,2.0,0.16,"Thriller,Action"
USR-3764,52.0,26,80.4,0.62,3.0,0.11,"Sci-Fi,Action,Thriller"
USR-3765,10.4,22,17.9,0.54,6.0,0.71,Animation
USR-3766,9.9,31,23.4,0.37,8.0,0.67,"Animation,Romance"
USR-3767,24.6,27,31.4,0.49,4.0,0.79,Animation
USR-3768,1.1,6,25.2,0.35,38.0,0.47,"Drama,Documentary"
USR-3769,39.0,34,52.6,0.44,5.0,0.4,"Horror,Romance,Drama"
USR-3770,25.3,55,38.1,0.66,6.0,0.31,"Documentary,Sci-Fi,Romance,Animation"
USR-3771,36.9,47,45.2,0.63,6.0,0.49,"Sci-Fi,Drama,Documentary,Comedy"
USR-3772,6.4,1,22.3,0.28,31.0,0.59,Comedy
USR-3773,40.8,38,18.5,0.5,6.0,0.36,"Sci-Fi,Action,Drama"
USR-3774,12.7,24,33.7,0.49,2.0,0.64,Comedy
USR-3775,81.5,27,118.1,0.54,2.0,0.1,"Action,Thriller"
USR-3776,57.9,34,82.6,0.73,2.0,0.13,"Sci-Fi,Thriller"
USR-3777,22.2,29,14.7,0.51,6.0,0.87,Comedy
USR-3778,42.8,42,31.6,0.65,6.0,0.27,"Documentary,Romance,Comedy,Sci-Fi"
USR-3779,17.4,39,30.0,0.57,9.0,0.73,Animation
USR-3780,6.0,5,16.2,0.45,13.0,0.52,Documentary
USR-3781,61.2,66,97.0,0.67,2.0,0.16,"Action,Sci-Fi"
USR-3782,19.9,17,10.9,0.51,4.0,0.87,"Animation,Romance"
USR-3783,78.5,56,103.6,0.61,4.0,0.12,"Thriller,Action,Sci-Fi"
USR-3784,14.6,36,30.8,0.53,8.0,0.79,"Romance,Comedy"
USR-3785,78.5,55,55.5,0.53,2.0,0.13,"Sci-Fi,Action"
USR-3786,43.0,38,49.3,0.63,4.0,0.44,"Thriller,Horror,Documentary,Action,Animation"
USR-3787,53.7,42,76.2,0.78,1.0,0.19,"Action,Thriller,Sci-Fi"
USR-3788,49.9,54,61.5,0.55,6.0,0.35,"Documentary,Romance,Comedy,Action"
USR-3789,36.3,55,74.4,0.41,3.0,0.4,"Documentary,Comedy,Drama"
USR-3790,90.1,61,106.4,0.72,3.0,0.18,"Sci-Fi,Thriller"
USR-3791,8.3,32,37.6,0.59,7.0,0.89,"Animation,Romance"
USR-3792,56.8,60,110.8,0.52,2.0,0.09,"Sci-Fi,Action,Thriller"
USR-3793,56.7,33,48.1,0.53,1.0,0.45,"Animation,Documentary,Sci-Fi"
USR-3794,40.9,38,77.5,0.7,1.0,0.19,"Sci-Fi,Thriller,Action"
USR-3795,11.6,17,9.9,0.46,3.0,0.88,Animation
USR-3796,21.6,39,65.7,0.55,1.0,0.27,"Documentary,Horror,Thriller,Comedy"
USR-3797,0.5,4,31.0,0.61,22.0,0.69,"Documentary,Drama"
USR-3798,17.7,24,34.7,0.52,4.0,0.88,Comedy
USR-3799,39.7,32,46.2,0.61,1.0,0.43,"Thriller,Romance,Drama"
USR-3800,7.6,39,19.2,0.41,5.0,0.83,"Animation,Romance"
USR-3801,70.1,52,51.8,0.58,1.0,0.08,"Thriller,Action"
USR-3802,5.2,5,18.9,0.76,10.0,0.61,Comedy
USR-3803,12.9,31,32.0,0.55,3.0,0.76,Romance
USR-3804,36.7,49,52.9,0.49,1.0,0.47,"Drama,Animation,Comedy,Action"
USR-3805,18.5,36,28.6,0.6,9.0,0.89,Romance
USR-3806,83.6,26,121.8,0.55,4.0,0.06,"Action,Sci-Fi"
USR-3807,77.7,63,66.0,0.65,3.0,0.09,"Action,Sci-Fi"
USR-3808,88.0,57,57.8,0.8,2.0,0.07,"Sci-Fi,Action"
USR-3809,5.5,2,22.3,0.64,13.0,0.65,"Drama,Documentary"
USR-3810,14.8,23,18.6,0.51,2.0,0.8,"Comedy,Animation"
USR-3811,23.5,54,63.7,0.55,2.0,0.27,"Romance,Horror,Comedy,Animation,Documentary"
USR-3812,4.7,5,9.6,0.55,34.0,0.36,Comedy
USR-3813,59.9,34,63.6,0.49,5.0,0.33,"Sci-Fi,Drama,Animation,Action"
USR-3814,17.1,32,26.1,0.31,1.0,0.73,Animation
USR-3815,19.5,25,18.4,0.43,4.0,0.73,Comedy
USR-3816,52.8,48,41.6,0.67,3.0,0.34,"Romance,Thriller,Comedy"
USR-3817,41.1,51,48.6,0.57,3.0,0.28,"Comedy,Horror,Romance,Animation,Drama"
USR-3818,19.6,16,28.6,0.47,3.0,0.7,Comedy
USR-3819,38.7,36,66.3,0.63,1.0,0.27,"Thriller,Romance,Documentary,Sci-Fi"
USR-3820,73.5,40,120.9,0.59,3.0,0.17,"Sci-Fi,Thriller,Action"
USR-3821,70.5,60,76.6,0.62,2.0,0.08,"Thriller,Sci-Fi,Action"
USR-3822,2.6,5,8.7,0.73,44.0,0.58,"Drama,Documentary"
USR-3823,41.5,51,32.0,0.66,3.0,0.32,"Thriller,Drama,Horror"
USR-3824,41.8,40,40.9,0.66,2.0,0.27,"Animation,Comedy,Documentary,Thriller,Action"
USR-3825,61.0,36,96.2,0.6,2.0,0.19,"Action,Sci-Fi"
USR-3826,75.0,40,111.4,0.78,4.0,0.11,"Sci-Fi,Thriller,Action"
USR-3827,61.5,54,106.3,0.71,3.0,0.1,"Action,Thriller,Sci-Fi"
USR-3828,19.6,16,24.8,0.48,4.0,0.63,Animation
USR-3829,39.7,53,38.3,0.57,1.0,0.29,"Horror,Drama,Thriller"
USR-3830,56.3,33,43.7,0.48,3.0,0.21,"Comedy,Thriller,Drama"
USR-3831,9.5,35,6.1,0.45,2.0,0.76,"Animation,Comedy"
USR-3832,6.3,2,28.9,0.54,19.0,0.31,Documentary
USR-3833,33.5,47,34.2,0.44,4.0,0.33,"Sci-Fi,Action,Romance,Documentary"
USR-3834,76.6,29,70.5,0.67,4.0,0.19,"Thriller,Action,Sci-Fi"
USR-3835,15.7,28,28.9,0.57,7.0,0.67,"Animation,Romance"
USR-3836,69.6,66,101.2,0.57,4.0,0.15,"Thriller,Action"
USR-3837,44.9,50,48.0,0.52,6.0,0.47,"Thriller,Documentary,Comedy"
USR-3838,105.1,30,67.2,0.59,2.0,0.15,"Sci-Fi,Thriller"
USR-3839,1.6,1,20.1,0.76,39.0,0.57,Drama
USR-3840,13.8,24,45.7,0.44,3.0,0.8,"Romance,Comedy"
USR-3841,41.8,43,62.0,0.41,4.0,0.24,"Thriller,Animation,Comedy"
USR-3842,33.6,50,54.1,0.6,6.0,0.4,"Animation,Drama,Action,Romance"
USR-3843,6.0,5,31.2,0.42,10.0,0.3,"Documentary,Comedy"
USR-3844,38.7,68,91.3,0.67,2.0,0.18,"Action,Thriller,Sci-Fi"
USR-3845,0.6,7,24.5,0.43,20.0,0.46,"Comedy,Drama"
USR-3846,32.5,39,48.4,0.61,2.0,0.2,"Drama,Thriller,Documentary"
USR-3847,87.6,35,46.3,0.55,4.0,0.18,"Sci-Fi,Action,Thriller"
USR-3848,29.1,17,24.9,0.53,2.0,0.6,Comedy
USR-3849,6.5,3,36.5,0.28,41.0,0.48,Comedy
USR-3850,5.1,35,24.8,0.55,9.0,0.89,Animation
USR-3851,12.9,21,5.0,0.52,4.0,0.84,"Romance,Comedy"
USR-3852,0.5,3,30.1,0.3,35.0,0.6,Documentary
USR-3853,70.2,38,100.2,0.69,1.0,0.2,"Sci-Fi,Action"
USR-3854,21.8,25,14.7,0.58,9.0,0.74,Romance
USR-3855,2.6,6,20.2,0.25,19.0,0.65,Drama
USR-3856,59.8,38,47.0,0.58,2.0,0.09,"Thriller,Action,Sci-Fi"
USR-3857,5.1,6,21.3,0.64,34.0,0.68,Documentary
USR-3858,19.6,31,20.8,0.34,6.0,0.74,Romance
USR-3859,52.1,31,42.2,0.69,3.0,0.47,"Horror,Documentary,Action,Sci-Fi,Animation"
USR-3860,22.3,30,38.6,0.58,4.0,0.79,Comedy
USR-3861,86.6,30,83.6,0.57,4.0,0.12,"Action,Sci-Fi"
USR-3862,38.1,32,46.4,0.48,3.0,0.41,"Comedy,Thriller,Drama,Documentary"
USR-3863,35.4,37,58.7,0.69,6.0,0.36,"Animation,Drama,Thriller,Horror,Comedy"
USR-3864,6.1,7,27.8,0.33,26.0,0.35,Documentary
USR-3865,4.3,3,41.5,0.75,21.0,0.31,Comedy
USR-3866,80.5,41,81.2,0.56,1.0,0.1,"Action,Sci-Fi,Thriller"
USR-3867,42.6,58,54.2,0.67,1.0,0.46,"Documentary,Comedy,Animation,Sci-Fi"
USR-3868,8.0,1,23.8,0.67,24.0,0.64,Documentary
USR-3869,3.3,22,28.6,0.39,1.0,0.63,"Comedy,Romance"
USR-3870,2.9,3,18.8,0.59,36.0,0.62,"Comedy,Drama"
USR-3871,17.6,24,29.4,0.39,4.0,0.76,"Romance,Animation"
USR-3872,50.3,31,47.7,0.69,5.0,0.26,"Comedy,Drama,Action"
USR-3873,83.3,30,64.4,0.46,3.0,0.3,"Romance,Sci-Fi,Drama,Action"
USR-3874,82.1,35,117.7,0.62,2.0,0.2,"Thriller,Sci-Fi"
USR-3875,4.1,5,14.8,0.69,28.0,0.32,"Drama,Comedy"
USR-3876,6.8,33,32.6,0.46,7.0,0.64,"Romance,Animation"
USR-3877,56.0,52,77.4,0.61,3.0,0.2,"Action,Sci-Fi"
USR-3878,14.5,21,20.6,0.3,3.0,0.79,"Romance,Animation"
USR-3879,12.4,17,34.2,0.52,7.0,0.67,Comedy
USR-3880,39.7,54,52.9,0.59,1.0,0.15,"Sci-Fi,Action,Thriller"
USR-3881,27.5,36,73.8,0.41,1.0,0.38,"Animation,Documentary,Comedy"
USR-3882,20.9,30,32.8,0.36,7.0,0.61,Animation
USR-3883,18.9,35,59.4,0.62,6.0,0.2,"Sci-Fi,Thriller,Drama"
USR-3884,18.3,29,14.5,0.3,2.0,0.68,"Romance,Animation"
USR-3885,18.8,35,23.9,0.46,6.0,0.74,"Comedy,Animation"
USR-3886,9.5,4,20.3,0.73,39.0,0.69,Comedy
USR-3887,17.6,26,43.2,0.6,7.0,0.87,Animation
USR-3888,30.5,48,50.8,0.69,6.0,0.33,"Romance,Sci-Fi,Thriller,Comedy"
USR-3889,92.5,58,95.0,0.76,4.0,0.16,"Action,Sci-Fi"
USR-3890,28.1,40,41.8,0.53,5.0,0.21,"Romance,Animation,Sci-Fi,Drama"
USR-3891,52.2,30,42.3,0.44,6.0,0.49,"Action,Documentary,Sci-Fi,Horror,Romance"
USR-3892,7.8,2,8.3,0.42,26.0,0.42,Documentary
USR-3893,65.7,25,110.5,0.72,1.0,0.06,"Sci-Fi,Action"
USR-3894,25.8,49,44.0,0.7,3.0,0.29,"Animation,Thriller,Action,Comedy,Romance"
USR-3895,11.4,37,20.3,0.55,9.0,0.81,"Comedy,Romance"
USR-3896,60.4,59,61.3,0.61,1.0,0.08,"Action,Thriller"
USR-3897,49.5,30,36.6,0.61,1.0,0.21,"Drama,Action,Comedy,Romance"
USR-3898,10.3,30,17.6,0.5,2.0,0.89,Romance
USR-3899,19.9,29,20.7,0.55,6.0,0.79,"Romance,Animation"
USR-3900,5.4,4,29.4,0.71,21.0,0.57,"Documentary,Comedy"
USR-3901,6.9,16,38.6,0.54,1.0,0.78,Romance
USR-3902,48.1,59,74.2,0.59,2.0,0.07,"Sci-Fi,Action"
USR-3903,4.4,6,34.8,0.54,12.0,0.63,"Documentary,Drama"
USR-3904,2.0,3,33.3,0.52,23.0,0.38,Documentary
USR-3905,53.5,45,71.6,0.51,2.0,0.06,"Thriller,Action"
USR-3906,7.9,19,19.8,0.54,8.0,0.71,"Romance,Comedy"
USR-3907,36.5,23,33.4,0.43,1.0,0.8,Romance
USR-3908,69.5,43,110.1,0.67,4.0,0.11,"Thriller,Action"
USR-3909,12.4,28,15.5,0.38,9.0,0.62,"Romance,Comedy"
USR-3910,15.5,19,22.4,0.56,8.0,0.77,Comedy
USR-3911,54.9,35,96.0,0.62,4.0,0.1,"Action,Sci-Fi"
USR-3912,31.5,36,44.3,0.63,5.0,0.46,"Horror,Thriller,Romance"
USR-3913,13.2,15,22.7,0.35,3.0,0.86,Animation
USR-3914,5.3,3,22.8,0.26,15.0,0.48,"Comedy,Drama"
USR-3915,49.7,30,86.2,0.7,2.0,0.11,"Action,Thriller"
USR-3916,10.3,25,28.7,0.38,6.0,0.65,Comedy
USR-3917,53.9,54,57.7,0.63,1.0,0.33,"Action,Horror,Animation,Drama,Romance"
USR-3918,5.2,6,32.3,0.54,42.0,0.65,Documentary
USR-3919,4.1,4,10.1,0.79,16.0,0.34,Drama
USR-3920,16.2,35,15.1,0.58,3.0,0.72,"Comedy,Animation"
USR-3921,13.9,37,22.2,0.45,8.0,0.79,"Animation,Romance"
USR-3922,11.5,20,22.5,0.55,4.0,0.86,"Comedy,Romance"
USR-3923,88.0,42,93.3,0.72,2.0,0.14,"Action,Sci-Fi"
USR-3924,74.4,26,65.1,0.73,3.0,0.2,"Action,Thriller,Sci-Fi"
USR-3925,4.2,3,29.9,0.48,27.0,0.52,"Comedy,Documentary"
USR-3926,15.4,23,24.2,0.56,4.0,0.78,"Comedy,Romance"
USR-3927,41.2,35,53.4,0.48,1.0,0.21,"Action,Sci-Fi,Horror"
USR-3928,0.8,7,25.3,0.58,44.0,0.66,Comedy
USR-3929,2.6,6,47.7,0.59,38.0,0.47,"Drama,Comedy"
USR-3930,47.1,44,53.9,0.67,6.0,0.48,"Sci-Fi,Thriller,Drama,Horror,Comedy"
USR-3931,98.9,33,115.0,0.73,2.0,0.17,"Sci-Fi,Action,Thriller"
USR-3932,6.1,5,26.5,0.33,44.0,0.64,Documentary
USR-3933,52.2,50,102.7,0.54,3.0,0.12,"Sci-Fi,Action,Thriller"
USR-3934,0.8,4,14.6,0.6,15.0,0.67,Comedy
USR-3935,70.3,36,76.6,0.63,2.0,0.18,"Sci-Fi,Thriller"
USR-3936,2.4,7,27.3,0.65,31.0,0.67,"Drama,Comedy"
USR-3937,24.5,24,14.5,0.41,9.0,0.88,Comedy
USR-3938,65.5,65,95.2,0.5,3.0,0.13,"Thriller,Action"
USR-3939,14.7,31,36.9,0.4,7.0,0.66,"Animation,Comedy"
USR-3940,30.7,51,45.7,0.41,2.0,0.21,"Horror,Thriller,Sci-Fi,Comedy"
USR-3941,21.3,36,25.2,0.56,4.0,0.77,Comedy
USR-3942,47.7,46,42.2,0.57,4.0,0.45,"Thriller,Drama,Sci-Fi,Romance"
USR-3943,10.2,25,28.4,0.37,9.0,0.77,"Animation,Comedy"
USR-3944,23.7,15,19.4,0.3,3.0,0.73,"Comedy,Animation"
USR-3945,57.4,50,40.2,0.6,4.0,0.37,"Thriller,Drama,Horror,Animation,Romance"
USR-3946,17.9,32,31.2,0.4,6.0,0.66,Animation
USR-3947,18.4,35,18.7,0.44,9.0,0.72,Romance
USR-3948,64.2,40,77.4,0.7,2.0,0.17,"Sci-Fi,Thriller,Action"
USR-3949,1.9,5,28.6,0.38,35.0,0.59,Documentary
USR-3950,9.5,22,31.3,0.5,7.0,0.6,Comedy
USR-3951,4.9,1,9.6,0.74,36.0,0.39,"Comedy,Documentary"
USR-3952,5.8,4,8.5,0.73,27.0,0.38,Comedy
USR-3953,5.3,5,22.2,0.32,42.0,0.61,Comedy
USR-3954,43.2,62,108.3,0.8,4.0,0.18,"Sci-Fi,Action,Thriller"
USR-3955,25.8,34,38.7,0.58,1.0,0.77,"Animation,Comedy"
USR-3956,11.5,20,31.3,0.44,1.0,0.81,"Comedy,Romance"
USR-3957,64.4,25,84.7,0.56,3.0,0.13,"Action,Thriller,Sci-Fi"
USR-3958,47.9,41,44.9,0.49,1.0,0.34,"Action,Drama,Documentary,Sci-Fi,Romance"
USR-3959,57.5,30,99.4,0.74,2.0,0.12,"Action,Thriller,Sci-Fi"
USR-3960,51.4,32,45.9,0.4,1.0,0.3,"Sci-Fi,Comedy,Documentary,Animation"
USR-3961,1.3,3,17.5,0.33,38.0,0.5,"Comedy,Drama"
USR-3962,89.1,52,31.8,0.77,2.0,0.19,"Action,Thriller,Sci-Fi"
USR-3963,21.1,15,16.3,0.48,4.0,0.84,"Comedy,Animation"
USR-3964,42.8,39,40.6,0.51,4.0,0.39,"Drama,Action,Sci-Fi,Thriller"
USR-3965,2.2,4,23.0,0.7,42.0,0.54,"Drama,Comedy"
USR-3966,40.7,59,57.8,0.48,1.0,0.39,"Romance,Drama,Thriller"
USR-3967,3.0,6,19.3,0.67,25.0,0.42,"Documentary,Drama"
USR-3968,12.3,22,37.4,0.48,2.0,0.78,"Animation,Romance"
USR-3969,37.5,59,31.3,0.59,3.0,0.25,"Animation,Documentary,Romance,Comedy,Sci-Fi"
USR-3970,67.8,28,137.5,0.73,4.0,0.11,"Action,Sci-Fi"
USR-3971,14.5,28,19.9,0.42,9.0,0.89,Animation
USR-3972,16.0,38,28.8,0.42,4.0,0.85,"Romance,Animation"
USR-3973,0.5,7,20.9,0.56,21.0,0.58,"Comedy,Documentary"
USR-3974,68.0,30,135.7,0.63,2.0,0.12,"Thriller,Action"
USR-3975,75.1,66,83.2,0.55,3.0,0.19,"Action,Thriller"
USR-3976,16.2,36,28.1,0.36,6.0,0.61,"Animation,Romance"
USR-3977,65.5,55,89.3,0.59,4.0,0.2,"Thriller,Action"
USR-3978,22.3,23,32.2,0.37,8.0,0.84,Comedy
USR-3979,70.4,36,102.5,0.53,1.0,0.07,"Action,Sci-Fi"
USR-3980,3.9,5,32.5,0.68,17.0,0.6,Comedy
USR-3981,10.2,32,29.1,0.43,3.0,0.77,"Romance,Comedy"
USR-3982,7.7,31,25.0,0.54,7.0,0.79,"Comedy,Animation"
USR-3983,21.3,24,11.2,0.52,4.0,0.65,"Romance,Comedy"
USR-3984,25.9,48,59.8,0.41,6.0,0.43,"Drama,Thriller,Action"
USR-3985,53.9,52,71.4,0.53,4.0,0.06,"Sci-Fi,Thriller"
USR-3986,24.5,35,48.0,0.59,6.0,0.24,"Documentary,Romance,Comedy,Drama,Action"
USR-3987,21.0,19,20.1,0.44,4.0,0.77,"Romance,Animation"
USR-3988,3.4,4,34.5,0.61,12.0,0.32,Documentary
USR-3989,57.3,62,75.8,0.68,3.0,0.12,"Thriller,Sci-Fi,Action"
USR-3990,8.6,23,20.0,0.43,3.0,0.86,"Animation,Romance"
USR-3991,66.7,25,64.8,0.71,1.0,0.13,"Sci-Fi,Action"
USR-3992,14.7,18,36.1,0.32,7.0,0.77,Romance
USR-3993,66.0,56,35.0,0.78,4.0,0.11,"Action,Thriller,Sci-Fi"
USR-3994,7.5,6,24.4,0.54,11.0,0.52,Drama
USR-3995,71.8,60,93.5,0.71,4.0,0.05,"Sci-Fi,Thriller,Action"
USR-3996,74.4,57,125.9,0.59,1.0,0.11,"Action,Thriller"
USR-3997,11.8,35,29.8,0.45,8.0,0.84,"Comedy,Animation"
USR-3998,60.4,46,108.7,0.57,3.0,0.15,"Sci-Fi,Action"
USR-3999,12.1,38,42.1,0.56,6.0,0.85,Romance
USR-4000,0.7,1,19.5,0.62,11.0,0.61,"Drama,Documentary"
USR-4001,61.0,29,71.0,0.79,4.0,0.13,"Thriller,Action"
USR-4002,85.6,35,88.9,0.69,3.0,0.09,"Sci-Fi,Action,Thriller"
USR-4003,22.5,36,36.2,0.56,2.0,0.47,"Horror,Sci-Fi,Action,Comedy"
USR-4004,5.3,1,6.4,0.57,10.0,0.34,Documentary
USR-4005,48.2,57,43.7,0.42,5.0,0.4,"Sci-Fi,Horror,Documentary,Animation,Comedy"
USR-4006,41.9,50,41.0,0.42,3.0,0.41,"Comedy,Action,Drama,Thriller"
USR-4007,8.8,7,44.9,0.71,33.0,0.49,"Comedy,Drama"
USR-4008,5.4,6,12.0,0.25,24.0,0.31,"Documentary,Drama"
USR-4009,22.3,38,34.9,0.59,8.0,0.72,"Animation,Comedy"
USR-4010,39.7,49,50.8,0.64,1.0,0.31,"Action,Sci-Fi,Animation,Comedy,Drama"
USR-4011,13.1,34,21.8,0.56,1.0,0.88,"Comedy,Romance"
USR-4012,72.2,67,96.6,0.79,1.0,0.08,"Thriller,Action"
USR-4013,45.4,33,89.8,0.79,1.0,0.2,"Action,Sci-Fi,Thriller"
USR-4014,20.4,21,20.1,0.45,1.0,0.85,"Romance,Comedy"
USR-4015,35.5,40,44.4,0.42,2.0,0.4,"Thriller,Comedy,Documentary,Action"
USR-4016,0.6,7,36.2,0.27,33.0,0.51,Documentary
USR-4017,45.0,45,98.4,0.55,2.0,0.12,"Sci-Fi,Thriller,Action"
USR-4018,3.5,7,28.8,0.24,28.0,0.53,Documentary
USR-4019,56.4,32,78.5,0.72,4.0,0.08,"Sci-Fi,Thriller"
USR-4020,17.8,33,24.0,0.37,1.0,0.73,"Romance,Animation"
USR-4021,49.8,51,123.9,0.7,3.0,0.1,"Sci-Fi,Action"
USR-4022,75.1,25,53.0,0.61,2.0,0.07,"Sci-Fi,Action"
USR-4023,20.7,36,26.2,0.59,5.0,0.74,"Romance,Comedy"
USR-4024,5.2,4,26.7,0.38,38.0,0.48,"Drama,Documentary"
USR-4025,37.8,36,54.3,0.6,2.0,0.48,"Horror,Comedy,Animation"
USR-4026,46.9,50,54.3,0.59,6.0,0.45,"Action,Animation,Comedy,Documentary"
USR-4027,25.3,53,34.5,0.49,2.0,0.47,"Horror,Romance,Sci-Fi"
USR-4028,5.1,15,26.6,0.53,8.0,0.85,"Comedy,Romance"
USR-4029,4.7,5,29.3,0.28,40.0,0.6,"Drama,Documentary"
USR-4030,0.5,26,29.6,0.56,5.0,0.7,Animation
USR-4031,14.1,33,26.6,0.56,9.0,0.76,Comedy
USR-4032,8.1,21,29.6,0.53,2.0,0.76,Animation
USR-4033,1.6,2,25.1,0.7,34.0,0.49,"Documentary,Drama"
USR-4034,11.6,35,24.6,0.56,2.0,0.78,"Romance,Animation"
USR-4035,4.4,6,6.1,0.66,44.0,0.44,"Documentary,Drama"
USR-4036,45.5,44,44.6,0.4,6.0,0.35,"Drama,Sci-Fi,Comedy"
USR-4037,69.9,64,60.3,0.67,1.0,0.15,"Thriller,Action"
USR-4038,30.8,33,40.1,0.58,5.0,0.31,"Romance,Comedy,Animation,Documentary,Horror"
USR-4039,6.0,7,5.0,0.59,44.0,0.68,"Documentary,Drama"
USR-4040,27.4,45,52.9,0.42,1.0,0.26,"Drama,Horror,Thriller"
USR-4041,13.1,23,32.6,0.43,3.0,0.72,Animation
USR-4042,9.4,3,30.4,0.35,33.0,0.45,"Documentary,Comedy"
USR-4043,61.5,27,72.7,0.79,3.0,0.15,"Sci-Fi,Thriller,Action"
USR-4044,76.4,31,46.1,0.76,3.0,0.12,"Thriller,Action,Sci-Fi"
USR-4045,6.5,4,18.1,0.39,28.0,0.32,"Comedy,Documentary"
USR-4046,29.4,54,27.5,0.69,4.0,0.34,"Animation,Romance,Thriller,Action"
USR-4047,18.9,15,34.4,0.59,2.0,0.6,"Animation,Comedy"
USR-4048,6.7,6,5.0,0.31,40.0,0.42,"Documentary,Comedy"
USR-4049,1.1,4,18.5,0.48,25.0,0.36,Comedy
USR-4050,7.0,4,22.2,0.33,32.0,0.65,"Comedy,Documentary"
USR-4051,14.1,16,17.0,0.59,5.0,0.76,Romance
USR-4052,20.9,36,23.1,0.44,7.0,0.66,Romance
USR-4053,3.3,6,17.3,0.39,13.0,0.37,Drama
USR-4054,45.6,41,72.6,0.55,1.0,0.46,"Thriller,Romance,Comedy,Action"
USR-4055,15.2,16,35.8,0.4,9.0,0.84,"Romance,Comedy"
USR-4056,62.8,46,96.2,0.58,2.0,0.08,"Action,Sci-Fi,Thriller"
USR-4057,66.4,39,70.0,0.76,4.0,0.18,"Sci-Fi,Action"
USR-4058,88.7,48,59.8,0.73,4.0,0.18,"Action,Thriller,Sci-Fi"
USR-4059,2.0,4,5.0,0.51,17.0,0.58,"Drama,Documentary"
USR-4060,12.7,34,25.2,0.41,9.0,0.63,Romance
USR-4061,63.6,40,61.7,0.58,4.0,0.19,"Action,Sci-Fi"
USR-4062,8.0,15,36.1,0.56,9.0,0.66,Animation
USR-4063,57.7,68,99.2,0.74,3.0,0.13,"Action,Sci-Fi,Thriller"
USR-4064,15.1,21,20.0,0.5,1.0,0.79,"Romance,Comedy"
USR-4065,1.9,5,6.3,0.72,25.0,0.42,Comedy
USR-4066,2.7,6,9.1,0.4,20.0,0.42,Comedy
USR-4067,24.5,18,22.7,0.57,1.0,0.73,"Romance,Animation"
USR-4068,35.1,30,41.0,0.7,2.0,0.26,"Horror,Romance,Sci-Fi"
USR-4069,52.3,31,57.0,0.68,2.0,0.14,"Thriller,Sci-Fi,Action"
USR-4070,12.1,16,5.5,0.45,3.0,0.65,"Animation,Comedy"
USR-4071,7.4,6,8.9,0.39,10.0,0.57,Drama
USR-4072,51.0,69,99.5,0.66,1.0,0.07,"Sci-Fi,Thriller,Action"
USR-4073,6.1,1,6.4,0.38,18.0,0.64,"Drama,Documentary"
USR-4074,15.2,28,23.1,0.46,6.0,0.68,Comedy
USR-4075,46.0,49,47.8,0.66,6.0,0.23,"Comedy,Horror,Animation,Drama,Thriller"
USR-4076,40.6,59,48.2,0.45,2.0,0.38,"Documentary,Animation,Horror,Romance"
USR-4077,4.8,5,17.5,0.33,15.0,0.31,"Comedy,Drama"
USR-4078,13.6,38,25.6,0.46,5.0,0.7,"Romance,Animation"
USR-4079,20.5,54,65.2,0.7,6.0,0.21,"Sci-Fi,Action,Animation"
USR-4080,10.6,35,9.2,0.58,4.0,0.87,Romance
USR-4081,7.7,6,14.3,0.6,19.0,0.41,"Comedy,Drama"
USR-4082,47.6,39,51.4,0.4,3.0,0.4,"Comedy,Animation,Sci-Fi,Romance,Drama"
USR-4083,16.5,27,21.7,0.48,9.0,0.75,Comedy
USR-4084,18.9,23,15.2,0.56,8.0,0.88,"Romance,Animation"
USR-4085,8.7,37,45.0,0.46,8.0,0.67,"Animation,Comedy"
USR-4086,24.5,37,36.4,0.53,5.0,0.43,"Sci-Fi,Thriller,Animation,Action"
USR-4087,12.8,30,11.2,0.47,5.0,0.62,"Romance,Animation"
USR-4088,21.7,25,22.2,0.3,3.0,0.7,Romance
USR-4089,95.1,28,128.5,0.52,3.0,0.11,"Sci-Fi,Thriller,Action"
USR-4090,88.9,50,142.1,0.57,,0.1,"Action,Thriller,Sci-Fi"
USR-4091,3.3,5,7.7,0.4,33.0,0.61,Documentary
USR-4092,92.8,69,54.3,0.58,4.0,0.12,"Sci-Fi,Action,Thriller"
USR-4093,33.3,38,33.6,0.43,2.0,0.25,"Horror,Drama,Documentary,Sci-Fi"
USR-4094,85.1,51,84.5,0.72,3.0,0.09,"Action,Thriller,Sci-Fi"
USR-4095,1.0,6,19.6,0.72,36.0,0.5,"Documentary,Drama"
USR-4096,0.5,36,18.7,0.43,6.0,0.86,Comedy
USR-4097,3.8,3,8.3,0.45,37.0,0.35,"Comedy,Documentary"
USR-4098,58.4,56,55.4,0.53,5.0,0.46,"Comedy,Animation,Thriller,Drama,Action"
USR-4099,70.8,62,84.5,0.78,1.0,0.12,"Action,Thriller"
USR-4100,9.5,30,40.5,0.45,9.0,0.69,"Romance,Comedy"
USR-4101,20.4,35,23.4,0.54,9.0,0.86,"Animation,Comedy"
USR-4102,56.8,58,97.7,0.5,4.0,0.2,"Action,Thriller"
USR-4103,12.6,34,19.7,0.33,7.0,0.68,"Romance,Animation"
USR-4104,1.3,7,20.3,0.42,,0.7,Documentary
USR-4105,9.1,25,14.5,0.42,4.0,0.71,"Romance,Animation"
USR-4106,1.3,4,9.1,0.55,24.0,0.56,"Comedy,Documentary"
USR-4107,2.5,1,24.2,0.35,12.0,0.44,"Comedy,Documentary"
USR-4108,12.6,20,39.0,0.49,8.0,0.76,"Romance,Animation"
USR-4109,55.1,53,39.3,0.48,3.0,0.4,"Drama,Comedy,Thriller"
USR-4110,24.8,48,27.6,0.51,6.0,0.46,"Comedy,Action,Thriller,Drama"
USR-4111,6.4,6,10.6,0.23,20.0,0.46,Documentary
USR-4112,3.7,7,34.7,0.58,16.0,0.38,"Documentary,Drama"
USR-4113,5.2,4,14.8,0.29,18.0,0.53,"Drama,Comedy"
USR-4114,3.5,7,26.6,0.75,28.0,0.45,"Documentary,Drama"
USR-4115,15.6,22,34.7,0.38,6.0,0.6,Comedy
USR-4116,69.9,68,89.1,0.58,1.0,0.19,"Action,Sci-Fi,Thriller"
USR-4117,28.1,35,44.0,0.65,6.0,0.43,"Thriller,Drama,Comedy,Animation"
USR-4118,9.3,7,21.3,0.39,39.0,0.5,"Documentary,Comedy"
USR-4119,45.4,34,79.7,0.66,1.0,0.37,"Sci-Fi,Documentary,Animation"
USR-4120,89.2,32,111.8,0.6,2.0,0.14,"Action,Sci-Fi,Thriller"
USR-4121,95.6,44,77.1,0.66,2.0,0.17,"Sci-Fi,Action,Thriller"
USR-4122,3.7,7,27.5,0.38,17.0,0.47,Drama
USR-4123,7.5,4,24.6,0.6,22.0,0.41,Drama
USR-4124,73.2,62,86.8,0.67,3.0,0.12,"Thriller,Action"
USR-4125,64.4,30,38.0,0.68,1.0,0.1,"Action,Thriller,Sci-Fi"
USR-4126,23.1,32,31.8,0.34,5.0,0.74,Romance
USR-4127,14.5,23,18.8,0.57,8.0,0.83,"Animation,Comedy"
USR-4128,38.3,54,52.4,0.69,4.0,0.42,"Horror,Comedy,Sci-Fi,Animation,Romance"
USR-4129,35.0,52,47.5,0.6,4.0,0.29,"Horror,Sci-Fi,Romance,Thriller"
USR-4130,38.3,56,89.3,0.63,1.0,0.1,"Sci-Fi,Thriller,Action"
USR-4131,38.7,40,48.4,0.6,4.0,0.35,"Sci-Fi,Thriller,Horror"
USR-4132,7.2,15,12.1,0.59,2.0,0.68,Romance
USR-4133,52.2,38,115.5,0.54,2.0,0.05,"Action,Sci-Fi"
USR-4134,4.1,1,19.0,0.63,26.0,0.58,"Drama,Comedy"
USR-4135,59.2,43,65.7,0.6,2.0,0.1,"Action,Thriller,Sci-Fi"
USR-4136,15.3,35,25.9,0.34,6.0,0.87,Animation
USR-4137,15.6,23,32.1,0.41,5.0,0.63,"Romance,Comedy"
USR-4138,15.0,28,18.5,0.47,8.0,0.72,"Animation,Comedy"
USR-4139,12.1,29,16.6,0.48,6.0,0.68,"Comedy,Romance"
USR-4140,4.7,1,28.8,0.66,33.0,0.6,"Drama,Documentary"
USR-4141,16.5,24,26.5,0.5,1.0,0.68,"Romance,Comedy"
USR-4142,97.4,54,88.5,0.5,4.0,0.12,"Sci-Fi,Action,Thriller"
USR-4143,25.9,30,59.1,0.65,6.0,0.31,"Horror,Animation,Romance,Thriller"
USR-4144,21.6,20,20.8,0.44,3.0,0.61,Animation
USR-4145,40.3,42,47.6,0.49,5.0,0.29,"Action,Drama,Comedy"
USR-4146,9.4,23,22.8,0.55,9.0,0.67,Animation
USR-4147,0.7,3,33.7,0.65,15.0,0.4,Documentary
USR-4148,0.5,4,25.8,0.77,24.0,0.53,Comedy
USR-4149,11.2,20,42.1,0.5,4.0,0.76,Animation
USR-4150,8.2,29,33.6,0.57,9.0,0.64,"Romance,Animation"
USR-4151,0.8,3,29.8,0.61,41.0,0.47,Comedy
USR-4152,19.2,33,12.8,0.33,6.0,0.64,"Comedy,Romance"
USR-4153,10.0,27,24.4,0.4,8.0,0.85,"Comedy,Animation"
USR-4154,49.6,53,51.9,0.59,1.0,0.37,"Documentary,Horror,Animation,Thriller,Romance"
USR-4155,2.2,5,21.0,0.3,15.0,0.63,"Drama,Documentary"
USR-4156,31.9,44,48.4,0.44,2.0,0.37,"Animation,Horror,Romance"
USR-4157,14.6,29,42.5,0.36,5.0,0.8,Romance
USR-4158,25.9,53,52.9,0.46,5.0,0.34,"Action,Sci-Fi,Documentary,Horror"
USR-4159,73.6,35,65.0,0.67,2.0,0.11,"Action,Thriller"
USR-4160,57.8,29,64.2,0.77,4.0,0.06,"Action,Sci-Fi"
USR-4161,28.4,15,33.7,0.35,5.0,0.89,"Animation,Romance"
USR-4162,13.7,16,28.1,0.57,8.0,0.65,Comedy
USR-4163,2.0,1,5.0,0.7,35.0,0.6,"Comedy,Drama"
USR-4164,41.4,45,58.1,0.65,2.0,0.3,"Sci-Fi,Drama,Horror,Documentary"
USR-4165,2.3,7,14.2,0.78,15.0,0.48,Documentary
USR-4166,1.7,18,24.5,0.4,8.0,0.66,"Animation,Comedy"
USR-4167,2.7,4,9.5,0.57,16.0,0.48,Documentary
USR-4168,21.4,41,65.6,0.51,1.0,0.49,"Action,Documentary,Drama,Romance,Animation"
USR-4169,38.3,39,60.2,0.48,5.0,0.39,"Comedy,Sci-Fi,Drama,Documentary,Animation"
USR-4170,2.2,6,5.0,0.34,10.0,0.32,Drama
USR-4171,90.3,34,57.2,0.67,3.0,0.1,"Thriller,Action"
USR-4172,42.9,55,31.7,0.41,1.0,0.22,"Drama,Animation,Horror,Romance,Thriller"
USR-4173,13.7,26,25.0,0.46,1.0,0.89,"Animation,Comedy"
USR-4174,4.2,3,11.4,0.49,18.0,0.39,"Comedy,Drama"
USR-4175,62.3,39,40.1,0.66,3.0,0.28,"Documentary,Romance,Comedy,Action,Horror"
USR-4176,3.3,5,18.5,0.62,43.0,0.42,Documentary
USR-4177,46.4,52,89.5,0.73,1.0,0.11,"Sci-Fi,Thriller,Action"
USR-4178,77.6,62,86.3,0.68,1.0,0.12,"Action,Sci-Fi,Thriller"
USR-4179,61.8,36,71.9,0.61,3.0,0.07,"Sci-Fi,Thriller,Action"
USR-4180,83.2,66,94.9,0.59,1.0,0.06,"Thriller,Sci-Fi,Action"
USR-4181,7.6,1,15.9,0.67,43.0,0.69,"Documentary,Comedy"
USR-4182,8.0,21,18.5,0.54,6.0,0.69,"Romance,Comedy"
USR-4183,5.8,1,13.6,0.73,21.0,0.32,"Drama,Documentary"
USR-4184,17.0,27,7.5,0.36,8.0,0.8,"Animation,Comedy"
USR-4185,27.8,35,49.5,0.61,2.0,0.21,"Comedy,Drama,Action,Documentary,Sci-Fi"
USR-4186,42.6,59,73.6,0.53,5.0,0.32,"Romance,Drama,Animation,Horror"
USR-4187,9.2,19,19.3,0.56,3.0,0.88,Comedy
USR-4188,5.0,3,28.5,0.55,33.0,0.67,"Documentary,Drama"
USR-4189,3.2,7,20.6,0.25,27.0,0.39,"Comedy,Drama"
USR-4190,85.9,48,79.0,0.78,4.0,0.11,"Thriller,Sci-Fi,Action"
USR-4191,5.7,4,29.0,0.69,24.0,0.63,"Comedy,Documentary"
USR-4192,0.5,5,18.4,0.26,44.0,0.66,Comedy
USR-4193,3.4,7,23.1,0.4,14.0,0.41,Drama
USR-4194,48.7,52,71.8,0.75,2.0,0.11,"Sci-Fi,Thriller"
USR-4195,61.9,55,48.3,0.69,3.0,0.29,"Romance,Sci-Fi,Thriller"
USR-4196,91.5,64,85.3,0.66,1.0,0.07,"Thriller,Sci-Fi"
USR-4197,21.1,49,73.8,0.44,6.0,0.41,"Comedy,Sci-Fi,Drama,Animation"
USR-4198,69.1,47,90.8,0.7,4.0,0.16,"Action,Sci-Fi,Thriller"
USR-4199,72.4,69,72.0,0.66,2.0,0.09,"Sci-Fi,Thriller,Action"
USR-4200,5.9,27,16.1,0.38,1.0,0.89,"Animation,Comedy"
USR-4201,76.8,31,96.1,0.56,1.0,0.08,"Thriller,Action"
USR-4202,26.0,37,22.4,0.4,2.0,0.61,"Comedy,Animation"
USR-4203,4.9,5,17.8,0.5,33.0,0.31,Drama
USR-4204,68.1,63,93.0,0.76,1.0,0.11,"Sci-Fi,Action,Thriller"
USR-4205,14.6,26,30.4,0.54,6.0,0.73,"Animation,Comedy"
USR-4206,15.4,38,23.4,0.43,2.0,0.73,"Romance,Animation"
USR-4207,24.1,33,29.6,0.51,8.0,0.67,"Comedy,Romance"
USR-4208,2.9,7,14.9,0.63,35.0,0.6,"Documentary,Comedy"
USR-4209,3.9,1,27.8,0.45,17.0,0.5,"Comedy,Documentary"
USR-4210,68.9,60,85.5,0.65,3.0,0.08,"Thriller,Action,Sci-Fi"
USR-4211,78.0,30,84.3,0.51,2.0,0.06,"Sci-Fi,Thriller,Action"
USR-4212,46.5,37,59.1,0.67,5.0,0.34,"Romance,Sci-Fi,Animation,Comedy,Horror"
USR-4213,17.1,23,26.4,0.46,1.0,0.78,"Romance,Comedy"
USR-4214,20.7,34,36.3,0.49,7.0,0.82,Comedy
USR-4215,89.2,54,108.9,0.55,4.0,0.11,"Action,Sci-Fi,Thriller"
USR-4216,15.8,17,18.0,0.39,7.0,0.78,"Romance,Animation"
USR-4217,54.3,35,92.5,0.56,3.0,0.19,"Thriller,Sci-Fi"
USR-4218,7.6,20,23.9,0.38,3.0,0.87,Comedy
USR-4219,44.3,29,72.2,0.8,3.0,0.19,"Action,Sci-Fi"
USR-4220,19.2,50,40.8,0.55,2.0,0.39,"Animation,Action,Sci-Fi,Comedy,Drama"
USR-4221,36.5,41,39.6,0.59,2.0,0.36,"Drama,Sci-Fi,Romance"
USR-4222,92.8,37,124.3,0.64,1.0,0.06,"Action,Sci-Fi"
USR-4223,32.8,39,32.9,0.64,3.0,0.37,"Drama,Documentary,Animation,Comedy"
USR-4224,65.6,52,76.8,0.58,3.0,0.16,"Thriller,Action"
USR-4225,19.1,33,23.3,0.38,7.0,0.66,Romance
USR-4226,76.7,60,63.0,0.75,1.0,0.11,"Thriller,Sci-Fi,Action"
USR-4227,16.8,19,47.3,0.37,4.0,0.9,Comedy
USR-4228,32.5,56,53.5,0.68,3.0,0.41,"Thriller,Action,Horror"
USR-4229,7.0,1,6.7,0.37,29.0,0.7,Documentary
USR-4230,44.6,41,97.4,0.72,1.0,0.09,"Sci-Fi,Thriller"
USR-4231,4.2,4,26.3,0.64,27.0,0.37,Comedy
USR-4232,1.0,3,17.9,0.31,19.0,0.45,"Documentary,Comedy"
USR-4233,58.6,46,58.9,0.43,1.0,0.28,"Animation,Horror,Comedy,Thriller,Sci-Fi"
USR-4234,74.8,35,62.7,0.68,2.0,0.12,"Action,Sci-Fi"
USR-4235,3.3,3,12.7,0.79,24.0,0.34,"Documentary,Drama"
USR-4236,2.9,4,26.9,0.49,17.0,0.6,"Drama,Comedy"
USR-4237,42.1,36,39.1,0.48,1.0,0.35,"Action,Horror,Documentary,Sci-Fi,Comedy"
USR-4238,33.1,39,49.3,0.45,3.0,0.31,"Sci-Fi,Animation,Comedy,Horror"
USR-4239,67.9,40,57.6,0.7,4.0,0.1,"Sci-Fi,Thriller,Action"
USR-4240,11.1,21,15.8,0.45,1.0,0.67,"Comedy,Animation"
USR-4241,81.8,49,87.7,0.65,1.0,0.11,"Thriller,Sci-Fi"
USR-4242,5.5,5,5.0,0.73,26.0,0.59,"Drama,Documentary"
USR-4243,7.4,3,5.0,0.48,39.0,0.53,"Comedy,Drama"
USR-4244,7.1,2,25.0,0.53,40.0,0.46,"Comedy,Documentary"
USR-4245,52.8,48,97.8,0.59,1.0,0.16,"Sci-Fi,Thriller,Action"
USR-4246,12.5,1,9.1,0.47,30.0,0.52,Drama
USR-4247,9.1,26,18.0,0.35,7.0,0.8,Comedy
USR-4248,0.5,1,13.8,0.38,23.0,0.68,"Documentary,Comedy"
USR-4249,18.3,17,16.1,0.5,8.0,0.68,Romance
USR-4250,56.4,40,98.5,0.66,4.0,0.08,"Action,Sci-Fi,Thriller"
USR-4251,62.1,43,87.5,0.74,1.0,0.16,"Action,Thriller,Sci-Fi"
USR-4252,3.3,4,18.2,0.66,18.0,0.37,Drama
USR-4253,10.0,26,11.3,0.54,6.0,0.67,Romance
USR-4254,45.7,51,15.9,0.51,4.0,0.45,"Comedy,Documentary,Animation"
USR-4255,11.8,33,25.0,0.4,3.0,0.68,"Animation,Romance"
USR-4256,84.6,35,56.3,0.72,2.0,0.18,"Action,Thriller,Sci-Fi"
USR-4257,36.5,47,57.5,0.41,2.0,0.24,"Horror,Sci-Fi,Drama,Action"
USR-4258,64.7,50,86.3,0.56,3.0,0.1,"Thriller,Sci-Fi"
USR-4259,7.0,19,26.8,0.42,2.0,0.69,Comedy
USR-4260,0.5,18,14.3,0.42,5.0,0.82,"Romance,Animation"
USR-4261,7.4,3,5.0,0.67,24.0,0.59,Drama
USR-4262,20.1,24,24.7,0.54,8.0,0.89,Animation
USR-4263,41.8,56,36.6,0.59,2.0,0.33,"Thriller,Animation,Drama,Romance"
USR-4264,6.3,3,19.5,0.71,26.0,0.69,"Drama,Comedy"
USR-4265,74.4,30,105.6,0.68,1.0,0.18,"Thriller,Action,Sci-Fi"
USR-4266,15.3,28,36.2,0.33,4.0,0.83,Comedy
USR-4267,45.9,47,44.1,0.41,4.0,0.46,"Drama,Horror,Action,Animation,Documentary"
USR-4268,49.7,46,47.5,0.48,3.0,0.23,"Documentary,Animation,Drama,Thriller"
USR-4269,4.6,7,22.4,0.49,11.0,0.46,"Documentary,Comedy"
USR-4270,80.5,43,126.0,0.75,4.0,0.18,"Action,Thriller,Sci-Fi"
USR-4271,48.7,41,54.0,0.49,4.0,0.47,"Romance,Documentary,Drama,Comedy"
USR-4272,19.6,26,32.3,0.58,9.0,0.67,Comedy
USR-4273,8.7,32,27.5,0.37,4.0,0.63,"Comedy,Animation"
USR-4274,45.2,51,54.4,0.43,6.0,0.31,"Horror,Romance,Animation,Comedy"
USR-4275,15.5,15,14.2,0.31,4.0,0.8,"Animation,Romance"
USR-4276,21.1,23,7.8,0.38,9.0,0.72,"Animation,Romance"
USR-4277,35.4,52,38.7,0.5,4.0,0.33,"Drama,Sci-Fi,Action"
USR-4278,45.8,31,37.9,0.68,4.0,0.41,"Documentary,Animation,Thriller,Drama,Action"
USR-4279,2.9,2,9.4,0.64,14.0,0.34,"Documentary,Comedy"
USR-4280,40.1,41,57.6,0.55,4.0,0.27,"Animation,Drama,Romance,Comedy,Sci-Fi"
USR-4281,7.0,2,12.5,0.57,38.0,0.41,Comedy
USR-4282,0.5,7,16.1,0.23,33.0,0.69,"Drama,Documentary"
USR-4283,75.7,63,128.7,0.53,1.0,0.12,"Action,Thriller"
USR-4284,4.8,23,18.3,0.53,8.0,0.85,"Comedy,Animation"
USR-4285,30.3,47,54.2,0.42,4.0,0.21,"Action,Romance,Animation,Sci-Fi"
USR-4286,39.0,44,52.2,0.66,2.0,0.18,"Thriller,Sci-Fi,Action"
USR-4287,1.9,4,11.0,0.74,10.0,0.33,"Drama,Documentary"
USR-4288,6.1,6,32.0,0.37,34.0,0.68,"Documentary,Comedy"
USR-4289,46.9,55,41.6,0.49,1.0,0.42,"Action,Animation,Drama,Thriller"
USR-4290,2.1,7,23.3,0.7,35.0,0.41,"Drama,Documentary"
USR-4291,80.4,60,85.4,0.56,3.0,0.14,"Thriller,Action"
USR-4292,36.7,51,38.1,0.49,2.0,0.38,"Animation,Documentary,Sci-Fi,Romance,Drama"
USR-4293,70.4,35,85.3,0.55,4.0,0.14,"Sci-Fi,Action,Thriller"
USR-4294,16.1,20,34.8,0.43,6.0,0.61,Animation
USR-4295,21.3,33,26.1,0.45,5.0,0.84,"Romance,Animation"
USR-4296,80.9,57,86.4,0.5,2.0,0.09,"Sci-Fi,Action"
USR-4297,3.2,35,22.3,0.56,3.0,0.74,Romance
USR-4298,1.0,1,15.0,0.44,15.0,0.62,"Drama,Comedy"
USR-4299,8.2,30,16.7,0.41,4.0,0.76,"Romance,Animation"
USR-4300,69.3,64,81.1,0.51,2.0,0.19,"Action,Thriller,Sci-Fi"
USR-4301,23.9,59,61.1,0.65,4.0,0.3,"Comedy,Horror,Romance"
USR-4302,47.7,49,68.9,0.55,2.0,0.28,"Drama,Documentary,Romance,Comedy"
USR-4303,63.9,50,112.5,0.62,1.0,0.09,"Action,Thriller,Sci-Fi"
USR-4304,11.0,39,31.3,0.56,1.0,0.72,Comedy
USR-4305,9.4,33,9.6,0.44,6.0,0.79,"Animation,Romance"
USR-4306,80.5,61,94.7,0.57,1.0,0.1,"Sci-Fi,Thriller,Action"
USR-4307,23.5,31,27.4,0.4,3.0,0.89,Animation
USR-4308,49.5,53,45.7,0.42,6.0,0.25,"Sci-Fi,Romance,Documentary"
USR-4309,59.8,30,48.5,0.64,3.0,0.06,"Sci-Fi,Thriller"
USR-4310,65.9,52,91.7,0.79,2.0,0.06,"Action,Thriller"
USR-4311,5.5,4,19.2,0.67,16.0,0.59,"Comedy,Drama"
USR-4312,15.8,16,11.7,0.48,8.0,0.8,Comedy
USR-4313,42.4,53,34.0,0.66,2.0,0.23,"Animation,Action,Sci-Fi"
USR-4314,51.5,32,51.9,0.52,6.0,0.24,"Drama,Horror,Comedy,Romance"
USR-4315,38.9,29,77.6,0.78,3.0,0.13,"Thriller,Action"
USR-4316,11.9,32,18.6,0.49,3.0,0.87,Animation
USR-4317,41.6,35,25.8,0.44,6.0,0.24,"Documentary,Drama,Sci-Fi,Animation,Action"
USR-4318,60.0,28,58.7,0.72,1.0,0.15,"Action,Sci-Fi"
USR-4319,1.1,7,20.5,0.47,16.0,0.63,"Drama,Comedy"
USR-4320,13.9,25,17.1,0.53,4.0,0.72,"Animation,Romance"
USR-4321,53.0,50,70.4,0.76,1.0,0.11,"Action,Thriller"
USR-4322,5.2,4,18.7,0.61,31.0,0.52,"Drama,Documentary"
USR-4323,19.4,16,16.4,0.55,1.0,0.67,Animation
USR-4324,39.4,39,38.6,0.53,6.0,0.32,"Documentary,Sci-Fi,Drama"
USR-4325,1.4,23,18.8,0.4,4.0,0.87,"Animation,Romance"
USR-4326,8.2,7,34.1,0.61,13.0,0.61,Documentary
USR-4327,51.9,45,105.0,0.61,2.0,0.08,"Thriller,Sci-Fi"
USR-4328,5.8,6,31.2,0.77,17.0,0.49,Documentary
USR-4329,16.2,34,22.5,0.36,3.0,0.74,"Romance,Animation"
USR-4330,34.3,59,53.4,0.65,6.0,0.29,"Drama,Horror,Animation,Documentary"
USR-4331,19.9,18,22.0,0.47,1.0,0.68,Romance
USR-4332,60.1,51,86.5,0.69,1.0,0.17,"Action,Thriller"
USR-4333,37.0,54,61.7,0.43,1.0,0.49,"Drama,Animation,Comedy"
USR-4334,52.6,42,59.7,0.45,6.0,0.35,"Drama,Comedy,Thriller"
USR-4335,13.2,23,19.5,0.45,4.0,0.72,"Romance,Comedy"
USR-4336,68.2,69,98.9,0.6,1.0,0.12,"Sci-Fi,Thriller"
USR-4337,5.9,1,22.3,0.58,18.0,0.51,Drama
USR-4338,32.0,43,61.7,0.63,4.0,0.28,"Thriller,Sci-Fi,Drama,Comedy,Romance"
USR-4339,14.5,27,36.6,0.33,9.0,0.69,"Animation,Comedy"
USR-4340,4.2,4,6.7,0.37,29.0,0.35,Documentary
USR-4341,5.8,7,12.0,0.75,,0.47,"Drama,Comedy"
USR-4342,14.7,17,25.0,0.43,9.0,0.68,Comedy
USR-4343,23.0,19,24.4,0.4,6.0,0.61,Romance
USR-4344,65.4,58,75.6,0.79,4.0,0.12,"Action,Thriller,Sci-Fi"
USR-4345,12.9,20,6.6,0.3,3.0,0.73,Animation
USR-4346,50.3,41,50.7,0.47,6.0,0.24,"Romance,Sci-Fi,Comedy,Horror"
USR-4347,12.6,36,24.3,0.36,2.0,0.64,"Animation,Comedy"
USR-4348,13.7,34,24.9,0.55,7.0,0.89,"Romance,Comedy"
USR-4349,52.7,43,50.4,0.65,2.0,0.39,"Comedy,Sci-Fi,Animation,Romance,Thriller"
USR-4350,16.0,25,17.3,0.54,5.0,0.77,"Comedy,Romance"
USR-4351,11.5,20,32.8,0.38,1.0,0.86,Animation
USR-4352,47.7,69,71.0,0.55,3.0,0.18,"Thriller,Sci-Fi,Action"
USR-4353,66.7,60,66.4,0.55,4.0,0.17,"Action,Sci-Fi"
USR-4354,2.2,3,34.1,0.49,16.0,0.63,"Drama,Documentary"
USR-4355,35.1,39,54.9,0.6,3.0,0.26,"Action,Thriller,Documentary,Sci-Fi"
USR-4356,46.6,55,24.7,0.4,4.0,0.44,"Documentary,Action,Animation"
USR-4357,36.4,45,51.1,0.61,6.0,0.26,"Animation,Action,Comedy,Horror,Drama"
USR-4358,45.0,59,49.1,0.49,6.0,0.44,"Romance,Horror,Documentary"
USR-4359,13.8,21,32.1,0.42,9.0,0.75,"Animation,Comedy"
USR-4360,34.8,52,30.8,0.64,3.0,0.37,"Comedy,Sci-Fi,Drama,Thriller,Action"
USR-4361,29.9,40,80.6,0.6,3.0,0.27,"Comedy,Documentary,Thriller,Drama"
USR-4362,4.3,5,12.5,0.58,37.0,0.58,Comedy
USR-4363,7.0,1,20.4,0.69,25.0,0.57,Drama
USR-4364,46.1,38,76.4,0.64,2.0,0.35,"Sci-Fi,Drama,Animation,Romance,Documentary"
USR-4365,17.5,53,47.0,0.7,4.0,0.29,"Sci-Fi,Romance,Action"
USR-4366,20.7,31,64.9,0.56,4.0,0.07,"Sci-Fi,Thriller"
USR-4367,6.2,3,25.7,0.26,11.0,0.39,"Documentary,Comedy"
USR-4368,11.4,26,15.2,0.33,7.0,0.89,Animation
USR-4369,48.1,46,78.1,0.65,6.0,0.45,"Comedy,Sci-Fi,Romance,Horror,Drama"
USR-4370,63.1,35,63.8,0.65,4.0,0.12,"Sci-Fi,Action,Thriller"
USR-4371,18.8,16,25.3,0.5,9.0,0.7,"Animation,Comedy"
USR-4372,8.2,17,37.6,0.48,1.0,0.69,Comedy
USR-4373,48.5,54,71.6,0.59,4.0,0.12,"Sci-Fi,Thriller,Action"
USR-4374,13.1,18,35.8,0.3,6.0,0.72,"Romance,Comedy"
USR-4375,43.0,68,55.5,0.78,2.0,0.15,"Sci-Fi,Action"
USR-4376,61.5,66,77.0,0.65,2.0,0.1,"Action,Sci-Fi"
USR-4377,46.0,33,60.2,0.41,2.0,0.38,"Sci-Fi,Drama,Horror"
USR-4378,15.9,34,20.9,0.59,1.0,0.63,Animation
USR-4379,0.7,6,5.0,0.23,13.0,0.34,Drama
USR-4380,21.3,38,17.6,0.48,5.0,0.65,Romance
USR-4381,2.4,4,24.3,0.61,12.0,0.5,"Documentary,Drama"
USR-4382,2.4,5,17.9,0.4,43.0,0.39,Documentary
USR-4383,14.7,38,43.1,0.59,5.0,0.62,"Animation,Comedy"
USR-4384,61.1,55,121.2,0.62,1.0,0.13,"Action,Sci-Fi"
USR-4385,47.0,42,53.6,0.54,6.0,0.41,"Romance,Animation,Horror"
USR-4386,58.0,36,40.3,0.44,4.0,0.46,"Drama,Documentary,Sci-Fi,Comedy"
USR-4387,9.3,26,32.4,0.4,1.0,0.79,"Comedy,Romance"
USR-4388,6.5,1,22.7,0.23,36.0,0.66,"Documentary,Comedy"
USR-4389,33.4,36,53.7,0.46,5.0,0.21,"Action,Thriller,Sci-Fi"
USR-4390,52.7,43,108.5,0.77,2.0,0.16,"Action,Sci-Fi"
USR-4391,55.8,30,38.7,0.66,5.0,0.44,"Sci-Fi,Comedy,Romance"
USR-4392,7.4,6,36.8,0.24,25.0,0.47,Documentary
USR-4393,5.7,29,25.4,0.31,7.0,0.87,Romance
USR-4394,18.1,32,30.9,0.32,5.0,0.81,"Comedy,Animation"
USR-4395,33.9,37,56.9,0.6,2.0,0.34,"Horror,Comedy,Thriller"
USR-4396,22.2,35,16.2,0.46,3.0,0.76,Animation
USR-4397,85.5,38,92.3,0.62,2.0,0.19,"Thriller,Action,Sci-Fi"
USR-4398,6.3,3,23.3,0.54,30.0,0.64,Drama
USR-4399,10.3,32,28.1,0.39,4.0,0.7,"Comedy,Romance"
USR-4400,82.2,33,78.1,0.55,3.0,0.08,"Sci-Fi,Action,Thriller"
USR-4401,62.7,48,93.3,0.55,2.0,0.05,"Action,Sci-Fi"
USR-4402,15.4,27,21.4,0.43,4.0,0.82,"Comedy,Romance"
USR-4403,53.9,30,66.0,0.62,1.0,0.16,"Sci-Fi,Action,Thriller"
USR-4404,6.8,23,46.5,0.47,1.0,0.83,"Animation,Romance"
USR-4405,5.6,5,15.7,0.73,14.0,0.44,Drama
USR-4406,7.1,3,18.4,0.49,35.0,0.52,"Comedy,Documentary"
USR-4407,42.8,35,40.6,0.63,2.0,0.47,"Sci-Fi,Thriller,Comedy"
USR-4408,10.7,29,17.4,0.42,6.0,0.8,"Comedy,Romance"
USR-4409,68.9,37,106.0,0.62,4.0,0.11,"Action,Sci-Fi"
USR-4410,3.6,3,16.2,0.53,29.0,0.61,"Comedy,Drama"
USR-4411,2.4,5,22.9,0.45,12.0,0.38,Comedy
USR-4412,21.4,19,22.7,0.55,9.0,0.87,"Comedy,Animation"
USR-4413,3.8,1,27.7,0.62,43.0,0.43,"Drama,Documentary"
USR-4414,48.6,31,55.4,0.69,5.0,0.39,"Action,Romance,Thriller,Horror"
USR-4415,18.4,36,76.0,0.73,4.0,0.06,"Sci-Fi,Thriller,Action"
USR-4416,20.8,31,18.8,0.3,4.0,0.63,Animation
USR-4417,4.0,5,25.4,0.62,11.0,0.58,Drama
USR-4418,38.0,56,47.8,0.52,1.0,0.41,"Romance,Horror,Sci-Fi,Comedy"
USR-4419,69.2,42,81.4,0.75,3.0,0.09,"Sci-Fi,Thriller,Action"
USR-4420,3.8,2,27.0,0.48,38.0,0.57,"Drama,Comedy"
USR-4421,65.8,34,77.6,0.69,4.0,0.15,"Thriller,Action"
USR-4422,18.3,35,34.3,0.37,5.0,0.87,"Comedy,Romance"
USR-4423,29.8,32,20.4,0.57,1.0,0.71,"Romance,Animation"
USR-4424,46.9,64,107.7,0.59,1.0,0.14,"Thriller,Sci-Fi"
USR-4425,2.1,4,5.4,0.53,36.0,0.31,Documentary
USR-4426,3.5,3,8.6,0.59,32.0,0.38,Drama
USR-4427,41.8,42,61.8,0.52,2.0,0.31,"Documentary,Horror,Drama,Sci-Fi"
USR-4428,39.5,57,78.0,0.54,5.0,0.23,"Sci-Fi,Drama,Animation,Thriller"
USR-4429,34.6,58,47.4,0.48,5.0,0.43,"Documentary,Action,Thriller"
USR-4430,58.1,45,89.1,0.62,4.0,0.09,"Thriller,Action,Sci-Fi"
USR-4431,76.3,29,62.7,0.73,1.0,0.2,"Sci-Fi,Action"
USR-4432,11.9,32,30.1,0.36,6.0,0.81,Animation
USR-4433,7.6,5,8.4,0.36,12.0,0.5,"Comedy,Drama"
USR-4434,0.5,38,19.1,0.51,8.0,0.74,Animation
USR-4435,26.7,38,46.5,0.42,4.0,0.22,"Drama,Action,Animation"
USR-4436,41.1,50,59.2,0.44,4.0,0.34,"Action,Drama,Thriller,Horror"
USR-4437,20.9,25,14.1,0.41,2.0,0.64,Romance
USR-4438,58.1,50,61.4,0.55,1.0,0.14,"Sci-Fi,Thriller"
USR-4439,21.5,19,20.1,0.4,2.0,0.62,"Romance,Comedy"
USR-4440,9.4,24,17.0,0.34,1.0,0.89,"Romance,Comedy"
USR-4441,19.2,18,25.2,0.52,1.0,0.66,Romance
USR-4442,22.9,39,17.1,0.5,5.0,0.62,Comedy
USR-4443,40.6,56,61.6,0.45,4.0,0.3,"Documentary,Thriller,Sci-Fi,Comedy,Action"
USR-4444,18.1,35,30.8,0.43,7.0,0.8,"Animation,Comedy"
USR-4445,8.3,16,25.1,0.58,4.0,0.85,Romance
USR-4446,8.6,3,24.3,0.75,35.0,0.65,Comedy
USR-4447,20.4,17,21.4,0.5,7.0,0.69,Animation
USR-4448,42.3,35,38.1,0.6,1.0,0.48,"Romance,Animation,Horror,Sci-Fi,Documentary"
USR-4449,1.2,3,6.5,0.21,41.0,0.66,"Drama,Documentary"
USR-4450,58.2,50,39.4,0.62,6.0,0.41,"Thriller,Documentary,Action"
USR-4451,18.5,23,34.0,0.35,8.0,0.87,"Romance,Comedy"
USR-4452,29.9,49,45.2,0.61,2.0,0.45,"Thriller,Drama,Horror"
USR-4453,4.0,5,26.1,0.62,22.0,0.32,"Drama,Documentary"
USR-4454,47.6,50,49.0,0.64,1.0,0.39,"Documentary,Drama,Horror"
USR-4455,35.3,34,56.0,0.57,3.0,0.42,"Sci-Fi,Thriller,Drama,Horror,Comedy"
USR-4456,17.6,19,39.0,0.32,9.0,0.69,"Animation,Romance"
USR-4457,49.2,52,80.2,0.46,1.0,0.44,"Thriller,Drama,Documentary"
USR-4458,19.1,35,14.6,0.39,6.0,0.73,Animation
USR-4459,12.1,16,29.2,0.49,9.0,0.74,"Comedy,Romance"
USR-4460,46.5,34,56.3,0.51,5.0,0.49,"Drama,Comedy,Sci-Fi,Action,Romance"
USR-4461,15.7,51,44.4,0.43,1.0,0.35,"Comedy,Drama,Sci-Fi,Documentary,Action"
USR-4462,54.5,32,69.8,0.52,2.0,0.14,"Sci-Fi,Thriller"
USR-4463,52.7,46,39.8,0.4,1.0,0.25,"Action,Animation,Romance,Drama"
USR-4464,32.4,37,15.3,0.44,2.0,0.9,Comedy
USR-4465,9.0,7,7.7,0.3,22.0,0.45,Comedy
USR-4466,34.9,32,64.1,0.68,1.0,0.46,"Thriller,Animation,Horror,Romance"
USR-4467,3.5,6,24.1,0.73,14.0,0.4,"Comedy,Documentary"
USR-4468,6.1,2,22.3,0.52,39.0,0.37,"Comedy,Drama"
USR-4469,67.2,67,84.7,0.78,2.0,0.14,"Action,Sci-Fi"
USR-4470,0.5,2,31.1,0.53,15.0,0.34,"Documentary,Comedy"
USR-4471,16.6,30,27.6,0.36,1.0,0.6,Animation
USR-4472,90.4,68,132.6,0.72,4.0,0.13,"Thriller,Sci-Fi,Action"
USR-4473,3.7,6,11.7,0.37,22.0,0.39,Drama
USR-4474,77.2,50,87.1,0.74,1.0,0.13,"Sci-Fi,Thriller"
USR-4475,17.3,25,27.7,0.53,8.0,0.9,"Animation,Romance"
USR-4476,4.9,4,32.2,0.38,20.0,0.61,Comedy
USR-4477,53.2,48,67.1,0.54,2.0,0.2,"Sci-Fi,Thriller"
USR-4478,50.2,60,80.2,0.6,2.0,0.15,"Thriller,Sci-Fi"
USR-4479,67.0,41,93.4,0.64,3.0,0.19,"Thriller,Sci-Fi,Action"
USR-4480,6.2,1,17.2,0.79,32.0,0.37,"Comedy,Drama"
USR-4481,37.3,52,58.1,0.69,5.0,0.22,"Thriller,Horror,Action,Sci-Fi,Animation"
USR-4482,12.6,18,37.7,0.54,1.0,0.85,"Romance,Animation"
USR-4483,7.2,28,14.6,0.46,8.0,0.84,Animation
USR-4484,52.0,59,56.4,0.79,4.0,0.07,"Action,Thriller"
USR-4485,52.0,50,67.7,0.66,1.0,0.18,"Thriller,Sci-Fi"
USR-4486,54.5,52,66.5,0.56,4.0,0.18,"Action,Sci-Fi"
USR-4487,51.6,44,38.2,0.63,5.0,0.42,"Documentary,Romance,Comedy,Action"
USR-4488,73.4,41,87.1,0.71,3.0,0.11,"Action,Thriller,Sci-Fi"
USR-4489,57.3,31,39.2,0.46,2.0,0.5,"Action,Horror,Documentary,Romance"
USR-4490,19.0,30,26.7,0.49,7.0,0.7,"Animation,Romance"
USR-4491,27.2,39,56.7,0.42,1.0,0.38,"Documentary,Horror,Animation,Drama,Action"
USR-4492,26.2,55,37.5,0.61,3.0,0.48,"Drama,Action,Documentary,Horror,Comedy"
USR-4493,10.1,24,26.3,0.39,9.0,0.84,"Romance,Animation"
USR-4494,41.9,55,49.3,0.58,4.0,0.29,"Sci-Fi,Thriller,Horror,Action"
USR-4495,18.7,27,28.1,0.47,5.0,0.8,"Comedy,Animation"
USR-4496,6.8,5,23.2,0.57,32.0,0.53,Comedy
USR-4497,20.7,27,20.7,0.6,4.0,0.88,Comedy
USR-4498,7.3,2,28.7,0.69,32.0,0.69,"Documentary,Drama"
USR-4499,3.2,2,29.9,0.41,25.0,0.45,"Drama,Comedy"
USR-4500,4.9,6,28.1,0.76,20.0,0.43,Comedy
USR-4501,12.4,20,19.6,0.35,6.0,0.76,Romance
USR-4502,44.3,50,40.9,0.66,2.0,0.22,"Documentary,Drama,Horror"
USR-4503,34.3,33,52.8,0.57,2.0,0.39,"Thriller,Sci-Fi,Documentary,Animation"
USR-4504,2.9,4,15.1,0.3,30.0,0.52,Drama
USR-4505,37.5,57,61.8,0.68,3.0,0.36,"Romance,Drama,Sci-Fi,Thriller"
USR-4506,54.1,67,76.4,0.52,3.0,0.11,"Action,Sci-Fi"
USR-4507,21.8,21,25.6,0.4,3.0,0.65,"Romance,Comedy"
USR-4508,83.9,28,72.2,0.54,3.0,0.19,"Thriller,Action"
USR-4509,23.3,16,32.8,0.57,3.0,0.76,Animation
USR-4510,11.5,27,17.1,0.55,4.0,0.78,"Romance,Comedy"
USR-4511,60.5,41,46.7,0.6,3.0,0.41,"Animation,Documentary,Thriller,Comedy,Romance"
USR-4512,9.5,3,22.6,0.76,37.0,0.39,"Drama,Documentary"
USR-4513,45.1,46,22.8,0.61,2.0,0.36,"Comedy,Horror,Sci-Fi"
USR-4514,59.4,44,63.1,0.6,2.0,0.13,"Thriller,Sci-Fi,Action"
USR-4515,6.3,5,39.6,0.28,43.0,0.62,Drama
USR-4516,57.2,36,91.6,0.76,1.0,0.18,"Action,Thriller"
USR-4517,40.7,53,34.9,0.47,4.0,0.42,"Animation,Horror,Romance,Comedy"
USR-4518,1.8,27,30.9,0.6,6.0,0.77,Comedy
USR-4519,3.3,1,24.8,0.73,43.0,0.47,"Comedy,Drama"
USR-4520,21.2,25,27.8,0.41,7.0,0.73,Animation
USR-4521,7.5,3,51.8,0.35,30.0,0.41,Comedy
USR-4522,0.9,5,13.4,0.28,21.0,0.41,"Documentary,Drama"
USR-4523,7.2,3,7.9,0.74,17.0,0.57,Drama
USR-4524,18.6,30,17.6,0.51,9.0,0.79,"Animation,Comedy"
USR-4525,1.2,1,29.3,0.58,35.0,0.37,"Drama,Comedy"
USR-4526,23.7,18,29.8,0.53,5.0,0.71,"Comedy,Romance"
USR-4527,5.3,4,18.0,0.54,12.0,0.48,Comedy
USR-4528,39.5,39,44.4,0.43,4.0,0.43,"Sci-Fi,Animation,Documentary"
USR-4529,4.2,7,31.2,0.62,42.0,0.61,Drama
USR-4530,40.0,34,43.8,0.68,2.0,0.36,"Action,Sci-Fi,Romance"
USR-4531,30.8,21,24.3,0.36,3.0,0.78,"Animation,Romance"
USR-4532,72.2,67,90.2,0.5,2.0,0.13,"Sci-Fi,Thriller"
USR-4533,67.2,54,69.9,0.57,4.0,0.14,"Thriller,Action,Sci-Fi"
USR-4534,35.4,57,27.2,0.7,3.0,0.3,"Comedy,Horror,Sci-Fi"
USR-4535,18.2,35,21.0,0.57,7.0,0.9,Comedy
USR-4536,0.5,5,6.1,0.25,40.0,0.67,"Comedy,Documentary"
USR-4537,7.6,33,19.1,0.39,5.0,0.75,Romance
USR-4538,27.1,17,39.9,0.5,4.0,0.9,Comedy
USR-4539,91.2,43,83.6,0.73,3.0,0.17,"Sci-Fi,Thriller,Action"
USR-4540,14.9,15,15.7,0.37,4.0,0.63,Animation
USR-4541,11.8,30,15.8,0.52,5.0,0.75,Animation
USR-4542,32.6,52,53.1,0.52,3.0,0.42,"Documentary,Horror,Romance,Sci-Fi"
USR-4543,14.0,16,16.6,0.5,6.0,0.82,Animation
USR-4544,12.1,31,27.7,0.47,7.0,0.73,"Animation,Comedy"
USR-4545,81.0,35,89.5,0.7,2.0,0.16,"Action,Sci-Fi"
USR-4546,11.0,16,22.8,0.49,5.0,0.78,Comedy
USR-4547,14.3,29,26.3,0.51,6.0,0.7,Romance
USR-4548,11.1,15,33.2,0.31,4.0,0.88,Comedy
USR-4549,72.7,46,53.3,0.64,4.0,0.15,"Sci-Fi,Thriller,Action"
USR-4550,24.5,22,38.7,0.36,4.0,0.7,Comedy
USR-4551,21.0,21,20.7,0.3,7.0,0.83,Comedy
USR-4552,18.3,33,30.9,0.32,2.0,0.81,Romance
USR-4553,53.4,53,21.1,0.6,3.0,0.4,"Comedy,Action,Thriller,Horror"
USR-4554,3.5,1,23.4,0.24,19.0,0.53,"Drama,Documentary"
USR-4555,42.1,48,53.8,0.68,6.0,0.36,"Thriller,Horror,Documentary,Comedy"
USR-4556,58.3,66,76.5,0.59,2.0,0.06,"Thriller,Action,Sci-Fi"
USR-4557,11.7,33,16.7,0.38,3.0,0.9,Animation
USR-4558,87.5,45,70.8,0.58,3.0,0.11,"Action,Sci-Fi,Thriller"
USR-4559,3.7,6,15.0,0.51,15.0,0.62,Documentary
USR-4560,1.8,5,9.3,0.23,41.0,0.57,Documentary
USR-4561,56.0,34,106.6,0.77,4.0,0.19,"Thriller,Action"
USR-4562,36.7,35,45.2,0.64,2.0,0.25,"Documentary,Sci-Fi,Romance"
USR-4563,67.4,57,58.3,0.51,1.0,0.2,"Action,Sci-Fi"
USR-4564,4.8,5,24.6,0.31,12.0,0.67,Drama
USR-4565,70.5,29,98.5,0.54,1.0,0.09,"Thriller,Action"
USR-4566,8.8,17,29.4,0.41,7.0,0.82,Romance
USR-4567,59.3,48,119.3,0.5,1.0,0.15,"Thriller,Sci-Fi"
USR-4568,38.5,42,53.9,0.68,5.0,0.44,"Comedy,Sci-Fi,Animation"
USR-4569,7.7,4,20.3,0.63,25.0,0.6,Comedy
USR-4570,52.7,50,51.5,0.45,3.0,0.36,"Sci-Fi,Drama,Horror,Animation"
USR-4571,4.9,7,38.6,0.41,21.0,0.38,Documentary
USR-4572,5.4,2,25.5,0.2,36.0,0.62,"Drama,Documentary"
USR-4573,86.9,41,102.6,0.56,2.0,0.11,"Thriller,Sci-Fi,Action"
USR-4574,4.5,2,12.3,0.29,21.0,0.42,Comedy
USR-4575,33.0,57,55.5,0.53,1.0,0.24,"Action,Sci-Fi,Animation"
USR-4576,0.5,5,10.4,0.53,20.0,0.34,Documentary
USR-4577,68.2,25,116.5,0.74,4.0,0.19,"Sci-Fi,Thriller"
USR-4578,39.2,49,27.0,0.65,4.0,0.3,"Sci-Fi,Drama,Documentary,Animation,Romance"
USR-4579,38.0,32,47.4,0.48,4.0,0.34,"Animation,Thriller,Sci-Fi,Comedy"
USR-4580,8.8,22,30.9,0.39,8.0,0.62,Comedy
USR-4581,19.7,27,24.8,0.42,2.0,0.88,"Romance,Comedy"
USR-4582,3.3,4,15.1,0.42,40.0,0.35,Documentary
USR-4583,21.7,26,27.5,0.37,9.0,0.67,Romance
USR-4584,23.1,23,28.3,0.31,3.0,0.82,Comedy
USR-4585,40.3,44,43.4,0.52,3.0,0.47,"Romance,Animation,Comedy"
USR-4586,0.5,2,19.4,0.3,42.0,0.56,"Drama,Comedy"
USR-4587,4.5,4,13.8,0.47,35.0,0.3,"Documentary,Drama"
USR-4588,58.7,65,68.6,0.76,2.0,0.11,"Sci-Fi,Thriller"
USR-4589,39.5,52,81.5,0.63,1.0,0.12,"Action,Thriller,Sci-Fi"
USR-4590,64.3,26,86.1,0.63,4.0,0.07,"Sci-Fi,Thriller"
USR-4591,43.2,63,83.5,0.7,1.0,0.09,"Action,Thriller,Sci-Fi"
USR-4592,20.1,37,26.8,0.5,1.0,0.69,Animation
USR-4593,50.8,56,113.4,0.76,2.0,0.09,"Sci-Fi,Action,Thriller"
USR-4594,12.2,39,31.4,0.3,2.0,0.71,"Romance,Comedy"
USR-4595,52.8,29,82.0,0.55,4.0,0.14,"Sci-Fi,Action"
USR-4596,43.7,48,35.8,0.4,2.0,0.41,"Action,Animation,Drama"
USR-4597,9.4,2,36.7,0.23,16.0,0.52,Documentary
USR-4598,12.0,16,22.7,0.52,9.0,0.77,"Romance,Comedy"
USR-4599,14.4,22,12.3,0.51,2.0,0.83,"Animation,Comedy"
USR-4600,0.5,3,12.6,0.56,16.0,0.33,Drama
USR-4601,11.7,32,22.3,0.42,9.0,0.68,"Animation,Romance"
USR-4602,38.9,50,60.0,0.5,2.0,0.06,"Action,Thriller"
USR-4603,59.9,37,97.4,0.51,4.0,0.09,"Sci-Fi,Action,Thriller"
USR-4604,21.3,38,22.0,0.33,9.0,0.67,"Romance,Comedy"
USR-4605,11.9,38,35.6,0.34,4.0,0.62,"Romance,Comedy"
USR-4606,14.8,20,39.7,0.34,8.0,0.62,Comedy
USR-4607,58.5,62,102.8,0.73,2.0,0.1,"Action,Sci-Fi"
USR-4608,19.2,36,30.8,0.37,4.0,0.83,Romance
USR-4609,2.1,4,16.6,0.5,39.0,0.37,Drama
USR-4610,5.6,4,5.6,0.7,20.0,0.33,"Drama,Documentary"
USR-4611,17.1,31,17.3,0.35,8.0,0.77,"Romance,Animation"
USR-4612,41.7,30,47.1,0.66,2.0,0.25,"Romance,Action,Thriller,Animation,Drama"
USR-4613,5.9,7,33.0,0.57,41.0,0.5,Comedy
USR-4614,45.2,58,105.8,0.57,4.0,0.07,"Sci-Fi,Thriller"
USR-4615,78.0,67,47.9,0.65,2.0,0.11,"Thriller,Action"
USR-4616,41.9,55,42.8,0.53,5.0,0.26,"Romance,Sci-Fi,Drama,Animation"
USR-4617,32.9,33,62.8,0.55,4.0,0.41,"Action,Animation,Drama,Sci-Fi"
USR-4618,2.6,2,35.8,0.41,19.0,0.55,Documentary
USR-4619,0.9,3,15.2,0.74,12.0,0.62,"Comedy,Documentary"
USR-4620,16.1,18,25.2,0.58,5.0,0.61,"Comedy,Romance"
USR-4621,1.9,5,13.4,0.42,44.0,0.53,Documentary
USR-4622,49.3,52,60.4,0.7,6.0,0.28,"Action,Horror,Animation,Comedy"
USR-4623,5.5,3,21.8,0.34,33.0,0.47,"Documentary,Drama"
USR-4624,8.9,32,22.0,0.34,9.0,0.86,Animation
USR-4625,69.4,59,65.5,0.53,1.0,0.13,"Action,Sci-Fi"
USR-4626,5.9,4,11.1,0.66,22.0,0.55,"Documentary,Drama"
USR-4627,65.0,61,47.4,0.55,4.0,0.14,"Action,Thriller"
USR-4628,15.9,44,41.9,0.52,5.0,0.45,"Comedy,Sci-Fi,Horror"
USR-4629,57.7,49,99.4,0.67,2.0,0.2,"Sci-Fi,Action"
USR-4630,50.7,44,55.7,0.68,3.0,0.22,"Comedy,Drama,Action"
USR-4631,15.4,34,52.7,0.66,6.0,0.29,"Sci-Fi,Comedy,Horror,Drama,Thriller"
USR-4632,17.3,21,28.4,0.36,4.0,0.66,"Romance,Comedy"
USR-4633,41.0,56,60.7,0.8,1.0,0.19,"Action,Thriller"
USR-4634,45.5,39,94.7,0.65,4.0,0.16,"Thriller,Action"
USR-4635,7.8,38,25.1,0.58,1.0,0.87,"Romance,Comedy"
USR-4636,58.7,63,68.0,0.74,1.0,0.05,"Sci-Fi,Thriller"
USR-4637,88.5,44,73.5,0.68,3.0,0.15,"Sci-Fi,Action"
USR-4638,24.3,18,11.7,0.55,1.0,0.63,Animation
USR-4639,13.6,15,16.8,0.47,5.0,0.79,Comedy
USR-4640,17.9,29,23.0,0.51,5.0,0.84,Comedy
USR-4641,66.4,53,81.2,0.67,4.0,0.2,"Action,Thriller,Sci-Fi"
USR-4642,29.4,25,35.4,0.57,8.0,0.63,"Comedy,Romance"
USR-4643,65.7,51,52.0,0.52,4.0,0.32,"Action,Comedy,Sci-Fi,Drama,Documentary"
USR-4644,55.5,64,118.5,0.59,4.0,0.16,"Action,Thriller,Sci-Fi"
USR-4645,9.2,36,22.5,0.43,7.0,0.82,Animation
USR-4646,44.5,45,75.3,0.5,2.0,0.14,"Action,Thriller"
USR-4647,3.1,3,14.0,0.52,28.0,0.31,Drama
USR-4648,14.8,18,28.7,0.34,8.0,0.8,"Comedy,Animation"
USR-4649,63.1,63,81.5,0.65,3.0,0.15,"Action,Thriller,Sci-Fi"
USR-4650,3.9,5,35.6,0.43,17.0,0.6,"Documentary,Comedy"
USR-4651,10.6,33,18.7,0.45,9.0,0.64,Romance
USR-4652,72.7,34,87.5,0.7,4.0,0.12,"Thriller,Sci-Fi,Action"
USR-4653,6.8,6,17.5,0.39,30.0,0.36,Drama
USR-4654,6.9,4,24.0,0.28,20.0,0.34,"Documentary,Drama"
USR-4655,35.7,54,38.8,0.69,1.0,0.36,"Comedy,Action,Romance,Thriller"
USR-4656,49.6,38,70.0,0.69,3.0,0.14,"Action,Sci-Fi"
USR-4657,3.2,2,30.1,0.26,41.0,0.33,Documentary
USR-4658,7.3,6,5.0,0.66,24.0,0.54,Comedy
USR-4659,68.2,69,91.4,0.68,1.0,0.14,"Thriller,Action,Sci-Fi"
USR-4660,9.9,17,37.0,0.3,3.0,0.7,Romance
USR-4661,58.5,58,92.9,0.76,4.0,0.14,"Action,Sci-Fi,Thriller"
USR-4662,13.2,19,28.7,0.55,3.0,0.67,"Comedy,Animation"
USR-4663,26.8,36,27.4,0.36,7.0,0.75,"Romance,Animation"
USR-4664,70.1,48,103.6,0.59,3.0,0.11,"Thriller,Action"
USR-4665,33.6,33,70.3,0.52,5.0,0.4,"Action,Documentary,Romance,Comedy,Drama"
USR-4666,25.3,20,23.4,0.38,9.0,0.8,"Romance,Comedy"
USR-4667,38.3,48,34.2,0.68,2.0,0.32,"Horror,Documentary,Sci-Fi,Drama"
USR-4668,8.3,24,6.2,0.49,6.0,0.86,Animation
USR-4669,53.5,48,70.9,0.45,2.0,0.35,"Horror,Thriller,Documentary"
USR-4670,26.8,47,34.5,0.67,1.0,0.34,"Horror,Romance,Sci-Fi"
USR-4671,38.1,31,67.4,0.68,1.0,0.31,"Thriller,Sci-Fi,Comedy,Action,Romance"
USR-4672,10.1,25,33.2,0.47,6.0,0.6,"Animation,Comedy"
USR-4673,16.2,21,24.5,0.51,5.0,0.88,Comedy
USR-4674,41.0,43,76.8,0.64,4.0,0.46,"Horror,Documentary,Animation,Drama"
USR-4675,44.2,32,55.5,0.55,6.0,0.31,"Horror,Action,Drama,Documentary"
USR-4676,46.2,66,74.4,0.5,1.0,0.09,"Sci-Fi,Thriller,Action"
USR-4677,35.9,38,57.1,0.6,3.0,0.39,"Action,Documentary,Romance,Comedy,Sci-Fi"
USR-4678,32.4,42,28.8,0.58,6.0,0.26,"Sci-Fi,Action,Documentary,Horror,Animation"
USR-4679,11.2,30,29.6,0.54,5.0,0.31,"Drama,Thriller,Animation,Documentary,Romance"
USR-4680,41.5,42,63.2,0.64,1.0,0.08,"Action,Thriller,Sci-Fi"
USR-4681,56.1,46,77.0,0.72,4.0,0.05,"Sci-Fi,Action"
USR-4682,55.2,61,84.4,0.59,4.0,0.15,"Thriller,Sci-Fi,Action"
USR-4683,7.6,34,22.5,0.56,3.0,0.65,Comedy
USR-4684,16.9,28,31.5,0.3,8.0,0.62,Animation
USR-4685,9.4,6,33.2,0.4,30.0,0.51,Drama
USR-4686,25.0,53,57.7,0.42,1.0,0.36,"Animation,Action,Thriller,Horror,Documentary"
USR-4687,40.0,44,41.0,0.47,3.0,0.24,"Sci-Fi,Horror,Animation"
USR-4688,0.8,3,26.9,0.25,42.0,0.39,Drama
USR-4689,53.6,31,33.2,0.64,2.0,0.33,"Thriller,Romance,Comedy"
USR-4690,67.6,46,112.6,0.54,1.0,0.17,"Sci-Fi,Thriller,Action"
USR-4691,22.8,35,36.2,0.5,2.0,0.74,"Romance,Comedy"
USR-4692,56.0,52,68.2,0.63,2.0,0.06,"Thriller,Sci-Fi,Action"
USR-4693,5.2,1,19.9,0.69,44.0,0.63,"Comedy,Drama"
USR-4694,44.4,48,68.6,0.6,2.0,0.49,"Documentary,Romance,Action,Comedy,Sci-Fi"
USR-4695,45.6,30,44.1,0.52,6.0,0.47,"Horror,Drama,Animation"
USR-4696,21.8,22,22.4,0.5,1.0,0.61,"Comedy,Romance"
USR-4697,66.4,58,89.4,0.58,1.0,0.11,"Thriller,Sci-Fi"
USR-4698,55.4,36,71.4,0.46,5.0,0.27,"Drama,Sci-Fi,Documentary,Comedy,Romance"
USR-4699,67.9,68,66.6,0.69,2.0,0.18,"Thriller,Sci-Fi,Action"
USR-4700,66.9,50,74.7,0.56,3.0,0.16,"Sci-Fi,Thriller"
USR-4701,6.2,4,5.3,0.32,39.0,0.52,Drama
USR-4702,11.8,18,26.6,0.39,9.0,0.61,Romance
USR-4703,18.0,26,14.2,0.5,2.0,0.71,"Romance,Comedy"
USR-4704,37.1,57,54.0,0.64,2.0,0.34,"Horror,Sci-Fi,Drama"
USR-4705,58.7,34,87.5,0.51,4.0,0.19,"Thriller,Action"
USR-4706,12.8,28,24.8,0.49,8.0,0.66,"Comedy,Romance"
USR-4707,53.0,42,75.5,0.78,3.0,0.18,"Action,Sci-Fi"
USR-4708,76.8,68,94.5,0.53,2.0,0.09,"Action,Thriller"
USR-4709,7.2,7,28.1,0.52,40.0,0.51,"Drama,Comedy"
USR-4710,13.3,15,23.5,0.4,5.0,0.75,"Comedy,Romance"
USR-4711,17.0,29,38.1,0.42,9.0,0.79,"Comedy,Animation"
USR-4712,12.8,21,27.4,0.44,6.0,0.63,Comedy
USR-4713,13.2,35,15.2,0.47,9.0,0.68,Romance
USR-4714,46.5,35,44.2,0.58,2.0,0.35,"Action,Documentary,Horror"
USR-4715,14.2,26,33.7,0.57,8.0,0.76,Romance
USR-4716,76.4,28,88.4,0.69,2.0,0.18,"Sci-Fi,Action"
USR-4717,22.6,33,44.7,0.61,3.0,0.48,"Drama,Comedy,Horror,Romance"
USR-4718,19.1,32,32.7,0.59,5.0,0.82,Romance
USR-4719,7.4,5,5.0,0.39,20.0,0.62,"Documentary,Drama"
USR-4720,1.0,4,20.5,0.29,13.0,0.3,"Comedy,Documentary"
USR-4721,12.5,30,26.6,0.48,1.0,0.88,Comedy
USR-4722,21.1,24,21.4,0.32,8.0,0.63,"Romance,Comedy"
USR-4723,18.0,32,40.4,0.55,9.0,0.66,"Animation,Romance"
USR-4724,50.7,45,51.6,0.72,3.0,0.06,"Action,Thriller"
USR-4725,72.1,47,108.2,0.6,2.0,0.19,"Thriller,Sci-Fi"
USR-4726,5.8,1,27.1,0.66,30.0,0.46,Drama
USR-4727,41.8,40,60.2,0.52,5.0,0.25,"Documentary,Thriller,Drama,Romance"
USR-4728,72.9,50,81.6,0.79,1.0,0.05,"Sci-Fi,Thriller"
USR-4729,10.3,17,22.6,0.39,6.0,0.72,Animation
USR-4730,82.3,47,34.6,0.78,2.0,0.11,"Action,Sci-Fi"
USR-4731,31.1,32,73.5,0.61,5.0,0.48,"Thriller,Action,Comedy,Documentary,Drama"
USR-4732,9.6,27,20.7,0.54,2.0,0.74,"Animation,Romance"
USR-4733,50.7,35,61.2,0.59,1.0,0.12,"Action,Sci-Fi,Thriller"
USR-4734,40.2,37,60.3,0.57,,0.48,"Romance,Thriller,Sci-Fi,Horror,Comedy"
USR-4735,41.3,53,53.4,0.48,2.0,0.31,"Sci-Fi,Horror,Comedy,Action"
USR-4736,25.3,43,60.7,0.41,2.0,0.22,"Horror,Documentary,Romance,Sci-Fi"
USR-4737,49.0,34,42.4,0.4,4.0,0.47,"Romance,Drama,Thriller,Animation"
USR-4738,22.6,16,20.9,0.48,5.0,0.77,Animation
USR-4739,3.7,7,22.9,0.31,28.0,0.59,"Comedy,Documentary"
USR-4740,50.0,55,51.5,0.64,4.0,0.06,"Action,Sci-Fi"
USR-4741,26.3,39,16.2,0.45,3.0,0.61,Animation
USR-4742,76.6,36,85.7,0.57,1.0,0.19,"Action,Thriller"
USR-4743,9.0,38,17.8,0.57,7.0,0.79,"Animation,Romance"
USR-4744,36.1,53,44.8,0.59,6.0,0.49,"Sci-Fi,Documentary,Romance"
USR-4745,13.9,20,25.2,0.55,1.0,0.73,"Animation,Romance"
USR-4746,69.6,37,56.0,0.53,3.0,0.13,"Sci-Fi,Thriller"
USR-4747,3.7,1,20.2,0.28,32.0,0.5,Documentary
USR-4748,63.3,50,37.1,0.44,3.0,0.37,"Horror,Sci-Fi,Animation,Comedy"
USR-4749,23.0,35,16.9,0.53,2.0,0.62,Animation
USR-4750,3.2,3,18.2,0.8,44.0,0.32,"Drama,Comedy"
USR-4751,47.2,42,50.5,0.45,3.0,0.22,"Horror,Drama,Action"
USR-4752,21.4,27,19.2,0.55,8.0,0.85,Animation
USR-4753,41.0,34,50.0,0.44,3.0,0.46,"Thriller,Action,Horror"
USR-4754,17.5,35,31.5,0.54,8.0,0.87,"Animation,Comedy"
USR-4755,9.5,25,17.9,0.51,1.0,0.79,Comedy
USR-4756,76.8,45,118.5,0.7,4.0,0.19,"Sci-Fi,Action,Thriller"
USR-4757,12.9,24,20.7,0.33,8.0,0.78,"Romance,Animation"
USR-4758,13.1,23,23.7,0.38,7.0,0.7,"Animation,Romance"
USR-4759,81.5,69,53.5,0.78,1.0,0.1,"Thriller,Action,Sci-Fi"
USR-4760,7.4,17,27.5,0.52,2.0,0.87,Romance
USR-4761,1.6,7,5.0,0.22,44.0,0.7,Comedy
USR-4762,15.7,23,5.0,0.43,5.0,0.74,"Romance,Animation"
USR-4763,59.6,50,81.8,0.79,1.0,0.11,"Action,Sci-Fi"
USR-4764,49.1,31,40.2,0.48,2.0,0.35,"Comedy,Animation,Romance,Drama"
USR-4765,42.4,37,63.2,0.65,4.0,0.37,"Documentary,Animation,Romance,Thriller,Horror"
USR-4766,2.6,4,9.2,0.21,32.0,0.42,"Comedy,Drama"
USR-4767,6.2,3,24.9,0.7,44.0,0.51,Documentary
USR-4768,53.6,40,92.0,0.5,3.0,0.14,"Thriller,Sci-Fi,Action"
USR-4769,15.3,26,15.2,0.31,3.0,0.68,Comedy
USR-4770,5.0,3,20.5,0.48,38.0,0.45,Documentary
USR-4771,3.9,6,6.7,0.75,14.0,0.45,Documentary
USR-4772,27.4,24,44.4,0.52,4.0,0.67,Comedy
USR-4773,51.0,30,43.1,0.67,1.0,0.32,"Action,Comedy,Horror,Documentary,Drama"
USR-4774,76.3,68,88.9,0.65,1.0,0.1,"Sci-Fi,Action"
USR-4775,19.5,31,54.3,0.51,2.0,0.4,"Animation,Thriller,Romance"
USR-4776,48.8,55,44.2,0.5,2.0,0.24,"Documentary,Horror,Animation,Sci-Fi"
USR-4777,7.4,2,14.6,0.76,29.0,0.35,"Documentary,Drama"
USR-4778,36.1,39,62.5,0.43,2.0,0.31,"Documentary,Action,Comedy"
USR-4779,15.9,18,34.5,0.59,5.0,0.73,"Comedy,Romance"
USR-4780,23.0,35,63.7,0.43,5.0,0.39,"Comedy,Romance,Action,Horror,Sci-Fi"
USR-4781,8.4,4,12.8,0.47,16.0,0.5,Drama
USR-4782,71.0,32,63.5,0.63,1.0,0.08,"Thriller,Action"
USR-4783,75.1,40,80.8,0.7,2.0,0.1,"Action,Thriller,Sci-Fi"
USR-4784,9.8,17,19.4,0.49,4.0,0.77,Romance
USR-4785,13.1,28,20.3,0.51,6.0,0.84,"Romance,Comedy"
USR-4786,52.6,52,66.8,0.57,3.0,0.3,"Romance,Action,Thriller,Comedy"
USR-4787,68.9,59,73.2,0.78,4.0,0.06,"Action,Sci-Fi"
USR-4788,75.8,31,86.6,0.5,2.0,0.08,"Thriller,Sci-Fi,Action"
USR-4789,17.5,32,15.3,0.38,1.0,0.84,"Comedy,Romance"
USR-4790,4.6,3,17.3,0.49,36.0,0.58,Comedy
USR-4791,1.8,7,24.8,0.27,16.0,0.61,"Documentary,Drama"
USR-4792,20.0,20,12.4,0.35,3.0,0.74,"Animation,Comedy"
USR-4793,1.8,6,21.3,0.71,33.0,0.64,Documentary
USR-4794,77.8,31,63.7,0.57,2.0,0.1,"Sci-Fi,Action,Thriller"
USR-4795,5.2,2,16.6,0.69,38.0,0.5,Documentary
USR-4796,58.1,54,81.8,0.62,1.0,0.14,"Sci-Fi,Action,Thriller"
USR-4797,22.2,27,28.1,0.49,7.0,0.88,Animation
USR-4798,80.5,50,80.1,0.79,1.0,0.17,"Action,Thriller"
USR-4799,16.6,29,16.9,0.41,1.0,0.7,Romance
USR-4800,47.4,51,58.6,0.51,2.0,0.48,"Comedy,Drama,Romance"
USR-4801,6.2,23,27.6,0.38,2.0,0.89,Romance
USR-4802,37.2,49,25.7,0.57,2.0,0.31,"Comedy,Horror,Romance,Documentary,Thriller"
USR-4803,42.9,59,96.3,0.67,3.0,0.15,"Thriller,Sci-Fi,Action"
USR-4804,81.5,52,74.6,0.76,3.0,0.12,"Thriller,Action"
USR-4805,7.0,1,7.2,0.51,39.0,0.37,Comedy
USR-4806,47.7,38,64.1,0.44,4.0,0.42,"Thriller,Drama,Comedy,Sci-Fi"
USR-4807,64.4,58,61.9,0.51,3.0,0.07,"Action,Thriller,Sci-Fi"
USR-4808,2.0,1,25.2,0.59,22.0,0.56,Documentary
USR-4809,0.5,5,11.7,0.29,29.0,0.4,Drama
USR-4810,6.2,6,5.0,0.27,14.0,0.46,Documentary
USR-4811,4.0,3,5.0,0.64,23.0,0.38,"Drama,Comedy"
USR-4812,25.5,41,39.9,0.5,1.0,0.45,"Horror,Romance,Documentary"
USR-4813,20.8,23,27.8,0.32,4.0,0.8,Animation
USR-4814,38.9,36,45.6,0.47,4.0,0.2,"Romance,Horror,Comedy,Action,Documentary"
USR-4815,64.6,59,59.4,0.57,3.0,0.15,"Sci-Fi,Action,Thriller"
USR-4816,31.8,35,38.4,0.67,2.0,0.35,"Romance,Action,Horror,Documentary,Animation"
USR-4817,9.7,37,22.1,0.3,9.0,0.73,"Comedy,Animation"
USR-4818,71.8,63,92.6,0.71,2.0,0.18,"Action,Thriller,Sci-Fi"
USR-4819,42.1,55,48.6,0.62,4.0,0.45,"Romance,Thriller,Sci-Fi,Horror,Action"
USR-4820,4.5,5,27.6,0.52,41.0,0.33,"Comedy,Drama"
USR-4821,42.4,31,32.4,0.43,6.0,0.34,"Drama,Action,Horror,Animation,Sci-Fi"
USR-4822,12.7,22,23.6,0.56,4.0,0.85,Animation
USR-4823,51.9,47,28.7,0.47,5.0,0.48,"Sci-Fi,Animation,Romance"
USR-4824,28.4,41,49.2,0.61,3.0,0.47,"Comedy,Drama,Animation,Horror"
USR-4825,44.0,47,34.3,0.55,4.0,0.25,"Horror,Sci-Fi,Thriller,Action,Animation"
USR-4826,47.4,32,90.4,0.44,2.0,0.21,"Horror,Comedy,Sci-Fi,Drama,Documentary"
USR-4827,55.6,44,50.9,0.42,4.0,0.48,"Thriller,Comedy,Action"
USR-4828,6.9,6,32.8,0.28,30.0,0.57,Comedy
USR-4829,53.7,37,46.8,0.48,3.0,0.29,"Comedy,Sci-Fi,Animation,Documentary"
USR-4830,31.5,51,43.7,0.68,5.0,0.41,"Drama,Action,Sci-Fi,Animation,Documentary"
USR-4831,20.1,34,18.1,0.42,8.0,0.74,Animation
USR-4832,21.8,21,25.7,0.45,3.0,0.8,"Animation,Romance"
USR-4833,3.5,5,7.3,0.73,,0.4,Drama
USR-4834,58.2,30,47.1,0.56,4.0,0.36,"Horror,Animation,Romance,Drama"
USR-4835,43.3,33,43.9,0.44,4.0,0.36,"Animation,Action,Romance"
USR-4836,7.4,3,24.0,0.63,13.0,0.43,"Documentary,Drama"
USR-4837,18.9,38,39.4,0.56,9.0,0.7,"Romance,Animation"
USR-4838,6.8,6,17.6,0.39,36.0,0.43,Drama
USR-4839,65.0,34,70.5,0.64,1.0,0.11,"Sci-Fi,Thriller,Action"
USR-4840,35.4,36,91.8,0.67,4.0,0.08,"Action,Sci-Fi,Thriller"
USR-4841,19.5,28,29.9,0.51,3.0,0.77,"Comedy,Romance"
USR-4842,60.9,38,47.1,0.48,4.0,0.36,"Drama,Documentary,Sci-Fi"
USR-4843,21.5,35,46.5,0.52,1.0,0.36,"Thriller,Documentary,Romance"
USR-4844,24.6,19,31.1,0.33,6.0,0.73,"Animation,Comedy"
USR-4845,72.3,54,55.1,0.55,1.0,0.08,"Action,Sci-Fi"
USR-4846,16.5,16,20.7,0.45,8.0,0.89,Comedy
USR-4847,3.3,5,31.5,0.25,10.0,0.66,"Drama,Comedy"
USR-4848,12.4,4,9.2,0.55,27.0,0.33,"Documentary,Drama"
USR-4849,36.3,41,67.4,0.62,6.0,0.26,"Documentary,Romance,Thriller"
USR-4850,12.9,23,29.3,0.31,8.0,0.65,"Comedy,Romance"
USR-4851,7.9,30,21.8,0.59,1.0,0.85,"Comedy,Romance"
USR-4852,3.3,7,28.5,0.57,27.0,0.58,"Comedy,Drama"
USR-4853,10.9,19,10.7,0.45,4.0,0.65,Animation
USR-4854,34.4,52,99.2,0.79,4.0,0.1,"Sci-Fi,Action,Thriller"
USR-4855,9.5,33,12.0,0.51,7.0,0.8,Romance
USR-4856,83.9,68,98.2,0.67,3.0,0.08,"Sci-Fi,Action,Thriller"
USR-4857,11.6,27,13.5,0.3,3.0,0.61,"Romance,Animation"
USR-4858,42.6,49,43.2,0.52,5.0,0.32,"Drama,Horror,Thriller,Comedy"
USR-4859,5.7,2,21.7,0.35,39.0,0.36,Drama
USR-4860,8.5,59,30.4,0.69,5.0,0.32,"Sci-Fi,Drama,Thriller"
USR-4861,44.5,48,44.9,0.66,6.0,0.32,"Horror,Sci-Fi,Romance,Drama,Action"
USR-4862,3.5,6,23.5,0.22,19.0,0.52,Documentary
USR-4863,20.8,39,25.7,0.43,8.0,0.87,Comedy
USR-4864,43.0,34,81.4,0.64,2.0,0.14,"Thriller,Sci-Fi,Action"
USR-4865,2.3,7,9.8,0.56,12.0,0.43,"Drama,Comedy"
USR-4866,44.3,37,102.3,0.72,2.0,0.13,"Sci-Fi,Action,Thriller"
USR-4867,50.8,41,106.4,0.75,4.0,0.05,"Sci-Fi,Thriller"
USR-4868,17.6,25,37.6,0.4,2.0,0.75,"Animation,Romance"
USR-4869,57.3,56,97.5,0.65,3.0,0.06,"Sci-Fi,Thriller"
USR-4870,17.3,21,24.2,0.33,5.0,0.61,Comedy
USR-4871,98.1,56,111.0,0.65,4.0,0.14,"Thriller,Sci-Fi"
USR-4872,0.8,3,18.2,0.35,17.0,0.39,"Documentary,Drama"
USR-4873,45.2,40,19.3,0.6,6.0,0.3,"Drama,Thriller,Animation"
USR-4874,74.5,66,82.0,0.8,3.0,0.18,"Sci-Fi,Thriller"
USR-4875,15.8,30,29.2,0.34,9.0,0.82,Romance
USR-4876,2.8,3,14.7,0.23,25.0,0.39,"Comedy,Drama"
USR-4877,39.1,51,57.8,0.6,1.0,0.47,"Action,Drama,Horror,Romance"
USR-4878,19.4,55,55.3,0.67,4.0,0.49,"Animation,Documentary,Thriller,Horror"
USR-4879,4.6,7,11.2,0.66,18.0,0.56,"Documentary,Comedy"
USR-4880,86.6,38,71.4,0.57,3.0,0.1,"Action,Sci-Fi,Thriller"
USR-4881,62.5,38,79.6,0.75,3.0,0.1,"Action,Thriller,Sci-Fi"
USR-4882,9.1,17,23.2,0.35,7.0,0.65,"Animation,Comedy"
USR-4883,59.4,38,48.2,0.43,5.0,0.23,"Horror,Drama,Thriller,Action,Sci-Fi"
USR-4884,78.8,29,69.0,0.57,1.0,0.18,"Thriller,Action,Sci-Fi"
USR-4885,13.8,24,19.4,0.59,8.0,0.8,"Comedy,Romance"
USR-4886,3.4,7,25.5,0.46,15.0,0.67,"Drama,Documentary"
USR-4887,15.2,26,17.4,0.37,5.0,0.61,Comedy
USR-4888,2.8,6,16.4,0.34,36.0,0.58,Documentary
USR-4889,0.5,3,28.7,0.71,21.0,0.43,Comedy
USR-4890,28.4,37,29.0,0.41,5.0,0.76,Romance
USR-4891,27.0,37,14.8,0.41,4.0,0.73,"Romance,Animation"
USR-4892,17.6,26,36.5,0.39,7.0,0.82,"Animation,Romance"
USR-4893,59.0,66,55.4,0.68,4.0,0.05,"Action,Thriller"
USR-4894,40.7,51,41.5,0.45,1.0,0.21,"Romance,Thriller,Drama,Action,Comedy"
USR-4895,2.5,1,19.0,0.47,34.0,0.31,"Documentary,Drama"
USR-4896,26.5,32,40.9,0.45,3.0,0.25,"Thriller,Comedy,Drama"
USR-4897,8.0,24,27.4,0.56,7.0,0.74,Romance
USR-4898,31.8,54,53.8,0.56,2.0,0.27,"Documentary,Horror,Romance"
USR-4899,17.6,19,33.4,0.57,9.0,0.88,"Comedy,Romance"
USR-4900,4.3,2,41.1,0.78,39.0,0.45,"Documentary,Comedy"
USR-4901,38.6,56,35.4,0.44,3.0,0.21,"Drama,Sci-Fi,Action,Animation"
USR-4902,53.6,57,49.5,0.65,4.0,0.24,"Horror,Action,Romance"
USR-4903,12.1,34,32.3,0.36,8.0,0.8,"Animation,Comedy"
USR-4904,36.5,50,59.8,0.66,2.0,0.34,"Drama,Action,Thriller"
USR-4905,1.9,7,5.0,0.72,22.0,0.66,"Drama,Comedy"
USR-4906,13.9,17,16.6,0.35,9.0,0.87,Romance
USR-4907,4.1,1,24.5,0.59,19.0,0.52,"Drama,Documentary"
USR-4908,14.9,33,22.2,0.52,6.0,0.69,Animation
USR-4909,12.1,26,33.6,0.53,8.0,0.67,Comedy
USR-4910,46.2,34,59.9,0.65,6.0,0.41,"Thriller,Drama,Comedy"
USR-4911,47.0,44,52.5,0.61,3.0,0.47,"Action,Comedy,Drama,Horror"
USR-4912,3.7,3,29.3,0.39,41.0,0.44,"Documentary,Drama"
USR-4913,14.6,29,30.6,0.52,2.0,0.87,"Animation,Comedy"
USR-4914,5.7,3,14.5,0.22,26.0,0.58,Documentary
USR-4915,27.4,26,18.2,0.55,2.0,0.69,Animation
USR-4916,32.2,36,86.6,0.75,4.0,0.08,"Action,Sci-Fi,Thriller"
USR-4917,41.6,65,107.9,0.56,4.0,0.08,"Thriller,Sci-Fi,Action"
USR-4918,2.5,2,31.3,0.37,13.0,0.46,"Comedy,Drama"
USR-4919,9.5,35,31.2,0.54,7.0,0.63,Animation
USR-4920,65.0,34,101.6,0.52,4.0,0.13,"Sci-Fi,Thriller"
USR-4921,15.1,33,18.0,0.3,7.0,0.74,"Animation,Comedy"
USR-4922,70.8,63,99.9,0.71,3.0,0.19,"Thriller,Action,Sci-Fi"
USR-4923,10.4,35,26.0,0.55,2.0,0.84,"Comedy,Romance"
USR-4924,46.4,50,48.2,0.68,2.0,0.31,"Sci-Fi,Romance,Drama,Action,Animation"
USR-4925,12.5,28,23.8,0.59,5.0,0.71,Romance
USR-4926,39.7,46,65.1,0.47,2.0,0.4,"Comedy,Sci-Fi,Documentary"
USR-4927,22.0,20,30.6,0.55,7.0,0.89,Comedy
USR-4928,69.0,33,84.8,0.64,3.0,0.09,"Thriller,Sci-Fi,Action"
USR-4929,10.0,36,18.0,0.39,7.0,0.62,Romance
USR-4930,8.8,7,26.8,0.28,15.0,0.5,"Drama,Documentary"
USR-4931,15.5,16,17.6,0.32,4.0,0.63,Animation
USR-4932,2.7,2,7.2,0.74,23.0,0.61,"Documentary,Comedy"
USR-4933,41.7,46,52.5,0.69,3.0,0.2,"Documentary,Thriller,Action"
USR-4934,70.5,31,119.6,0.66,1.0,0.14,"Action,Sci-Fi"
USR-4935,8.1,5,27.9,0.79,22.0,0.59,"Comedy,Documentary"
USR-4936,6.4,3,19.0,0.28,35.0,0.47,Comedy
USR-4937,7.3,5,24.9,0.4,43.0,0.65,"Drama,Documentary"
USR-4938,31.3,30,63.3,0.7,4.0,0.49,"Romance,Sci-Fi,Animation"
USR-4939,54.2,32,51.5,0.54,3.0,0.38,"Horror,Action,Sci-Fi"
USR-4940,53.2,42,45.4,0.45,4.0,0.31,"Drama,Horror,Animation"
USR-4941,6.3,23,22.3,0.38,4.0,0.63,Comedy
USR-4942,4.7,28,25.3,0.54,1.0,0.68,Animation
USR-4943,58.6,33,58.6,0.45,4.0,0.34,"Thriller,Action,Animation"
USR-4944,1.8,4,22.0,0.29,27.0,0.56,"Comedy,Documentary"
USR-4945,52.2,62,85.0,0.51,3.0,0.16,"Thriller,Action"
USR-4946,4.3,6,22.3,0.34,28.0,0.63,Drama
USR-4947,5.0,6,30.2,0.77,44.0,0.39,"Comedy,Documentary"
USR-4948,14.7,29,41.3,0.46,2.0,0.85,"Comedy,Romance"
USR-4949,53.9,46,38.1,0.58,6.0,0.26,"Romance,Horror,Drama"
USR-4950,25.0,61,73.1,0.73,2.0,0.19,"Sci-Fi,Action"
USR-4951,36.9,42,61.1,0.7,4.0,0.47,"Romance,Drama,Action,Animation"
USR-4952,15.0,16,25.5,0.43,8.0,0.82,Animation
USR-4953,8.1,22,21.3,0.57,2.0,0.77,Animation
USR-4954,42.4,57,105.6,0.64,4.0,0.1,"Thriller,Action"
USR-4955,51.8,53,120.8,0.55,1.0,0.17,"Thriller,Sci-Fi,Action"
USR-4956,8.7,34,13.7,0.41,9.0,0.82,"Romance,Comedy"
USR-4957,62.6,63,122.7,0.63,2.0,0.06,"Thriller,Action"
USR-4958,71.3,55,96.7,0.68,3.0,0.09,"Action,Thriller"
USR-4959,2.8,2,13.5,0.29,35.0,0.35,Comedy
USR-4960,64.1,56,103.2,0.7,2.0,0.07,"Thriller,Sci-Fi,Action"
USR-4961,14.9,26,13.9,0.38,6.0,0.81,Comedy
USR-4962,14.9,16,22.7,0.53,9.0,0.81,Animation
USR-4963,18.4,32,35.0,0.32,9.0,0.67,Comedy
USR-4964,74.9,35,79.0,0.66,2.0,0.19,"Sci-Fi,Thriller"
USR-4965,18.7,32,54.5,0.6,1.0,0.28,"Sci-Fi,Horror,Documentary"
USR-4966,3.2,7,31.0,0.22,17.0,0.63,Comedy
USR-4967,61.3,46,81.5,0.53,1.0,0.19,"Sci-Fi,Thriller"
USR-4968,0.5,1,13.7,0.24,24.0,0.34,Drama
USR-4969,15.9,35,39.3,0.58,8.0,0.77,"Animation,Comedy"
USR-4970,15.7,23,30.9,0.46,6.0,0.64,"Comedy,Animation"
USR-4971,3.4,3,22.7,0.45,30.0,0.39,"Documentary,Drama"
USR-4972,12.8,52,61.4,0.64,4.0,0.36,"Drama,Sci-Fi,Animation,Comedy,Horror"
USR-4973,70.0,40,90.1,0.77,4.0,0.16,"Thriller,Action,Sci-Fi"
USR-4974,3.9,38,30.3,0.36,7.0,0.68,Animation
USR-4975,6.0,34,29.1,0.45,3.0,0.61,Comedy
USR-4976,64.4,61,72.7,0.73,2.0,0.06,"Sci-Fi,Thriller"
USR-4977,43.1,35,46.9,0.68,4.0,0.38,"Horror,Thriller,Comedy,Action"
USR-4978,41.7,31,60.2,0.66,6.0,0.39,"Comedy,Thriller,Action,Documentary"
USR-4979,40.2,62,77.4,0.6,2.0,0.07,"Action,Thriller"
USR-4980,2.2,6,28.8,0.63,12.0,0.31,"Comedy,Documentary"
USR-4981,12.3,34,14.0,0.44,3.0,0.64,"Comedy,Animation"
USR-4982,11.5,37,26.2,0.58,6.0,0.72,"Animation,Romance"
USR-4983,6.5,4,21.1,0.43,20.0,0.5,"Comedy,Drama"
USR-4984,18.6,37,20.7,0.52,9.0,0.64,Romance
USR-4985,57.1,62,85.5,0.75,3.0,0.07,"Action,Sci-Fi"
USR-4986,18.7,25,21.3,0.56,9.0,0.77,Romance
USR-4987,33.7,43,48.9,0.59,3.0,0.21,"Sci-Fi,Action,Comedy,Thriller,Documentary"
USR-4988,32.4,57,59.7,0.43,2.0,0.29,"Sci-Fi,Action,Thriller,Drama"
USR-4989,27.5,41,59.4,0.6,1.0,0.2,"Action,Horror,Sci-Fi,Thriller"
USR-4990,7.6,7,26.3,0.45,36.0,0.52,"Documentary,Drama"
USR-4991,71.0,64,85.9,0.76,2.0,0.15,"Action,Thriller,Sci-Fi"
USR-4992,64.6,36,114.4,0.74,2.0,0.14,"Sci-Fi,Thriller"
USR-4993,19.9,22,33.6,0.57,9.0,0.7,"Comedy,Animation"
USR-4994,55.8,28,86.5,0.52,3.0,0.15,"Sci-Fi,Thriller,Action"
USR-4995,71.1,50,75.6,0.56,2.0,0.09,"Sci-Fi,Action,Thriller"
USR-4996,11.3,15,22.5,0.47,5.0,0.82,Romance
USR-4997,44.0,46,43.3,0.6,2.0,0.44,"Comedy,Action,Documentary"
USR-4998,0.5,7,19.3,0.57,36.0,0.67,Drama
USR-4999,56.8,52,55.1,0.57,6.0,0.34,"Comedy,Drama,Animation,Sci-Fi,Horror"
USR-5000,16.1,34,29.7,0.5,9.0,0.61,Animation
USR-5001,23.0,38,20.1,0.52,1.0,0.64,Comedy
USR-5002,61.9,43,62.3,0.67,2.0,0.16,"Sci-Fi,Action,Thriller"
USR-5003,32.6,28,121.8,0.5,1.0,0.17,"Action,Sci-Fi"
USR-5004,50.9,43,94.1,0.69,3.0,0.18,"Thriller,Sci-Fi"
USR-5005,23.5,36,24.9,0.48,3.0,0.81,"Animation,Romance"
USR-5006,18.5,28,21.2,0.37,9.0,0.81,"Romance,Animation"
USR-5007,4.5,6,47.1,0.25,14.0,0.37,Documentary
USR-5008,6.3,38,23.3,0.45,9.0,0.85,"Comedy,Romance"
USR-5009,41.1,33,46.9,0.61,3.0,0.47,"Horror,Action,Documentary,Drama,Thriller"
USR-5010,3.4,5,13.8,0.29,18.0,0.59,"Documentary,Comedy"
USR-5011,3.3,5,5.0,0.7,14.0,0.48,Documentary
USR-5012,0.5,6,23.7,0.57,43.0,0.52,Comedy
USR-5013,7.0,7,19.0,0.29,14.0,0.61,Documentary
USR-5014,6.4,6,21.6,0.74,34.0,0.66,Documentary
USR-5015,43.8,55,47.6,0.63,1.0,0.41,"Horror,Animation,Drama"
USR-5016,37.9,30,40.2,0.66,6.0,0.41,"Comedy,Horror,Action"
USR-5017,0.5,6,24.4,0.53,42.0,0.47,Documentary
USR-5018,14.8,28,41.4,0.47,4.0,0.88,Animation
USR-5019,77.2,42,78.7,0.63,4.0,0.07,"Sci-Fi,Thriller"
USR-5020,77.5,49,107.7,0.55,2.0,0.09,"Sci-Fi,Action,Thriller"
USR-5021,89.6,35,115.6,0.72,3.0,0.06,"Action,Sci-Fi"
USR-5022,4.7,15,24.1,0.37,9.0,0.89,Comedy
USR-5023,56.1,39,81.6,0.7,3.0,0.13,"Sci-Fi,Thriller"
USR-5024,73.7,50,95.4,0.74,1.0,0.15,"Sci-Fi,Action,Thriller"
USR-5025,73.0,29,53.8,0.55,4.0,0.16,"Action,Sci-Fi"
USR-5026,9.9,18,22.3,0.59,7.0,0.89,Comedy
USR-5027,11.4,34,25.0,0.51,8.0,0.83,"Animation,Comedy"
USR-5028,47.2,54,47.6,0.46,3.0,0.26,"Drama,Horror,Romance,Sci-Fi"
USR-5029,4.6,36,25.2,0.47,2.0,0.83,Comedy
USR-5030,40.3,32,58.3,0.64,6.0,0.36,"Animation,Sci-Fi,Horror,Action"
USR-5031,9.2,35,28.6,0.48,5.0,0.77,"Animation,Comedy"
USR-5032,39.3,41,46.8,0.68,5.0,0.2,"Romance,Thriller,Animation,Drama,Horror"
USR-5033,11.7,17,37.2,0.42,5.0,0.83,"Comedy,Romance"
USR-5034,17.6,26,24.6,0.48,8.0,0.73,Animation
USR-5035,7.2,18,33.8,0.42,1.0,0.85,"Animation,Comedy"
USR-5036,56.4,47,89.1,0.52,1.0,0.2,"Action,Sci-Fi"
USR-5037,17.2,36,18.9,0.53,9.0,0.62,"Romance,Animation"
USR-5038,2.9,4,29.2,0.31,40.0,0.63,Comedy
USR-5039,7.4,27,31.8,0.44,8.0,0.64,Animation
USR-5040,60.1,28,85.5,0.53,1.0,0.11,"Sci-Fi,Thriller"
USR-5041,3.2,2,10.3,0.51,17.0,0.55,Documentary
USR-5042,2.6,2,24.6,0.38,26.0,0.57,"Documentary,Comedy"
USR-5043,71.0,67,131.0,0.63,3.0,0.13,"Sci-Fi,Action"
USR-5044,9.6,23,20.1,0.59,4.0,0.61,"Romance,Comedy"
USR-5045,76.4,51,98.0,0.68,4.0,0.16,"Thriller,Action"
USR-5046,89.8,35,63.8,0.72,4.0,0.18,"Action,Sci-Fi,Thriller"
USR-5047,66.4,50,71.2,0.77,1.0,0.12,"Sci-Fi,Thriller"
USR-5048,8.3,7,18.5,0.37,24.0,0.43,Documentary
USR-5049,0.5,6,22.2,0.47,30.0,0.4,Comedy
USR-5050,4.3,4,20.2,0.34,14.0,0.6,Comedy
USR-5051,49.5,52,62.6,0.65,1.0,0.37,"Animation,Comedy,Romance"
USR-5052,5.1,52,44.8,0.52,2.0,0.47,"Romance,Comedy,Horror,Animation,Action"
USR-5053,37.4,56,54.9,0.58,1.0,0.37,"Documentary,Thriller,Horror,Action"
USR-5054,40.7,40,59.0,0.7,6.0,0.47,"Sci-Fi,Documentary,Drama,Comedy,Romance"
USR-5055,23.6,25,8.1,0.5,1.0,0.81,Comedy
USR-5056,24.5,51,68.5,0.56,4.0,0.25,"Documentary,Horror,Drama,Sci-Fi,Romance"
USR-5057,2.1,2,9.8,0.31,42.0,0.46,"Documentary,Comedy"
USR-5058,4.1,1,22.7,0.59,32.0,0.58,"Drama,Documentary"
USR-5059,75.4,38,126.5,0.63,1.0,0.2,"Action,Sci-Fi"
USR-5060,14.0,21,6.1,0.46,4.0,0.9,Animation
USR-5061,85.2,47,72.8,0.66,2.0,0.13,"Sci-Fi,Thriller,Action"
USR-5062,45.3,55,44.2,0.65,4.0,0.4,"Romance,Sci-Fi,Drama,Action"
USR-5063,40.7,42,64.8,0.54,4.0,0.21,"Drama,Animation,Thriller,Documentary,Horror"
USR-5064,10.7,19,33.0,0.43,8.0,0.69,Animation
USR-5065,78.3,41,82.1,0.68,4.0,0.07,"Sci-Fi,Action"
USR-5066,39.0,45,67.8,0.64,6.0,0.3,"Comedy,Documentary,Action,Thriller"
USR-5067,3.8,4,9.5,0.44,31.0,0.56,Drama
USR-5068,16.6,31,32.8,0.36,1.0,0.74,Comedy
USR-5069,90.4,68,113.3,0.52,3.0,0.08,"Action,Sci-Fi"
USR-5070,14.3,31,39.7,0.55,1.0,0.43,"Sci-Fi,Drama,Animation,Documentary,Romance"
USR-5071,14.4,33,28.0,0.31,1.0,0.62,Comedy
USR-5072,21.1,17,28.0,0.4,4.0,0.64,"Romance,Comedy"
USR-5073,26.1,32,10.4,0.39,6.0,0.78,"Animation,Romance"
USR-5074,4.2,5,29.3,0.8,36.0,0.5,Drama
USR-5075,0.7,2,7.7,0.67,36.0,0.69,Drama
USR-5076,3.1,2,27.3,0.63,16.0,0.55,"Documentary,Comedy"
USR-5077,30.4,44,49.0,0.54,6.0,0.5,"Documentary,Horror,Action"
USR-5078,3.4,1,24.5,0.62,23.0,0.44,Drama
USR-5079,8.5,5,16.9,0.4,34.0,0.38,"Drama,Comedy"
USR-5080,11.8,27,40.7,0.35,1.0,0.67,Animation
USR-5081,5.3,5,20.8,0.5,41.0,0.41,"Comedy,Documentary"
USR-5082,47.0,50,47.7,0.42,4.0,0.29,"Sci-Fi,Drama,Action,Horror,Comedy"
USR-5083,16.6,24,32.9,0.44,5.0,0.72,"Comedy,Animation"
USR-5084,14.1,22,24.4,0.56,4.0,0.84,"Romance,Comedy"
USR-5085,35.4,58,36.1,0.51,6.0,0.5,"Sci-Fi,Animation,Action"
USR-5086,58.4,48,70.6,0.47,3.0,0.27,"Horror,Action,Drama,Animation"
USR-5087,16.0,19,29.2,0.49,9.0,0.73,Animation
USR-5088,25.0,69,72.4,0.52,2.0,0.09,"Thriller,Sci-Fi"
USR-5089,3.0,1,23.9,0.63,37.0,0.67,Documentary
USR-5090,4.3,4,15.4,0.38,24.0,0.49,"Documentary,Comedy"
USR-5091,18.2,39,23.2,0.41,5.0,0.85,"Romance,Animation"
USR-5092,8.3,1,27.0,0.69,31.0,0.47,"Drama,Documentary"
USR-5093,9.6,36,42.8,0.3,5.0,0.8,"Romance,Comedy"
USR-5094,52.3,52,93.1,0.53,4.0,0.1,"Sci-Fi,Action"
USR-5095,38.9,44,41.6,0.44,4.0,0.38,"Documentary,Horror,Thriller,Drama"
USR-5096,10.9,48,41.3,0.52,4.0,0.45,"Horror,Romance,Thriller,Animation,Drama"
USR-5097,62.5,63,108.8,0.7,1.0,0.18,"Action,Sci-Fi,Thriller"
USR-5098,79.1,38,79.0,0.63,3.0,0.13,"Sci-Fi,Action"
USR-5099,16.4,23,17.8,0.33,4.0,0.82,Animation
USR-5100,34.1,30,39.4,0.47,5.0,0.34,"Action,Animation,Sci-Fi"
USR-5101,63.0,28,99.2,0.53,4.0,0.09,"Action,Sci-Fi"
USR-5102,66.4,54,61.7,0.68,1.0,0.43,"Animation,Drama,Romance,Thriller"
USR-5103,5.1,20,34.8,0.58,7.0,0.85,Comedy
USR-5104,15.9,27,19.4,0.38,7.0,0.65,Comedy
USR-5105,30.7,20,21.3,0.38,5.0,0.67,Romance
USR-5106,4.9,3,14.2,0.3,18.0,0.42,Drama
USR-5107,6.7,5,5.0,0.59,22.0,0.51,"Drama,Documentary"
USR-5108,0.5,4,19.0,0.78,33.0,0.39,Drama
USR-5109,18.7,15,38.2,0.32,3.0,0.81,Romance
USR-5110,2.1,2,21.0,0.68,26.0,0.53,Documentary
USR-5111,40.0,32,36.8,0.62,3.0,0.33,"Documentary,Horror,Drama"
USR-5112,55.6,63,99.5,0.71,1.0,0.2,"Action,Sci-Fi"
USR-5113,42.7,38,43.0,0.41,1.0,0.25,"Comedy,Horror,Animation,Action"
USR-5114,45.7,57,41.4,0.42,6.0,0.27,"Horror,Comedy,Thriller"
USR-5115,11.3,39,31.5,0.44,7.0,0.62,Romance
USR-5116,6.9,1,5.9,0.48,22.0,0.41,Drama
USR-5117,42.2,48,45.5,0.42,4.0,0.29,"Horror,Documentary,Drama"
USR-5118,24.6,31,24.4,0.5,3.0,0.7,"Animation,Comedy"
USR-5119,0.5,4,22.9,0.3,41.0,0.44,"Comedy,Drama"
USR-5120,5.0,1,10.6,0.22,44.0,0.42,Documentary
USR-5121,61.9,36,64.0,0.44,5.0,0.42,"Romance,Comedy,Thriller,Documentary"
USR-5122,6.9,1,34.7,0.76,28.0,0.6,Documentary
USR-5123,33.1,57,47.3,0.7,5.0,0.31,"Sci-Fi,Comedy,Thriller,Romance"
USR-5124,8.9,4,35.8,0.48,16.0,0.49,"Documentary,Comedy"
USR-5125,1.0,4,11.9,0.33,24.0,0.62,"Drama,Documentary"
USR-5126,3.4,6,5.0,0.58,20.0,0.46,"Drama,Comedy"
USR-5127,47.5,55,61.4,0.58,5.0,0.44,"Romance,Drama,Animation"
USR-5128,65.6,32,92.8,0.69,1.0,0.11,"Thriller,Action"
USR-5129,60.1,52,67.1,0.57,5.0,0.34,"Sci-Fi,Action,Animation,Romance,Documentary"
USR-5130,29.5,57,42.0,0.49,1.0,0.32,"Sci-Fi,Animation,Documentary"
USR-5131,65.4,66,49.3,0.68,1.0,0.07,"Thriller,Sci-Fi"
USR-5132,11.6,27,19.9,0.59,6.0,0.62,"Animation,Comedy"
USR-5133,56.7,31,56.9,0.6,3.0,0.45,"Comedy,Action,Sci-Fi,Romance,Animation"
USR-5134,68.2,60,74.9,0.54,1.0,0.15,"Action,Sci-Fi,Thriller"
USR-5135,7.7,30,39.9,0.47,3.0,0.84,Romance
USR-5136,45.2,25,128.2,0.54,2.0,0.12,"Sci-Fi,Action,Thriller"
USR-5137,0.5,33,33.8,0.58,1.0,0.61,"Animation,Romance"
USR-5138,37.5,53,82.4,0.58,3.0,0.27,"Drama,Comedy,Animation,Horror,Documentary"
USR-5139,20.3,19,10.9,0.48,3.0,0.76,"Comedy,Romance"
USR-5140,35.8,33,53.1,0.41,3.0,0.48,"Action,Sci-Fi,Drama,Horror"
USR-5141,5.4,7,29.5,0.24,21.0,0.68,Comedy
USR-5142,36.1,32,44.2,0.66,1.0,0.43,"Animation,Sci-Fi,Thriller,Romance"
USR-5143,27.7,39,32.7,0.64,2.0,0.2,"Animation,Action,Horror"
USR-5144,6.6,33,12.8,0.43,5.0,0.81,"Comedy,Animation"
USR-5145,7.9,6,17.3,0.65,20.0,0.58,Drama
USR-5146,39.4,47,26.1,0.46,1.0,0.44,"Drama,Thriller,Horror,Animation,Sci-Fi"
USR-5147,17.7,16,38.9,0.31,4.0,0.67,Romance
USR-5148,24.2,35,18.9,0.47,8.0,0.61,"Animation,Comedy"
USR-5149,35.1,42,40.8,0.6,1.0,0.48,"Animation,Thriller,Comedy,Romance,Sci-Fi"
USR-5150,26.2,15,22.2,0.37,8.0,0.78,Romance
USR-5151,14.8,25,34.2,0.58,6.0,0.88,"Romance,Comedy"
USR-5152,55.8,43,57.4,0.56,4.0,0.1,"Thriller,Sci-Fi,Action"
USR-5153,23.9,43,46.4,0.67,1.0,0.21,"Action,Drama,Documentary,Sci-Fi,Comedy"
USR-5154,26.5,22,23.5,0.45,4.0,0.61,"Romance,Comedy"
USR-5155,46.8,43,37.0,0.51,4.0,0.48,"Animation,Thriller,Drama"
USR-5156,63.3,61,83.5,0.59,1.0,0.12,"Action,Sci-Fi"
USR-5157,55.1,29,92.2,0.71,3.0,0.15,"Thriller,Sci-Fi"
USR-5158,15.0,31,22.4,0.45,8.0,0.82,Romance
USR-5159,15.0,39,10.7,0.54,5.0,0.83,"Romance,Animation"
USR-5160,59.7,43,102.7,0.63,4.0,0.08,"Sci-Fi,Thriller,Action"
USR-5161,26.5,38,45.3,0.59,3.0,0.43,"Comedy,Romance,Drama"
USR-5162,11.8,34,18.8,0.32,8.0,0.64,"Animation,Comedy"
USR-5163,1.4,6,22.9,0.49,39.0,0.52,Comedy
USR-5164,9.0,18,30.4,0.54,5.0,0.72,"Animation,Comedy"
USR-5165,21.4,32,11.3,0.43,2.0,0.64,"Comedy,Romance"
USR-5166,2.4,5,39.7,0.39,25.0,0.42,"Comedy,Drama"
USR-5167,16.2,37,21.0,0.59,2.0,0.24,"Romance,Drama,Thriller"
USR-5168,13.2,23,27.7,0.44,9.0,0.65,"Comedy,Romance"
USR-5169,16.3,18,19.2,0.53,6.0,0.6,"Romance,Animation"
USR-5170,45.7,35,77.6,0.76,3.0,0.07,"Action,Thriller"
USR-5171,1.8,1,10.9,0.39,41.0,0.34,Documentary
USR-5172,37.7,32,53.9,0.52,1.0,0.34,"Thriller,Sci-Fi,Animation,Comedy,Horror"
USR-5173,3.7,3,17.3,0.8,44.0,0.66,Comedy
USR-5174,14.8,19,25.2,0.38,2.0,0.8,"Comedy,Romance"
USR-5175,10.2,7,15.1,0.6,29.0,0.68,"Drama,Documentary"
USR-5176,39.7,51,75.7,0.54,1.0,0.28,"Romance,Animation,Horror,Comedy,Sci-Fi"
USR-5177,48.6,52,50.2,0.64,6.0,0.26,"Sci-Fi,Thriller,Horror,Comedy"
USR-5178,4.4,6,11.1,0.76,36.0,0.33,Documentary
USR-5179,24.2,38,37.0,0.48,4.0,0.23,"Documentary,Drama,Thriller,Sci-Fi,Action"
USR-5180,32.8,37,74.7,0.68,2.0,0.24,"Comedy,Animation,Sci-Fi,Documentary,Thriller"
USR-5181,51.1,57,53.8,0.61,1.0,0.07,"Action,Thriller"
USR-5182,43.6,42,57.1,0.59,6.0,0.29,"Documentary,Action,Drama,Thriller"
USR-5183,9.3,31,21.9,0.58,2.0,0.75,"Comedy,Animation"
USR-5184,53.0,52,48.8,0.4,6.0,0.3,"Thriller,Romance,Documentary"
USR-5185,31.8,35,36.3,0.46,2.0,0.28,"Animation,Documentary,Sci-Fi"
USR-5186,24.0,22,27.3,0.4,9.0,0.78,Animation
USR-5187,43.8,53,41.8,0.59,1.0,0.43,"Drama,Horror,Thriller,Action"
USR-5188,10.5,39,22.2,0.32,8.0,0.61,"Animation,Comedy"
USR-5189,55.3,40,70.2,0.7,1.0,0.13,"Action,Thriller,Sci-Fi"
USR-5190,91.4,62,68.5,0.73,2.0,0.17,"Sci-Fi,Action"
USR-5191,19.2,33,20.8,0.53,5.0,0.85,Romance
USR-5192,14.3,29,20.7,0.54,3.0,0.74,Comedy
USR-5193,23.6,38,12.0,0.58,8.0,0.6,"Romance,Comedy"
USR-5194,68.3,63,114.9,0.5,2.0,0.07,"Thriller,Sci-Fi"
USR-5195,7.7,3,10.0,0.65,18.0,0.33,Drama
USR-5196,44.5,44,42.4,0.54,3.0,0.25,"Drama,Romance,Sci-Fi"
USR-5197,1.5,1,23.8,0.41,44.0,0.66,"Documentary,Comedy"
USR-5198,86.5,45,71.9,0.64,2.0,0.05,"Thriller,Sci-Fi"
USR-5199,34.7,48,48.6,0.68,4.0,0.38,"Action,Thriller,Animation"
USR-5200,64.1,26,89.6,0.57,3.0,0.11,"Sci-Fi,Action"
USR-5201,38.9,37,48.4,0.52,2.0,0.23,"Romance,Drama,Thriller"
USR-5202,74.3,40,79.5,0.79,4.0,0.06,"Sci-Fi,Thriller"
USR-5203,70.8,31,109.2,0.78,3.0,0.06,"Sci-Fi,Action,Thriller"
USR-5204,47.7,33,70.1,0.59,6.0,0.4,"Horror,Animation,Sci-Fi,Thriller"
USR-5205,15.5,21,9.4,0.39,5.0,0.78,Romance
USR-5206,0.8,1,27.5,0.23,33.0,0.31,"Comedy,Documentary"
USR-5207,19.9,15,28.7,0.54,6.0,0.68,Romance
USR-5208,22.2,35,10.6,0.36,9.0,0.88,"Romance,Comedy"
USR-5209,59.7,30,110.6,0.73,3.0,0.08,"Sci-Fi,Action"
USR-5210,57.1,47,46.4,0.72,4.0,0.19,"Thriller,Action,Sci-Fi"
USR-5211,6.9,1,6.2,0.78,40.0,0.58,"Documentary,Drama"
USR-5212,14.9,21,10.9,0.31,9.0,0.82,"Comedy,Animation"
USR-5213,14.6,33,19.3,0.43,2.0,0.61,"Animation,Romance"
USR-5214,36.3,34,45.4,0.57,2.0,0.41,"Action,Horror,Drama,Romance,Comedy"
USR-5215,54.1,30,53.7,0.59,2.0,0.48,"Documentary,Thriller,Drama"
USR-5216,73.6,59,65.2,0.67,2.0,0.06,"Sci-Fi,Thriller"
USR-5217,8.7,19,25.9,0.57,6.0,0.69,"Comedy,Animation"
USR-5218,43.3,46,42.6,0.65,2.0,0.46,"Thriller,Drama,Animation"
USR-5219,38.2,43,97.5,0.78,4.0,0.14,"Thriller,Sci-Fi"
USR-5220,64.3,39,76.4,0.56,4.0,0.11,"Sci-Fi,Thriller,Action"
USR-5221,13.0,37,21.5,0.49,1.0,0.7,Comedy
USR-5222,2.5,7,27.0,0.56,30.0,0.43,Drama
USR-5223,17.5,18,34.2,0.4,9.0,0.88,Romance
USR-5224,9.8,38,18.5,0.59,2.0,0.63,"Romance,Animation"
USR-5225,19.4,28,23.9,0.39,1.0,0.76,"Romance,Comedy"
USR-5226,48.8,26,106.6,0.74,4.0,0.15,"Action,Thriller,Sci-Fi"
USR-5227,51.8,52,27.7,0.49,3.0,0.29,"Sci-Fi,Horror,Action,Animation,Documentary"
USR-5228,40.5,48,40.8,0.58,3.0,0.43,"Romance,Documentary,Action"
USR-5229,57.5,57,56.6,0.66,2.0,0.38,"Thriller,Drama,Comedy,Action,Romance"
USR-5230,47.2,49,34.2,0.62,2.0,0.41,"Horror,Documentary,Romance,Sci-Fi,Action"
USR-5231,38.7,43,82.1,0.79,3.0,0.17,"Thriller,Sci-Fi,Action"
USR-5232,55.9,30,137.5,0.68,4.0,0.16,"Thriller,Action"
USR-5233,3.0,2,8.7,0.52,19.0,0.37,Drama
USR-5234,86.9,26,74.0,0.54,1.0,0.18,"Sci-Fi,Thriller,Action"
USR-5235,42.8,48,52.8,0.68,6.0,0.39,"Documentary,Animation,Horror,Drama,Sci-Fi"
USR-5236,64.4,59,76.5,0.73,1.0,0.05,"Thriller,Action"
USR-5237,37.2,36,31.7,0.53,3.0,0.42,"Animation,Drama,Sci-Fi"
USR-5238,3.1,1,23.3,0.69,33.0,0.5,"Comedy,Documentary"
USR-5239,72.2,65,87.1,0.74,3.0,0.19,"Sci-Fi,Thriller,Action"
USR-5240,56.4,37,33.8,0.42,6.0,0.24,"Horror,Comedy,Sci-Fi,Drama"
USR-5241,10.8,19,8.8,0.58,1.0,0.64,"Animation,Comedy"
USR-5242,61.4,52,114.4,0.62,2.0,0.16,"Sci-Fi,Action,Thriller"
USR-5243,58.0,32,58.2,0.6,3.0,0.29,"Documentary,Horror,Action"
USR-5244,13.9,26,27.0,0.48,9.0,0.78,Comedy
USR-5245,16.0,33,14.1,0.33,6.0,0.75,"Animation,Comedy"
USR-5246,35.7,39,58.2,0.45,4.0,0.33,"Horror,Thriller,Documentary,Sci-Fi"
USR-5247,18.5,21,24.8,0.44,7.0,0.67,"Comedy,Animation"
USR-5248,30.2,58,48.1,0.49,6.0,0.26,"Thriller,Horror,Comedy,Animation"
USR-5249,65.7,35,39.4,0.62,4.0,0.23,"Horror,Romance,Drama,Sci-Fi"
USR-5250,38.8,56,42.3,0.51,4.0,0.22,"Sci-Fi,Documentary,Romance"
USR-5251,1.3,31,38.2,0.44,4.0,0.61,Comedy
USR-5252,12.2,23,5.0,0.52,3.0,0.61,Animation
USR-5253,4.6,5,25.8,0.25,32.0,0.66,"Drama,Documentary"
USR-5254,6.4,3,15.0,0.48,41.0,0.57,Documentary
USR-5255,15.3,17,34.6,0.34,2.0,0.73,Romance
USR-5256,27.3,43,40.6,0.66,5.0,0.33,"Comedy,Sci-Fi,Horror,Action,Animation"
USR-5257,37.7,52,39.4,0.45,4.0,0.47,"Action,Thriller,Animation"
USR-5258,54.8,57,37.7,0.43,4.0,0.49,"Drama,Thriller,Sci-Fi,Animation"
USR-5259,6.2,4,23.3,0.21,28.0,0.37,Drama
USR-5260,15.8,15,32.6,0.55,1.0,0.74,Comedy
USR-5261,10.5,24,20.2,0.33,3.0,0.79,"Comedy,Animation"
USR-5262,65.4,62,51.6,0.52,1.0,0.13,"Thriller,Action,Sci-Fi"
USR-5263,12.5,5,29.0,0.4,32.0,0.55,Documentary
USR-5264,10.0,4,31.1,0.25,10.0,0.37,"Comedy,Documentary"
USR-5265,13.0,36,6.3,0.36,8.0,0.75,Comedy
USR-5266,70.7,45,90.1,0.75,2.0,0.17,"Thriller,Action,Sci-Fi"
USR-5267,20.3,18,26.6,0.55,1.0,0.75,"Romance,Animation"
USR-5268,17.2,18,21.8,0.32,7.0,0.69,"Animation,Comedy"
USR-5269,7.3,2,16.5,0.76,27.0,0.49,Comedy
USR-5270,8.4,19,27.4,0.31,1.0,0.75,Romance
USR-5271,5.9,2,23.5,0.43,16.0,0.65,Comedy
USR-5272,9.1,29,21.8,0.4,6.0,0.75,"Romance,Animation"
USR-5273,20.8,27,18.9,0.53,8.0,0.7,Comedy
USR-5274,57.8,50,116.9,0.64,4.0,0.07,"Sci-Fi,Action"
USR-5275,24.2,33,22.2,0.41,6.0,0.77,"Romance,Animation"
USR-5276,8.6,39,20.0,0.5,7.0,0.78,Comedy
USR-5277,32.6,53,39.1,0.44,6.0,0.38,"Comedy,Horror,Action"
USR-5278,17.3,19,22.6,0.58,8.0,0.83,Comedy
USR-5279,35.9,50,46.2,0.48,1.0,0.4,"Action,Comedy,Thriller,Horror,Sci-Fi"
USR-5280,1.2,5,17.2,0.76,15.0,0.42,Documentary
USR-5281,13.0,37,16.4,0.55,3.0,0.83,Romance
USR-5282,78.1,55,58.4,0.77,4.0,0.2,"Action,Sci-Fi,Thriller"
USR-5283,0.5,6,9.5,0.7,39.0,0.47,"Comedy,Drama"
USR-5284,17.2,34,18.7,0.44,8.0,0.76,"Comedy,Romance"
USR-5285,14.5,21,22.0,0.41,1.0,0.88,"Comedy,Animation"
USR-5286,15.1,23,32.8,0.43,4.0,0.65,Romance
USR-5287,1.5,1,19.8,0.32,16.0,0.43,Documentary
USR-5288,52.0,49,68.2,0.47,5.0,0.22,"Action,Documentary,Sci-Fi"
USR-5289,18.5,32,40.7,0.52,3.0,0.74,"Animation,Romance"
USR-5290,18.3,31,21.5,0.54,9.0,0.74,Animation
USR-5291,54.7,27,81.1,0.8,1.0,0.12,"Thriller,Action"
USR-5292,53.7,30,70.4,0.63,2.0,0.08,"Thriller,Action,Sci-Fi"
USR-5293,42.5,34,46.5,0.67,3.0,0.34,"Animation,Documentary,Sci-Fi,Thriller"
USR-5294,15.9,38,23.1,0.36,5.0,0.87,"Comedy,Animation"
USR-5295,32.9,54,28.4,0.63,5.0,0.22,"Thriller,Comedy,Drama,Animation"
USR-5296,49.4,54,40.7,0.48,4.0,0.37,"Horror,Action,Documentary,Sci-Fi"
USR-5297,81.0,42,94.4,0.53,1.0,0.09,"Thriller,Action"
USR-5298,29.3,35,32.6,0.54,2.0,0.31,"Horror,Drama,Comedy,Thriller"
USR-5299,27.0,46,45.1,0.68,1.0,0.47,"Documentary,Romance,Sci-Fi,Comedy"
USR-5300,75.7,60,67.7,0.66,1.0,0.15,"Action,Sci-Fi,Thriller"
USR-5301,67.4,57,20.7,0.5,4.0,0.45,"Action,Comedy,Romance"
USR-5302,15.0,37,25.0,0.36,5.0,0.79,Romance
USR-5303,20.0,15,29.1,0.48,2.0,0.63,"Animation,Romance"
USR-5304,16.3,34,15.0,0.6,8.0,0.79,Animation
USR-5305,1.0,6,35.5,0.27,12.0,0.33,"Comedy,Drama"
USR-5306,34.7,49,68.9,0.59,6.0,0.42,"Thriller,Comedy,Romance"
USR-5307,8.5,24,19.1,0.34,1.0,0.69,"Animation,Comedy"
USR-5308,11.9,36,20.2,0.45,5.0,0.66,"Comedy,Animation"
USR-5309,5.0,26,20.9,0.45,7.0,0.82,"Comedy,Animation"
USR-5310,23.2,35,30.7,0.35,1.0,0.84,"Comedy,Animation"
USR-5311,5.6,3,16.7,0.35,39.0,0.49,Documentary
USR-5312,5.9,7,8.4,0.27,12.0,0.43,"Documentary,Drama"
USR-5313,18.4,52,52.8,0.44,2.0,0.26,"Horror,Comedy,Romance,Animation"
USR-5314,50.2,33,118.1,0.76,3.0,0.15,"Thriller,Action,Sci-Fi"
USR-5315,0.9,1,5.0,0.73,37.0,0.6,"Comedy,Drama"
USR-5316,57.6,58,35.1,0.63,6.0,0.49,"Documentary,Animation,Comedy,Drama"
USR-5317,21.1,20,30.4,0.46,3.0,0.85,"Comedy,Romance"
USR-5318,18.9,15,30.4,0.45,2.0,0.64,Romance
USR-5319,25.5,18,33.1,0.55,2.0,0.77,"Romance,Animation"
USR-5320,69.4,52,86.4,0.68,2.0,0.2,"Sci-Fi,Action"
USR-5321,6.3,5,28.0,0.31,35.0,0.65,"Comedy,Documentary"
USR-5322,25.5,32,79.6,0.78,1.0,0.09,"Thriller,Action"
USR-5323,63.4,62,88.9,0.53,3.0,0.14,"Thriller,Sci-Fi,Action"
USR-5324,43.7,33,51.0,0.6,2.0,0.35,"Drama,Documentary,Thriller,Sci-Fi,Action"
USR-5325,42.0,31,39.1,0.42,1.0,0.21,"Action,Drama,Romance,Documentary"
USR-5326,99.1,69,67.5,0.72,3.0,0.09,"Sci-Fi,Thriller"
USR-5327,16.1,25,25.3,0.53,7.0,0.7,"Romance,Comedy"
USR-5328,11.9,35,26.8,0.33,7.0,0.85,"Animation,Comedy"
USR-5329,57.8,64,54.8,0.59,2.0,0.07,"Action,Sci-Fi,Thriller"
USR-5330,4.1,22,29.0,0.33,3.0,0.61,"Comedy,Romance"
USR-5331,14.8,30,20.3,0.45,1.0,0.78,"Animation,Comedy"
USR-5332,90.5,59,88.4,0.55,4.0,0.08,"Sci-Fi,Action,Thriller"
USR-5333,52.0,39,46.4,0.7,1.0,0.23,"Comedy,Romance,Action,Documentary,Thriller"
USR-5334,15.8,26,20.2,0.34,1.0,0.64,"Animation,Comedy"
USR-5335,58.3,39,89.6,0.65,1.0,0.07,"Thriller,Sci-Fi"
USR-5336,51.9,51,59.5,0.43,6.0,0.44,"Thriller,Sci-Fi,Documentary,Romance,Horror"
USR-5337,4.6,1,46.6,0.63,41.0,0.7,Comedy
USR-5338,0.6,3,5.8,0.68,37.0,0.58,Comedy
USR-5339,13.2,28,26.6,0.42,2.0,0.74,"Animation,Romance"
USR-5340,12.7,35,48.4,0.56,3.0,0.71,"Comedy,Animation"
USR-5341,74.4,33,70.6,0.55,4.0,0.08,"Thriller,Sci-Fi"
USR-5342,14.6,29,21.4,0.35,2.0,0.77,Romance
USR-5343,5.9,4,8.9,0.71,36.0,0.55,Drama
USR-5344,73.9,39,57.8,0.58,2.0,0.13,"Sci-Fi,Action"
USR-5345,31.6,51,52.4,0.47,5.0,0.26,"Horror,Sci-Fi,Drama,Romance"
USR-5346,67.2,32,88.0,0.65,1.0,0.16,"Action,Thriller,Sci-Fi"
USR-5347,9.9,36,15.7,0.59,2.0,0.87,"Animation,Romance"
USR-5348,7.4,7,17.0,0.72,44.0,0.41,Comedy
USR-5349,22.4,20,14.1,0.41,2.0,0.65,Animation
USR-5350,24.0,18,23.1,0.57,3.0,0.79,Animation
USR-5351,20.8,27,9.0,0.5,2.0,0.74,Romance
USR-5352,64.3,35,80.5,0.71,2.0,0.19,"Sci-Fi,Action,Thriller"
USR-5353,38.4,35,33.0,0.55,2.0,0.43,"Animation,Comedy,Sci-Fi"
USR-5354,23.9,21,14.7,0.4,1.0,0.72,"Animation,Romance"
USR-5355,35.2,46,64.8,0.57,5.0,0.27,"Comedy,Thriller,Drama,Animation"
USR-5356,67.0,39,101.8,0.51,2.0,0.18,"Thriller,Sci-Fi"
USR-5357,51.5,44,67.6,0.74,1.0,0.13,"Thriller,Action"
USR-5358,28.6,39,57.2,0.64,2.0,0.5,"Thriller,Horror,Animation,Comedy,Drama"
USR-5359,9.0,20,28.5,0.51,6.0,0.8,Comedy
USR-5360,48.4,34,52.7,0.64,4.0,0.27,"Thriller,Horror,Comedy,Romance"
USR-5361,12.4,28,29.0,0.46,8.0,0.66,"Animation,Romance"
USR-5362,57.5,69,67.3,0.51,4.0,0.08,"Sci-Fi,Action,Thriller"
USR-5363,77.7,48,87.1,0.54,3.0,0.16,"Thriller,Sci-Fi"
USR-5364,36.5,63,123.1,0.59,4.0,0.11,"Sci-Fi,Action,Thriller"
USR-5365,17.4,36,28.6,0.53,5.0,0.6,"Animation,Romance"
USR-5366,10.7,19,25.8,0.55,5.0,0.71,Romance
USR-5367,14.2,59,68.2,0.69,1.0,0.24,"Romance,Documentary,Sci-Fi"
USR-5368,35.7,34,48.7,0.49,4.0,0.39,"Horror,Comedy,Romance,Animation"
USR-5369,59.3,69,82.8,0.64,3.0,0.07,"Sci-Fi,Thriller,Action"
USR-5370,30.4,30,69.7,0.42,2.0,0.45,"Romance,Action,Comedy"
USR-5371,75.3,53,90.2,0.6,4.0,0.14,"Thriller,Action,Sci-Fi"
USR-5372,36.0,36,53.2,0.44,4.0,0.35,"Sci-Fi,Thriller,Action,Drama"
USR-5373,76.1,40,110.8,0.72,3.0,0.07,"Sci-Fi,Action"
USR-5374,5.6,22,25.2,0.57,2.0,0.88,Comedy
USR-5375,14.9,42,46.1,0.66,6.0,0.46,"Documentary,Horror,Thriller"
USR-5376,37.3,54,65.0,0.49,2.0,0.31,"Action,Animation,Sci-Fi,Drama,Romance"
USR-5377,10.6,20,24.0,0.38,6.0,0.63,"Animation,Romance"
USR-5378,49.5,32,46.5,0.65,5.0,0.29,"Romance,Documentary,Comedy,Thriller,Action"
USR-5379,51.7,39,49.5,0.53,3.0,0.23,"Sci-Fi,Horror,Drama,Romance"
USR-5380,15.7,24,19.0,0.45,7.0,0.61,"Animation,Romance"
USR-5381,41.5,56,47.9,0.49,5.0,0.45,"Drama,Action,Romance,Horror"
USR-5382,82.5,37,79.1,0.52,3.0,0.12,"Action,Sci-Fi"
USR-5383,40.0,51,54.9,0.49,3.0,0.25,"Romance,Horror,Comedy"
USR-5384,74.8,46,100.4,0.76,1.0,0.18,"Thriller,Action,Sci-Fi"
USR-5385,50.8,69,93.5,0.74,2.0,0.12,"Action,Sci-Fi,Thriller"
USR-5386,45.9,56,54.3,0.41,3.0,0.36,"Comedy,Documentary,Romance,Thriller,Drama"
USR-5387,2.2,17,25.9,0.42,8.0,0.64,"Animation,Comedy"
USR-5388,80.4,32,85.3,0.68,1.0,0.15,"Thriller,Sci-Fi,Action"
USR-5389,15.8,53,29.6,0.58,3.0,0.4,"Action,Romance,Drama,Thriller,Sci-Fi"
USR-5390,4.7,29,12.4,0.51,4.0,0.85,Comedy
USR-5391,36.2,58,46.9,0.67,6.0,0.38,"Romance,Sci-Fi,Thriller,Drama"
USR-5392,47.6,31,51.1,0.7,4.0,0.28,"Animation,Documentary,Comedy"
USR-5393,22.6,19,24.3,0.49,4.0,0.88,Comedy
USR-5394,11.9,23,19.4,0.34,3.0,0.85,Animation
USR-5395,9.3,26,22.5,0.33,4.0,0.88,Comedy
USR-5396,29.5,40,44.7,0.43,3.0,0.41,"Romance,Sci-Fi,Horror,Drama"
USR-5397,11.9,33,16.1,0.44,6.0,0.67,Romance
USR-5398,20.2,58,61.1,0.47,5.0,0.21,"Thriller,Drama,Sci-Fi"
USR-5399,1.8,2,6.1,0.61,21.0,0.52,"Comedy,Drama"
USR-5400,3.7,7,16.0,0.64,17.0,0.64,Drama
USR-5401,30.0,56,43.2,0.46,5.0,0.44,"Comedy,Documentary,Drama,Action"
USR-5402,67.1,50,94.7,0.6,4.0,0.06,"Action,Sci-Fi,Thriller"
USR-5403,50.3,52,35.8,0.62,3.0,0.22,"Thriller,Drama,Animation,Sci-Fi,Romance"
USR-5404,45.4,38,50.0,0.6,4.0,0.4,"Animation,Documentary,Comedy,Thriller"
USR-5405,63.8,43,60.6,0.52,3.0,0.47,"Documentary,Horror,Romance,Action,Animation"
USR-5406,50.4,31,122.2,0.5,2.0,0.17,"Sci-Fi,Action,Thriller"
USR-5407,19.6,32,16.1,0.41,5.0,0.85,Comedy
USR-5408,0.6,5,31.5,0.79,13.0,0.31,Comedy
USR-5409,6.8,3,11.0,0.23,30.0,0.63,Comedy
USR-5410,0.9,2,24.8,0.31,10.0,0.39,Drama
USR-5411,23.7,18,31.1,0.59,9.0,0.84,"Comedy,Romance"
USR-5412,57.7,55,53.9,0.62,3.0,0.41,"Drama,Action,Animation,Sci-Fi"
USR-5413,3.0,23,29.9,0.36,5.0,0.62,Animation
USR-5414,14.5,21,23.1,0.37,7.0,0.76,"Animation,Romance"
USR-5415,5.1,6,29.3,0.29,15.0,0.62,"Drama,Documentary"
USR-5416,29.6,31,46.6,0.69,4.0,0.46,"Documentary,Comedy,Romance,Thriller,Horror"
USR-5417,17.5,30,18.1,0.49,1.0,0.83,"Animation,Comedy"
USR-5418,8.4,5,12.0,0.44,41.0,0.33,"Documentary,Comedy"
USR-5419,63.1,65,111.3,0.64,1.0,0.1,"Action,Thriller"
USR-5420,19.7,38,27.1,0.42,6.0,0.84,Animation
USR-5421,19.4,44,29.0,0.64,2.0,0.4,"Horror,Drama,Comedy"
USR-5422,33.0,36,40.1,0.54,4.0,0.37,"Animation,Comedy,Sci-Fi"
USR-5423,22.6,18,27.5,0.5,1.0,0.88,"Animation,Comedy"
USR-5424,12.8,22,16.2,0.43,4.0,0.64,"Romance,Animation"
USR-5425,24.5,26,15.4,0.55,2.0,0.79,Comedy
USR-5426,40.1,38,40.0,0.7,5.0,0.47,"Romance,Animation,Documentary,Action,Comedy"
USR-5427,5.3,2,17.1,0.46,43.0,0.43,"Comedy,Documentary"
USR-5428,41.4,43,26.5,0.58,5.0,0.42,"Romance,Comedy,Thriller,Sci-Fi,Action"
USR-5429,15.4,35,12.2,0.51,7.0,0.77,"Animation,Romance"
USR-5430,5.3,4,12.9,0.48,39.0,0.45,Drama
USR-5431,39.1,19,12.7,0.33,6.0,0.87,Comedy
USR-5432,6.4,1,21.5,0.75,31.0,0.37,Drama
USR-5433,61.1,57,68.2,0.57,5.0,0.33,"Drama,Horror,Thriller"
USR-5434,6.2,2,8.0,0.75,30.0,0.59,"Drama,Comedy"
USR-5435,77.6,66,80.1,0.79,3.0,0.1,"Action,Sci-Fi,Thriller"
USR-5436,38.6,57,69.2,0.69,2.0,0.22,"Horror,Documentary,Thriller"
USR-5437,64.6,36,72.6,0.53,3.0,0.17,"Sci-Fi,Action"
USR-5438,85.4,31,54.1,0.51,2.0,0.06,"Thriller,Sci-Fi,Action"
USR-5439,7.8,4,15.7,0.77,37.0,0.58,"Drama,Documentary"
USR-5440,17.0,31,31.6,0.55,6.0,0.67,"Animation,Comedy"
USR-5441,18.1,50,58.0,0.41,1.0,0.34,"Documentary,Animation,Drama,Action,Thriller"
USR-5442,2.7,6,6.3,0.29,34.0,0.54,Comedy
USR-5443,33.6,35,54.7,0.66,1.0,0.29,"Action,Documentary,Sci-Fi,Romance,Animation"
USR-5444,78.6,30,84.5,0.77,4.0,0.2,"Sci-Fi,Thriller,Action"
USR-5445,58.6,34,64.4,0.63,4.0,0.13,"Thriller,Sci-Fi,Action"
USR-5446,3.7,6,21.4,0.36,31.0,0.7,Drama
USR-5447,13.4,38,28.2,0.33,4.0,0.74,"Comedy,Romance"
USR-5448,43.5,48,55.0,0.5,1.0,0.28,"Drama,Romance,Action"
USR-5449,8.4,7,17.1,0.28,37.0,0.32,"Drama,Comedy"
USR-5450,56.2,30,39.2,0.69,3.0,0.31,"Action,Thriller,Documentary,Comedy"
USR-5451,43.1,43,57.0,0.68,1.0,0.45,"Comedy,Sci-Fi,Documentary,Action"
USR-5452,7.1,31,16.5,0.37,4.0,0.76,"Animation,Romance"
USR-5453,28.9,38,59.5,0.68,1.0,0.5,"Action,Animation,Horror,Documentary"
USR-5454,22.2,23,26.8,0.44,2.0,0.89,Comedy
USR-5455,54.2,40,35.7,0.67,4.0,0.36,"Horror,Drama,Action,Documentary"
USR-5456,45.0,57,47.7,0.59,1.0,0.3,"Horror,Animation,Documentary,Romance"
USR-5457,86.8,31,106.5,0.61,2.0,0.14,"Action,Sci-Fi"
USR-5458,41.5,56,45.2,0.5,1.0,0.21,"Thriller,Documentary,Comedy"
USR-5459,2.0,1,22.9,0.35,20.0,0.32,Comedy
USR-5460,8.0,26,35.1,0.36,5.0,0.87,Comedy
USR-5461,93.4,64,77.4,0.74,2.0,0.07,"Sci-Fi,Action"
USR-5462,27.0,48,75.7,0.59,2.0,0.09,"Sci-Fi,Action"
USR-5463,3.9,3,20.6,0.56,19.0,0.47,Comedy
USR-5464,17.0,18,26.0,0.34,7.0,0.85,"Animation,Comedy"
USR-5465,9.9,30,26.9,0.41,2.0,0.71,Comedy
USR-5466,61.3,69,98.3,0.53,1.0,0.06,"Thriller,Sci-Fi"
USR-5467,21.9,28,21.9,0.5,5.0,0.79,"Animation,Comedy"
USR-5468,5.3,22,16.9,0.35,8.0,0.75,"Animation,Romance"
USR-5469,6.4,1,21.4,0.21,13.0,0.67,Drama
USR-5470,74.7,46,73.3,0.8,2.0,0.15,"Thriller,Sci-Fi"
USR-5471,37.1,59,23.9,0.64,1.0,0.39,"Horror,Animation,Documentary"
USR-5472,57.4,53,76.6,0.64,2.0,0.07,"Thriller,Action"
USR-5473,47.6,39,48.5,0.58,4.0,0.48,"Horror,Sci-Fi,Thriller,Animation"
USR-5474,46.1,26,60.6,0.63,3.0,0.12,"Thriller,Sci-Fi"
USR-5475,16.2,37,41.7,0.43,1.0,0.72,"Romance,Animation"
USR-5476,9.4,34,22.0,0.35,8.0,0.83,Comedy
USR-5477,25.2,44,58.5,0.42,3.0,0.48,"Action,Thriller,Horror"
USR-5478,15.3,30,36.5,0.56,7.0,0.83,"Animation,Romance"
USR-5479,26.2,22,34.0,0.55,2.0,0.66,Comedy
USR-5480,71.9,54,66.1,0.66,4.0,0.1,"Sci-Fi,Action"
USR-5481,24.6,22,21.2,0.52,6.0,0.82,"Romance,Animation"
USR-5482,8.5,4,18.0,0.22,13.0,0.45,"Documentary,Drama"
USR-5483,73.6,61,67.8,0.6,2.0,0.14,"Action,Thriller,Sci-Fi"
USR-5484,2.2,4,21.1,0.24,19.0,0.37,"Drama,Comedy"
USR-5485,6.4,33,28.3,0.3,4.0,0.62,Romance
USR-5486,0.5,4,29.1,0.42,30.0,0.36,Documentary
USR-5487,56.7,34,111.8,0.75,2.0,0.08,"Sci-Fi,Action,Thriller"
USR-5488,62.4,30,74.2,0.59,3.0,0.12,"Thriller,Sci-Fi,Action"
USR-5489,79.1,50,74.4,0.69,3.0,0.12,"Thriller,Action,Sci-Fi"
USR-5490,56.4,36,74.2,0.72,3.0,0.09,"Sci-Fi,Action,Thriller"
USR-5491,7.6,7,40.6,0.77,26.0,0.43,Comedy
USR-5492,22.6,31,39.6,0.49,3.0,0.43,"Drama,Romance,Horror"
USR-5493,5.7,1,24.6,0.71,19.0,0.43,"Drama,Documentary"
USR-5494,29.5,46,54.4,0.48,4.0,0.43,"Romance,Documentary,Action"
USR-5495,0.5,4,23.9,0.55,41.0,0.52,"Comedy,Documentary"
USR-5496,18.4,30,22.1,0.56,2.0,0.78,"Romance,Comedy"
USR-5497,22.7,39,23.7,0.32,2.0,0.65,Comedy
USR-5498,38.6,44,53.9,0.44,4.0,0.46,"Thriller,Romance,Sci-Fi,Action,Comedy"
USR-5499,14.4,20,10.7,0.57,1.0,0.71,"Comedy,Romance"
USR-5500,35.0,37,93.7,0.68,3.0,0.11,"Thriller,Sci-Fi,Action"
USR-5501,1.4,6,13.0,0.25,16.0,0.37,Documentary
USR-5502,50.2,31,84.8,0.7,4.0,0.12,"Action,Sci-Fi"
USR-5503,10.2,21,47.9,0.47,5.0,0.75,Romance
USR-5504,35.3,35,57.8,0.48,6.0,0.29,"Horror,Documentary,Thriller"
USR-5505,22.5,30,50.2,0.67,1.0,0.31,"Documentary,Romance,Horror,Sci-Fi,Animation"
USR-5506,0.5,4,23.6,0.8,27.0,0.46,Comedy
USR-5507,6.5,5,24.4,0.76,36.0,0.35,"Comedy,Documentary"
USR-5508,2.7,4,20.6,0.78,31.0,0.59,"Comedy,Documentary"
USR-5509,34.5,46,38.4,0.65,1.0,0.48,"Romance,Action,Animation"
USR-5510,36.9,51,46.7,0.53,4.0,0.33,"Action,Animation,Comedy,Romance,Documentary"
USR-5511,5.3,3,10.5,0.59,42.0,0.47,Drama
USR-5512,47.4,31,84.1,0.66,3.0,0.09,"Sci-Fi,Thriller"
USR-5513,16.2,21,26.7,0.51,4.0,0.7,Animation
USR-5514,15.5,22,40.1,0.35,9.0,0.71,Romance
USR-5515,13.3,37,14.8,0.44,3.0,0.8,"Romance,Comedy"
USR-5516,50.0,52,79.5,0.74,3.0,0.18,"Sci-Fi,Thriller,Action"
USR-5517,90.5,40,86.0,0.75,1.0,0.08,"Sci-Fi,Thriller,Action"
USR-5518,70.2,29,123.8,0.63,2.0,0.16,"Action,Sci-Fi,Thriller"
USR-5519,15.3,15,15.6,0.38,9.0,0.69,"Romance,Animation"
USR-5520,2.3,1,17.5,0.43,21.0,0.65,"Drama,Comedy"
USR-5521,37.8,31,69.3,0.7,5.0,0.3,"Comedy,Sci-Fi,Animation,Romance"
USR-5522,70.6,59,98.6,0.77,3.0,0.19,"Thriller,Sci-Fi"
USR-5523,0.5,4,15.0,0.69,42.0,0.46,Documentary
USR-5524,0.5,5,12.5,0.7,26.0,0.69,Comedy
USR-5525,10.5,28,17.6,0.36,1.0,0.66,Comedy
USR-5526,54.5,29,105.8,0.63,1.0,0.18,"Thriller,Sci-Fi,Action"
USR-5527,23.6,17,35.7,0.5,8.0,0.67,"Romance,Comedy"
USR-5528,15.7,24,25.9,0.47,7.0,0.61,"Romance,Animation"
USR-5529,78.9,54,104.4,0.78,1.0,0.17,"Thriller,Action"
USR-5530,6.9,22,20.0,0.56,6.0,0.87,"Comedy,Romance"
USR-5531,17.3,30,17.1,0.51,6.0,0.77,Animation
USR-5532,3.5,7,8.4,0.64,15.0,0.61,Comedy
USR-5533,19.8,31,27.4,0.56,9.0,0.83,Romance
USR-5534,68.9,51,41.7,0.68,1.0,0.05,"Sci-Fi,Action,Thriller"
USR-5535,9.4,20,24.0,0.32,5.0,0.67,Comedy
USR-5536,20.9,37,24.6,0.42,5.0,0.75,"Animation,Comedy"
USR-5537,13.5,29,30.6,0.57,1.0,0.84,"Romance,Comedy"
USR-5538,15.6,32,34.8,0.53,6.0,0.84,"Romance,Comedy"
USR-5539,79.5,35,81.8,0.5,3.0,0.15,"Action,Thriller"
USR-5540,40.8,20,15.8,0.59,5.0,0.73,"Romance,Animation"
USR-5541,13.3,15,24.7,0.53,5.0,0.84,Animation
USR-5542,86.1,54,74.2,0.72,4.0,0.09,"Thriller,Sci-Fi,Action"
USR-5543,5.1,4,25.0,0.37,23.0,0.64,Comedy
USR-5544,1.8,1,19.0,0.67,20.0,0.58,Comedy
USR-5545,55.7,33,35.1,0.55,3.0,0.24,"Comedy,Thriller,Drama,Animation"
USR-5546,57.8,46,129.2,0.79,3.0,0.12,"Action,Sci-Fi"
USR-5547,24.5,37,20.4,0.6,2.0,0.64,Romance
USR-5548,14.7,15,15.6,0.49,9.0,0.61,Comedy
USR-5549,49.7,69,70.1,0.54,4.0,0.11,"Sci-Fi,Action,Thriller"
USR-5550,25.0,16,27.8,0.35,7.0,0.76,"Comedy,Animation"
USR-5551,39.2,50,53.2,0.47,6.0,0.26,"Documentary,Thriller,Sci-Fi"
USR-5552,29.2,33,43.3,0.44,2.0,0.41,"Thriller,Documentary,Romance"
USR-5553,5.8,2,25.0,0.46,25.0,0.31,Drama
USR-5554,50.7,51,38.4,0.66,1.0,0.19,"Action,Sci-Fi,Thriller"
USR-5555,34.1,34,45.7,0.66,2.0,0.39,"Thriller,Action,Sci-Fi,Comedy"
USR-5556,14.6,35,26.3,0.52,7.0,0.77,Animation
USR-5557,15.7,25,23.5,0.37,1.0,0.69,Animation
USR-5558,2.8,30,26.3,0.6,1.0,0.84,"Animation,Romance"
USR-5559,65.0,27,101.1,0.59,2.0,0.14,"Sci-Fi,Thriller,Action"
USR-5560,34.8,45,34.0,0.45,3.0,0.44,"Thriller,Drama,Romance,Sci-Fi,Animation"
USR-5561,16.0,37,28.1,0.35,4.0,0.68,Comedy
USR-5562,17.5,17,19.3,0.32,9.0,0.68,Animation
USR-5563,60.6,46,72.0,0.55,2.0,0.11,"Sci-Fi,Action"
USR-5564,34.9,26,98.6,0.73,4.0,0.14,"Thriller,Sci-Fi"
USR-5565,52.0,58,31.2,0.65,6.0,0.26,"Comedy,Thriller,Sci-Fi,Animation"
USR-5566,3.2,2,15.1,0.41,35.0,0.32,"Drama,Documentary"
USR-5567,71.7,54,75.9,0.65,2.0,0.15,"Sci-Fi,Thriller"
USR-5568,64.7,29,92.5,0.66,4.0,0.05,"Sci-Fi,Action,Thriller"
USR-5569,78.5,43,94.2,0.55,1.0,0.07,"Action,Thriller"
USR-5570,16.5,29,30.7,0.36,7.0,0.76,Animation
USR-5571,2.4,4,27.9,0.35,43.0,0.42,"Documentary,Comedy"
USR-5572,4.9,2,32.1,0.7,30.0,0.5,Documentary
USR-5573,3.7,6,11.1,0.49,27.0,0.45,"Documentary,Comedy"
USR-5574,34.8,41,56.5,0.47,6.0,0.26,"Action,Romance,Thriller,Drama,Documentary"
USR-5575,14.9,21,38.8,0.47,9.0,0.67,"Animation,Romance"
USR-5576,86.6,28,111.6,0.79,3.0,0.17,"Sci-Fi,Action,Thriller"
USR-5577,19.6,18,30.1,0.5,6.0,0.65,"Animation,Comedy"
USR-5578,52.2,30,67.5,0.77,3.0,0.05,"Thriller,Sci-Fi"
USR-5579,4.6,5,23.3,0.35,26.0,0.32,Drama
USR-5580,38.5,35,50.0,0.44,1.0,0.41,"Comedy,Drama,Documentary,Sci-Fi"
USR-5581,54.0,48,94.9,0.71,3.0,0.13,"Sci-Fi,Thriller,Action"
USR-5582,58.4,59,43.9,0.42,4.0,0.41,"Documentary,Romance,Action,Thriller"
USR-5583,9.4,37,21.8,0.57,8.0,0.71,"Comedy,Romance"
USR-5584,4.4,7,26.8,0.35,38.0,0.48,Drama
USR-5585,50.7,51,81.4,0.78,1.0,0.08,"Sci-Fi,Action,Thriller"
USR-5586,68.5,29,84.3,0.69,3.0,0.08,"Action,Thriller"
USR-5587,20.1,24,24.4,0.4,8.0,0.82,"Comedy,Animation"
USR-5588,53.6,38,60.2,0.44,5.0,0.27,"Sci-Fi,Thriller,Romance"
USR-5589,0.5,2,5.0,0.79,12.0,0.46,Documentary
USR-5590,75.1,30,109.3,0.51,1.0,0.18,"Action,Thriller,Sci-Fi"
USR-5591,7.1,24,30.4,0.52,3.0,0.8,"Romance,Animation"
USR-5592,23.0,33,14.3,0.37,3.0,0.82,"Comedy,Animation"
USR-5593,7.0,3,24.8,0.21,29.0,0.67,Drama
USR-5594,12.7,23,24.3,0.41,6.0,0.78,"Romance,Animation"
USR-5595,75.7,35,84.9,0.64,2.0,0.18,"Action,Sci-Fi"
USR-5596,44.8,32,74.4,0.56,3.0,0.36,"Documentary,Horror,Drama,Animation,Comedy"
USR-5597,18.2,33,65.4,0.56,1.0,0.45,"Horror,Thriller,Sci-Fi,Animation,Romance"
USR-5598,39.4,43,74.9,0.54,2.0,0.24,"Comedy,Thriller,Documentary,Animation,Romance"
USR-5599,20.8,18,38.8,0.44,8.0,0.68,"Romance,Comedy"
USR-5600,17.3,19,41.4,0.53,4.0,0.66,"Animation,Comedy"
USR-5601,69.0,44,100.2,0.51,4.0,0.16,"Sci-Fi,Action"
USR-5602,66.7,64,123.9,0.6,1.0,0.07,"Action,Sci-Fi,Thriller"
USR-5603,17.2,34,34.2,0.68,1.0,0.25,"Romance,Action,Comedy"
USR-5604,18.4,18,25.8,0.5,2.0,0.72,"Animation,Romance"
USR-5605,104.2,67,67.5,0.71,1.0,0.12,"Action,Thriller,Sci-Fi"
USR-5606,4.8,1,20.1,0.3,38.0,0.38,"Documentary,Comedy"
USR-5607,1.3,6,5.0,0.25,31.0,0.41,Comedy
USR-5608,21.7,24,22.1,0.35,3.0,0.69,Romance
USR-5609,4.7,5,33.0,0.48,12.0,0.64,Comedy
USR-5610,78.3,39,98.5,0.62,2.0,0.11,"Thriller,Action,Sci-Fi"
USR-5611,6.1,6,30.6,0.65,37.0,0.35,"Documentary,Comedy"
USR-5612,41.9,47,66.3,0.56,6.0,0.46,"Documentary,Animation,Drama,Romance,Thriller"
USR-5613,3.5,7,13.9,0.46,21.0,0.51,"Documentary,Drama"
USR-5614,4.0,1,23.2,0.36,18.0,0.39,Documentary
USR-5615,53.4,58,98.0,0.64,4.0,0.19,"Sci-Fi,Action"
USR-5616,21.8,22,29.4,0.57,4.0,0.85,"Romance,Animation"
USR-5617,6.1,2,16.4,0.41,21.0,0.66,"Drama,Documentary"
USR-5618,5.0,7,30.7,0.59,15.0,0.57,"Comedy,Documentary"
USR-5619,45.7,44,28.7,0.49,4.0,0.25,"Drama,Comedy,Documentary,Romance,Thriller"
USR-5620,5.4,4,23.3,0.65,33.0,0.53,Documentary
USR-5621,16.1,25,29.5,0.6,4.0,0.67,"Romance,Animation"
USR-5622,7.6,29,26.5,0.33,2.0,0.75,"Comedy,Animation"
USR-5623,9.8,18,27.1,0.44,5.0,0.77,Romance
USR-5624,81.4,34,99.0,0.64,1.0,0.1,"Sci-Fi,Thriller,Action"
USR-5625,19.9,16,32.5,0.46,6.0,0.79,"Comedy,Animation"
USR-5626,4.1,2,17.7,0.6,44.0,0.43,"Drama,Documentary"
USR-5627,4.5,4,11.2,0.47,20.0,0.51,"Documentary,Comedy"
USR-5628,54.2,57,47.7,0.65,6.0,0.22,"Drama,Animation,Sci-Fi"
USR-5629,34.9,52,34.4,0.67,4.0,0.27,"Horror,Documentary,Action"
USR-5630,93.6,55,83.5,0.68,1.0,0.09,"Sci-Fi,Action,Thriller"
USR-5631,33.2,32,44.4,0.72,1.0,0.16,"Thriller,Action,Sci-Fi"
USR-5632,30.9,33,57.9,0.5,4.0,0.2,"Documentary,Sci-Fi,Horror"
USR-5633,5.3,7,26.6,0.21,33.0,0.45,"Documentary,Comedy"
USR-5634,50.3,56,26.2,0.5,1.0,0.39,"Romance,Drama,Thriller,Horror,Action"
USR-5635,19.1,28,25.6,0.45,4.0,0.64,"Comedy,Animation"
USR-5636,10.3,25,37.7,0.33,6.0,0.73,Romance
USR-5637,21.5,31,12.9,0.37,4.0,0.76,Romance
USR-5638,72.6,64,73.9,0.76,4.0,0.15,"Action,Thriller"
USR-5639,0.5,6,12.9,0.37,26.0,0.35,Comedy
USR-5640,46.0,38,42.1,0.43,4.0,0.36,"Thriller,Sci-Fi,Drama,Comedy"
USR-5641,57.5,56,55.5,0.6,2.0,0.44,"Drama,Comedy,Thriller,Romance,Documentary"
USR-5642,41.9,50,57.2,0.53,5.0,0.33,"Thriller,Horror,Romance,Documentary"
USR-5643,12.1,26,28.3,0.4,6.0,0.77,Animation
USR-5644,47.4,67,121.2,0.58,3.0,0.1,"Thriller,Action,Sci-Fi"
USR-5645,15.9,38,42.0,0.45,3.0,0.67,"Comedy,Animation"
USR-5646,0.9,1,22.4,0.27,24.0,0.57,Drama
USR-5647,73.5,49,74.4,0.54,4.0,0.11,"Action,Sci-Fi"
USR-5648,71.5,39,109.6,0.76,1.0,0.08,"Thriller,Action"
USR-5649,43.7,58,38.3,0.58,5.0,0.5,"Thriller,Animation,Documentary,Romance,Horror"
USR-5650,76.0,33,100.9,0.68,1.0,0.18,"Thriller,Action,Sci-Fi"
USR-5651,10.4,35,42.4,0.45,8.0,0.82,Romance
USR-5652,22.9,24,18.7,0.43,5.0,0.87,Comedy
USR-5653,21.7,53,64.1,0.48,6.0,0.33,"Romance,Sci-Fi,Comedy,Animation,Action"
USR-5654,19.6,25,37.2,0.44,2.0,0.79,Comedy
USR-5655,46.2,57,40.5,0.43,6.0,0.27,"Drama,Comedy,Romance,Documentary,Sci-Fi"
USR-5656,4.2,2,9.8,0.64,14.0,0.58,Documentary
USR-5657,57.0,28,78.1,0.76,3.0,0.17,"Thriller,Action,Sci-Fi"
USR-5658,31.1,31,40.8,0.6,2.0,0.32,"Thriller,Horror,Drama,Romance"
USR-5659,69.8,40,120.5,0.7,2.0,0.17,"Thriller,Sci-Fi"
USR-5660,64.0,37,58.9,0.48,6.0,0.42,"Documentary,Comedy,Animation,Horror"
USR-5661,13.2,20,21.9,0.31,8.0,0.86,"Romance,Comedy"
USR-5662,76.4,44,91.6,0.77,4.0,0.12,"Thriller,Sci-Fi,Action"
USR-5663,15.6,37,26.6,0.43,2.0,0.9,"Romance,Comedy"
USR-5664,54.9,42,45.1,0.65,4.0,0.46,"Sci-Fi,Action,Thriller"
USR-5665,34.1,58,46.8,0.65,4.0,0.3,"Drama,Documentary,Horror,Animation,Romance"
USR-5666,18.9,36,33.1,0.35,7.0,0.71,Comedy
USR-5667,21.8,19,29.2,0.52,9.0,0.84,"Animation,Romance"
USR-5668,3.8,3,27.6,0.33,14.0,0.34,Drama
USR-5669,8.1,47,44.5,0.66,3.0,0.22,"Animation,Romance,Documentary,Horror,Comedy"
USR-5670,0.7,2,13.4,0.67,10.0,0.32,Drama
USR-5671,10.4,27,15.0,0.39,4.0,0.61,"Comedy,Romance"
USR-5672,50.1,53,44.7,0.5,4.0,0.26,"Documentary,Thriller,Comedy"
USR-5673,16.3,17,15.8,0.51,1.0,0.87,Comedy
USR-5674,4.5,2,39.5,0.44,36.0,0.5,"Documentary,Drama"
USR-5675,64.2,32,46.7,0.62,4.0,0.29,"Comedy,Drama,Thriller,Horror"
USR-5676,10.0,16,36.1,0.31,7.0,0.83,"Animation,Romance"
USR-5677,7.2,5,30.6,0.68,42.0,0.6,"Drama,Documentary"
USR-5678,9.2,29,19.6,0.41,5.0,0.61,Animation
USR-5679,80.4,69,90.2,0.51,2.0,0.17,"Thriller,Action,Sci-Fi"
USR-5680,7.8,16,29.9,0.52,2.0,0.65,"Animation,Comedy"
USR-5681,8.6,17,18.4,0.41,4.0,0.67,Animation
USR-5682,61.7,52,94.8,0.68,2.0,0.12,"Sci-Fi,Action,Thriller"
USR-5683,59.5,51,98.4,0.72,2.0,0.12,"Action,Thriller,Sci-Fi"
USR-5684,20.8,36,12.4,0.4,6.0,0.65,Comedy
USR-5685,56.3,56,84.6,0.69,1.0,0.07,"Sci-Fi,Thriller"
USR-5686,8.3,15,30.8,0.58,9.0,0.69,"Animation,Romance"
USR-5687,24.8,22,41.1,0.51,3.0,0.63,Romance
USR-5688,31.6,41,49.2,0.63,1.0,0.49,"Romance,Action,Comedy,Animation"
USR-5689,22.3,38,21.2,0.69,2.0,0.46,"Documentary,Action,Thriller,Horror,Comedy"
USR-5690,2.5,1,28.2,0.57,20.0,0.57,"Comedy,Documentary"
USR-5691,72.9,69,90.7,0.61,1.0,0.19,"Thriller,Action,Sci-Fi"
USR-5692,8.2,22,19.7,0.38,6.0,0.85,Comedy
USR-5693,11.3,18,26.3,0.4,1.0,0.66,"Animation,Romance"
USR-5694,21.3,32,20.2,0.31,3.0,0.67,"Romance,Animation"
USR-5695,5.3,4,10.4,0.37,25.0,0.6,Documentary
USR-5696,1.9,5,5.0,0.41,20.0,0.64,Comedy
USR-5697,14.7,22,12.0,0.45,5.0,0.64,"Comedy,Animation"
USR-5698,16.1,25,30.2,0.49,8.0,0.74,Animation
USR-5699,51.0,31,77.5,0.53,1.0,0.35,"Documentary,Horror,Animation,Comedy"
USR-5700,59.9,66,62.6,0.54,,0.08,"Action,Thriller"
USR-5701,15.9,37,29.2,0.35,5.0,0.82,Romance
USR-5702,60.1,63,74.9,0.74,3.0,0.05,"Action,Sci-Fi,Thriller"
USR-5703,70.1,61,122.0,0.57,1.0,0.07,"Action,Sci-Fi"
USR-5704,0.5,4,19.1,0.71,12.0,0.52,Drama
USR-5705,2.9,5,19.5,0.55,12.0,0.45,Comedy
USR-5706,2.5,7,17.9,0.7,41.0,0.52,Comedy
USR-5707,56.9,65,71.7,0.7,2.0,0.1,"Action,Thriller,Sci-Fi"
USR-5708,3.7,2,25.6,0.41,30.0,0.57,Documentary
USR-5709,57.6,69,92.2,0.6,2.0,0.08,"Sci-Fi,Action,Thriller"
USR-5710,8.1,31,21.3,0.43,3.0,0.64,"Animation,Romance"
USR-5711,3.2,2,22.0,0.71,16.0,0.69,Drama
USR-5712,16.8,22,39.6,0.6,5.0,0.79,"Animation,Comedy"
USR-5713,3.6,2,15.1,0.21,13.0,0.42,Documentary
USR-5714,22.0,16,30.7,0.33,6.0,0.75,Romance
USR-5715,46.0,33,84.1,0.51,2.0,0.17,"Thriller,Sci-Fi,Action"
USR-5716,5.0,5,5.6,0.57,26.0,0.32,Documentary
USR-5717,4.4,1,20.1,0.64,26.0,0.39,"Documentary,Drama"
USR-5718,55.2,63,64.0,0.77,3.0,0.11,"Action,Sci-Fi,Thriller"
USR-5719,15.6,18,15.8,0.42,2.0,0.68,Animation
USR-5720,1.5,2,8.3,0.62,31.0,0.49,"Documentary,Drama"
USR-5721,9.0,32,27.7,0.47,2.0,0.85,Romance
USR-5722,36.3,53,59.2,0.67,5.0,0.31,"Comedy,Drama,Thriller,Sci-Fi,Animation"
USR-5723,43.3,46,44.5,0.54,1.0,0.42,"Comedy,Sci-Fi,Romance"
USR-5724,6.7,7,27.3,0.77,12.0,0.43,"Comedy,Drama"
USR-5725,86.3,39,90.8,0.7,4.0,0.16,"Thriller,Sci-Fi,Action"
USR-5726,0.5,6,19.0,0.74,33.0,0.55,Documentary
USR-5727,63.0,34,115.1,0.76,3.0,0.08,"Sci-Fi,Thriller,Action"
USR-5728,39.1,33,54.8,0.52,3.0,0.39,"Animation,Horror,Sci-Fi"
USR-5729,73.1,64,62.6,0.56,1.0,0.11,"Sci-Fi,Action"
USR-5730,71.0,61,113.3,0.76,4.0,0.07,"Sci-Fi,Thriller,Action"
USR-5731,6.4,7,35.2,0.77,23.0,0.46,Drama
USR-5732,12.3,37,27.7,0.34,5.0,0.76,"Romance,Comedy"
USR-5733,56.5,49,100.3,0.57,2.0,0.07,"Thriller,Sci-Fi"
USR-5734,46.4,38,55.0,0.57,6.0,0.31,"Documentary,Horror,Romance"
USR-5735,59.0,32,97.3,0.58,3.0,0.11,"Sci-Fi,Action,Thriller"
USR-5736,30.3,43,56.2,0.66,5.0,0.45,"Comedy,Action,Romance"
USR-5737,71.5,67,66.9,0.61,3.0,0.12,"Action,Sci-Fi,Thriller"
USR-5738,88.8,30,91.7,0.74,2.0,0.09,"Sci-Fi,Action"
USR-5739,14.1,37,25.2,0.4,4.0,0.66,Comedy
USR-5740,6.8,5,25.2,0.51,21.0,0.67,"Documentary,Drama"
USR-5741,14.2,39,20.6,0.37,3.0,0.83,"Animation,Comedy"
USR-5742,0.7,4,9.3,0.21,37.0,0.51,Documentary
USR-5743,3.7,3,29.3,0.5,34.0,0.66,"Drama,Documentary"
USR-5744,53.7,54,59.0,0.78,2.0,0.13,"Sci-Fi,Thriller,Action"
USR-5745,65.5,49,134.2,0.79,3.0,0.08,"Sci-Fi,Thriller"
USR-5746,5.7,3,33.5,0.69,29.0,0.55,Documentary
USR-5747,57.6,65,127.4,0.62,1.0,0.16,"Sci-Fi,Thriller,Action"
USR-5748,88.3,26,90.3,0.54,1.0,0.08,"Action,Sci-Fi,Thriller"
USR-5749,5.8,18,29.8,0.4,3.0,0.78,Comedy
USR-5750,5.1,5,6.2,0.64,39.0,0.46,"Documentary,Drama"
USR-5751,11.5,24,22.3,0.5,7.0,0.83,"Romance,Comedy"
USR-5752,25.4,46,47.5,0.59,5.0,0.3,"Drama,Documentary,Animation"
USR-5753,33.5,65,107.1,0.64,1.0,0.16,"Thriller,Sci-Fi"
USR-5754,19.7,22,26.9,0.33,1.0,0.68,"Romance,Animation"
USR-5755,2.5,7,18.2,0.42,39.0,0.66,Drama
USR-5756,89.4,51,87.6,0.58,1.0,0.12,"Thriller,Sci-Fi,Action"
USR-5757,73.1,28,65.6,0.79,3.0,0.07,"Action,Thriller,Sci-Fi"
USR-5758,25.0,22,29.4,0.44,9.0,0.78,Comedy
USR-5759,38.5,34,28.2,0.61,4.0,0.32,"Sci-Fi,Documentary,Action,Drama"
USR-5760,33.7,43,55.5,0.49,5.0,0.22,"Animation,Thriller,Drama,Sci-Fi"
USR-5761,1.2,5,20.4,0.38,11.0,0.67,"Comedy,Documentary"
USR-5762,8.3,3,44.0,0.77,39.0,0.34,"Comedy,Documentary"
USR-5763,86.1,64,93.8,0.68,2.0,0.06,"Thriller,Action"
USR-5764,4.9,1,27.1,0.22,36.0,0.62,Comedy
USR-5765,27.5,35,61.7,0.61,3.0,0.27,"Documentary,Action,Drama,Horror,Thriller"
USR-5766,43.4,60,120.6,0.5,1.0,0.17,"Sci-Fi,Thriller"
USR-5767,56.1,31,85.5,0.55,3.0,0.08,"Action,Thriller"
USR-5768,42.4,42,45.0,0.61,3.0,0.24,"Animation,Romance,Action,Horror"
USR-5769,27.8,47,55.0,0.42,3.0,0.46,"Horror,Action,Animation,Romance,Drama"
USR-5770,50.0,56,37.6,0.43,1.0,0.38,"Comedy,Sci-Fi,Horror,Drama,Documentary"
USR-5771,5.7,2,7.0,0.65,23.0,0.62,Comedy
USR-5772,4.6,5,9.9,0.56,14.0,0.67,Comedy
USR-5773,85.3,57,44.0,0.69,5.0,0.4,"Thriller,Animation,Comedy"
USR-5774,54.6,36,71.7,0.55,2.0,0.42,"Horror,Comedy,Documentary"
USR-5775,24.2,19,22.3,0.37,7.0,0.84,"Comedy,Romance"
USR-5776,27.0,46,40.1,0.63,5.0,0.44,"Thriller,Sci-Fi,Action,Animation"
USR-5777,16.8,31,10.1,0.51,1.0,0.69,Animation
USR-5778,6.3,5,31.3,0.71,35.0,0.69,Drama
USR-5779,35.0,51,65.3,0.62,6.0,0.46,"Documentary,Comedy,Romance"
USR-5780,3.3,7,40.9,0.7,42.0,0.37,"Documentary,Drama"
USR-5781,5.2,3,32.2,0.55,41.0,0.44,"Comedy,Drama"
USR-5782,73.8,52,114.9,0.66,4.0,0.07,"Action,Sci-Fi,Thriller"
USR-5783,52.5,38,38.9,0.53,5.0,0.24,"Romance,Documentary,Action,Thriller,Sci-Fi"
USR-5784,19.1,28,22.2,0.49,7.0,0.76,"Animation,Romance"
USR-5785,15.8,20,21.1,0.51,9.0,0.87,Comedy
USR-5786,15.9,32,33.7,0.53,6.0,0.79,"Comedy,Animation"
USR-5787,64.7,56,100.6,0.68,1.0,0.07,"Thriller,Sci-Fi,Action"
USR-5788,6.7,4,16.1,0.57,20.0,0.33,Documentary
USR-5789,70.7,52,56.2,0.72,3.0,0.19,"Action,Thriller,Sci-Fi"
USR-5790,25.9,31,52.6,0.61,3.0,0.23,"Romance,Thriller,Animation"
USR-5791,53.6,55,43.0,0.65,5.0,0.35,"Sci-Fi,Horror,Documentary"
USR-5792,44.2,39,67.2,0.55,5.0,0.22,"Drama,Horror,Documentary,Action"
USR-5793,15.4,24,31.6,0.31,4.0,0.64,Animation
USR-5794,5.9,35,22.7,0.57,5.0,0.76,Comedy
USR-5795,6.5,4,27.0,0.26,21.0,0.56,"Comedy,Drama"
USR-5796,28.8,31,55.5,0.58,6.0,0.43,"Horror,Drama,Animation,Romance,Comedy"
USR-5797,15.8,19,38.8,0.56,7.0,0.89,"Comedy,Romance"
USR-5798,74.0,37,121.2,0.71,4.0,0.05,"Thriller,Sci-Fi"
USR-5799,66.5,29,86.0,0.57,4.0,0.05,"Action,Sci-Fi"
USR-5800,31.5,51,44.6,0.69,2.0,0.24,"Romance,Drama,Sci-Fi,Animation,Comedy"
USR-5801,52.6,60,106.4,0.56,1.0,0.06,"Sci-Fi,Action"
USR-5802,62.2,51,47.5,0.51,2.0,0.09,"Thriller,Action"
USR-5803,62.0,68,80.8,0.7,4.0,0.12,"Thriller,Sci-Fi"
USR-5804,59.7,39,74.7,0.77,3.0,0.05,"Action,Thriller"
USR-5805,47.3,51,78.0,0.56,2.0,0.21,"Romance,Documentary,Animation"
USR-5806,1.6,5,13.4,0.43,20.0,0.63,"Comedy,Documentary"
USR-5807,95.8,48,90.8,0.71,4.0,0.11,"Action,Thriller"
USR-5808,55.0,49,72.7,0.55,1.0,0.09,"Action,Sci-Fi,Thriller"
USR-5809,33.7,45,48.4,0.64,6.0,0.44,"Thriller,Action,Drama"
USR-5810,33.1,35,34.0,0.52,3.0,0.25,"Comedy,Action,Animation,Drama,Documentary"
USR-5811,45.9,46,74.4,0.72,3.0,0.12,"Action,Thriller,Sci-Fi"
USR-5812,43.2,51,46.2,0.5,6.0,0.43,"Documentary,Drama,Action,Romance"
USR-5813,2.9,34,30.1,0.46,7.0,0.79,"Comedy,Animation"
USR-5814,10.6,34,10.9,0.56,6.0,0.79,"Comedy,Animation"
USR-5815,7.7,7,28.1,0.26,43.0,0.41,Comedy
USR-5816,45.6,49,55.4,0.5,1.0,0.25,"Romance,Thriller,Comedy,Horror,Drama"
USR-5817,75.2,68,100.9,0.62,4.0,0.11,"Sci-Fi,Thriller,Action"
USR-5818,75.6,65,47.3,0.61,2.0,0.06,"Action,Thriller"
USR-5819,3.6,2,5.0,0.77,11.0,0.37,"Comedy,Drama"
USR-5820,7.8,33,25.2,0.32,1.0,0.67,Romance
USR-5821,13.8,17,29.2,0.39,7.0,0.67,"Romance,Animation"
USR-5822,15.6,35,66.6,0.44,6.0,0.27,"Thriller,Romance,Documentary,Action"
USR-5823,42.4,59,60.7,0.44,4.0,0.29,"Action,Drama,Documentary,Horror"
USR-5824,70.0,39,68.2,0.69,4.0,0.09,"Thriller,Sci-Fi"
USR-5825,25.9,28,34.3,0.32,2.0,0.77,"Animation,Romance"
USR-5826,71.0,33,77.8,0.59,3.0,0.06,"Thriller,Action,Sci-Fi"
USR-5827,20.5,36,11.8,0.31,1.0,0.63,Comedy
USR-5828,42.6,31,115.8,0.73,4.0,0.06,"Action,Sci-Fi"
USR-5829,41.6,54,63.2,0.51,5.0,0.25,"Drama,Animation,Action,Sci-Fi,Horror"
USR-5830,35.0,31,40.8,0.5,5.0,0.36,"Comedy,Animation,Romance,Drama,Thriller"
USR-5831,46.3,57,64.6,0.48,4.0,0.49,"Animation,Horror,Action,Thriller,Sci-Fi"
USR-5832,43.5,52,52.4,0.51,4.0,0.4,"Comedy,Romance,Drama,Horror"
USR-5833,3.9,2,5.0,0.55,16.0,0.56,"Documentary,Drama"
USR-5834,4.9,2,19.5,0.49,42.0,0.42,"Drama,Documentary"
USR-5835,8.7,6,27.2,0.76,13.0,0.49,Comedy
USR-5836,70.2,33,88.4,0.72,1.0,0.14,"Action,Sci-Fi"
USR-5837,3.8,6,26.9,0.74,40.0,0.3,"Documentary,Drama"
USR-5838,94.6,33,134.2,0.57,1.0,0.07,"Thriller,Action"
USR-5839,9.3,36,16.0,0.31,2.0,0.74,Comedy
USR-5840,0.5,2,7.7,0.21,43.0,0.63,Drama
USR-5841,9.7,36,22.6,0.34,,0.89,Romance
USR-5842,15.6,36,36.7,0.42,3.0,0.84,"Comedy,Animation"
USR-5843,51.8,67,79.6,0.8,2.0,0.18,"Action,Thriller,Sci-Fi"
USR-5844,43.5,55,44.3,0.57,5.0,0.38,"Sci-Fi,Action,Drama,Romance,Documentary"
USR-5845,21.9,19,21.7,0.55,8.0,0.77,"Romance,Animation"
USR-5846,0.9,7,19.0,0.42,29.0,0.33,"Documentary,Drama"
USR-5847,13.0,24,17.0,0.46,6.0,0.62,"Comedy,Animation"
USR-5848,58.9,54,83.7,0.6,3.0,0.13,"Action,Sci-Fi"
USR-5849,70.9,65,87.7,0.59,2.0,0.1,"Thriller,Sci-Fi"
USR-5850,18.4,27,11.9,0.33,7.0,0.7,Romance
USR-5851,7.2,26,27.2,0.45,6.0,0.72,Romance
USR-5852,77.1,31,82.4,0.59,3.0,0.08,"Sci-Fi,Action,Thriller"
USR-5853,0.5,2,31.5,0.63,15.0,0.61,"Drama,Documentary"
USR-5854,7.0,17,15.3,0.47,5.0,0.62,"Animation,Comedy"
USR-5855,68.5,47,53.5,0.43,1.0,0.28,"Action,Animation,Horror,Romance"
USR-5856,55.3,61,116.4,0.79,4.0,0.15,"Sci-Fi,Thriller,Action"
USR-5857,15.1,46,55.1,0.52,4.0,0.26,"Comedy,Action,Animation,Romance"
USR-5858,48.6,50,47.6,0.44,4.0,0.29,"Thriller,Sci-Fi,Horror"
USR-5859,79.9,31,79.6,0.57,4.0,0.06,"Action,Sci-Fi"
USR-5860,8.1,37,33.1,0.52,8.0,0.78,Comedy
USR-5861,31.5,50,47.4,0.44,2.0,0.4,"Action,Documentary,Animation"
USR-5862,2.1,1,23.8,0.46,24.0,0.52,"Documentary,Drama"
USR-5863,22.2,23,25.6,0.31,5.0,0.78,Animation
USR-5864,92.3,41,80.8,0.54,3.0,0.08,"Action,Thriller,Sci-Fi"
USR-5865,7.2,4,30.9,0.67,20.0,0.53,"Documentary,Comedy"
USR-5866,58.9,64,93.0,0.56,4.0,0.06,"Action,Thriller,Sci-Fi"
USR-5867,19.0,36,26.3,0.38,7.0,0.72,"Comedy,Animation"
USR-5868,52.3,29,106.6,0.62,2.0,0.16,"Thriller,Sci-Fi,Action"
USR-5869,27.8,38,32.7,0.51,3.0,0.72,"Animation,Comedy"
USR-5870,11.1,19,22.1,0.57,6.0,0.74,Animation
USR-5871,64.3,59,48.6,0.61,4.0,0.12,"Thriller,Sci-Fi,Action"
USR-5872,16.8,28,25.4,0.44,1.0,0.74,"Comedy,Romance"
USR-5873,69.8,53,93.0,0.59,3.0,0.11,"Sci-Fi,Thriller,Action"
USR-5874,46.8,50,54.4,0.63,1.0,0.05,"Action,Sci-Fi,Thriller"
USR-5875,48.4,33,39.6,0.68,2.0,0.39,"Sci-Fi,Animation,Drama,Thriller,Documentary"
USR-5876,0.5,4,23.9,0.25,35.0,0.64,"Drama,Comedy"
USR-5877,5.4,5,10.5,0.47,37.0,0.67,Comedy
USR-5878,3.6,2,27.7,0.66,30.0,0.53,"Comedy,Documentary"
USR-5879,11.1,33,42.5,0.35,5.0,0.77,Comedy
USR-5880,56.1,58,110.0,0.57,2.0,0.09,"Thriller,Action"
USR-5881,25.6,21,16.6,0.48,6.0,0.67,"Animation,Comedy"
USR-5882,70.0,40,92.3,0.68,4.0,0.19,"Thriller,Sci-Fi"
USR-5883,45.7,55,46.7,0.53,3.0,0.32,"Sci-Fi,Drama,Comedy"
USR-5884,38.3,48,29.4,0.5,5.0,0.21,"Comedy,Thriller,Drama,Documentary,Horror"
USR-5885,12.5,19,19.8,0.53,7.0,0.72,Comedy
USR-5886,63.6,32,54.2,0.42,4.0,0.21,"Documentary,Action,Romance,Horror,Drama"
USR-5887,2.5,1,25.4,0.65,12.0,0.47,"Drama,Documentary"
USR-5888,59.5,64,89.2,0.76,1.0,0.19,"Thriller,Sci-Fi"
USR-5889,3.5,1,15.7,0.62,20.0,0.41,Documentary
USR-5890,2.9,1,24.9,0.24,22.0,0.45,"Documentary,Drama"
USR-5891,38.9,38,62.9,0.55,1.0,0.47,"Sci-Fi,Action,Documentary,Thriller,Romance"
USR-5892,20.2,23,23.0,0.34,5.0,0.8,"Romance,Comedy"
USR-5893,15.9,27,30.0,0.31,8.0,0.84,Comedy
USR-5894,65.7,33,68.0,0.69,4.0,0.1,"Sci-Fi,Action"
USR-5895,2.0,2,37.7,0.39,26.0,0.44,Comedy
USR-5896,5.7,3,28.4,0.52,,0.42,"Drama,Comedy"
USR-5897,5.4,2,12.9,0.26,26.0,0.43,Drama
USR-5898,29.0,38,41.0,0.45,1.0,0.3,"Comedy,Romance,Drama"
USR-5899,4.3,6,28.1,0.38,16.0,0.4,"Comedy,Drama"
USR-5900,69.4,25,92.7,0.7,4.0,0.08,"Action,Sci-Fi"
USR-5901,81.4,52,97.6,0.56,3.0,0.1,"Thriller,Action,Sci-Fi"
USR-5902,27.3,29,7.6,0.36,8.0,0.75,"Romance,Animation"
USR-5903,4.6,23,27.6,0.51,1.0,0.87,Comedy
USR-5904,49.7,44,40.6,0.67,4.0,0.47,"Documentary,Sci-Fi,Drama,Horror"
USR-5905,11.5,28,26.8,0.51,6.0,0.86,"Animation,Comedy"
USR-5906,5.7,1,22.0,0.61,40.0,0.58,Drama
USR-5907,99.4,51,43.2,0.72,3.0,0.06,"Sci-Fi,Thriller"
USR-5908,4.9,7,16.0,0.39,14.0,0.44,Documentary
USR-5909,7.2,7,13.3,0.43,33.0,0.4,Drama
USR-5910,3.0,4,8.7,0.8,44.0,0.64,"Drama,Documentary"
USR-5911,16.6,34,31.8,0.4,5.0,0.74,Romance
USR-5912,36.6,55,55.0,0.57,4.0,0.34,"Romance,Thriller,Action,Sci-Fi"
USR-5913,14.7,52,35.0,0.65,4.0,0.4,"Animation,Thriller,Sci-Fi,Horror"
USR-5914,13.4,31,17.7,0.32,2.0,0.65,Comedy
USR-5915,42.4,52,46.9,0.42,1.0,0.3,"Horror,Thriller,Documentary,Sci-Fi,Action"
USR-5916,61.2,39,84.6,0.69,3.0,0.15,"Sci-Fi,Thriller"
USR-5917,13.6,24,37.6,0.33,5.0,0.74,Comedy
USR-5918,61.2,31,97.6,0.78,3.0,0.15,"Action,Sci-Fi,Thriller"
USR-5919,25.2,16,25.5,0.32,3.0,0.63,Animation
USR-5920,32.6,39,71.8,0.5,6.0,0.28,"Comedy,Thriller,Romance,Horror"
USR-5921,4.1,7,21.9,0.26,17.0,0.64,Drama
USR-5922,64.1,42,39.0,0.63,4.0,0.21,"Documentary,Thriller,Action,Sci-Fi,Romance"
USR-5923,44.8,52,68.1,0.41,4.0,0.23,"Documentary,Action,Animation,Romance"
USR-5924,64.5,37,65.8,0.66,1.0,0.17,"Sci-Fi,Action,Thriller"
USR-5925,21.8,23,27.5,0.38,9.0,0.65,"Romance,Animation"
USR-5926,54.6,54,58.8,0.6,4.0,0.27,"Documentary,Thriller,Horror"
USR-5927,67.2,29,87.8,0.6,2.0,0.12,"Sci-Fi,Action"
USR-5928,57.0,48,63.5,0.64,1.0,0.15,"Sci-Fi,Action"
USR-5929,64.8,54,98.6,0.77,3.0,0.18,"Thriller,Sci-Fi,Action"
USR-5930,35.7,36,65.1,0.47,4.0,0.31,"Sci-Fi,Comedy,Action,Romance,Drama"
USR-5931,60.8,43,80.4,0.73,1.0,0.15,"Action,Sci-Fi,Thriller"
USR-5932,77.2,43,65.0,0.56,1.0,0.14,"Thriller,Action"
USR-5933,3.6,2,35.1,0.69,28.0,0.48,"Drama,Documentary"
USR-5934,18.9,35,29.1,0.49,1.0,0.83,Comedy
USR-5935,15.5,15,20.3,0.49,4.0,0.8,Animation
USR-5936,7.8,1,11.7,0.24,41.0,0.54,"Drama,Comedy"
USR-5937,6.1,7,31.0,0.43,40.0,0.54,Documentary
USR-5938,27.7,36,52.6,0.42,3.0,0.44,"Thriller,Horror,Documentary,Romance"
USR-5939,84.2,64,77.4,0.75,2.0,0.06,"Sci-Fi,Thriller"
USR-5940,8.9,18,40.0,0.49,2.0,0.82,Animation
USR-5941,57.4,55,43.5,0.43,1.0,0.33,"Thriller,Comedy,Drama,Documentary,Animation"
USR-5942,35.5,47,51.4,0.56,6.0,0.24,"Thriller,Horror,Drama,Animation"
USR-5943,7.4,1,37.3,0.37,13.0,0.35,Documentary
USR-5944,12.2,5,26.1,0.54,17.0,0.49,"Comedy,Drama"
USR-5945,11.6,22,36.9,0.56,6.0,0.67,Romance
USR-5946,27.5,33,18.0,0.56,7.0,0.88,Comedy
USR-5947,4.3,19,27.0,0.43,8.0,0.72,"Comedy,Romance"
USR-5948,29.6,32,31.6,0.52,7.0,0.64,"Romance,Comedy"
USR-5949,10.5,21,23.4,0.41,2.0,0.81,Comedy
USR-5950,45.6,59,50.9,0.67,1.0,0.27,"Drama,Sci-Fi,Comedy"
USR-5951,10.9,17,19.6,0.44,6.0,0.66,Romance
USR-5952,32.1,30,57.8,0.53,1.0,0.5,"Sci-Fi,Action,Thriller,Drama,Documentary"
USR-5953,9.4,25,23.3,0.44,7.0,0.9,"Animation,Romance"
USR-5954,8.2,32,22.7,0.59,2.0,0.85,"Romance,Animation"
USR-5955,59.0,48,53.2,0.51,6.0,0.49,"Thriller,Animation,Sci-Fi"
USR-5956,11.2,34,37.6,0.57,7.0,0.82,"Animation,Comedy"
USR-5957,2.0,7,19.6,0.52,18.0,0.57,"Documentary,Comedy"
USR-5958,66.9,32,143.4,0.57,2.0,0.15,"Action,Thriller"
USR-5959,17.9,35,31.8,0.54,9.0,0.8,Comedy
USR-5960,33.9,49,84.0,0.58,3.0,0.16,"Sci-Fi,Action"
USR-5961,46.5,36,97.5,0.6,3.0,0.18,"Thriller,Action,Sci-Fi"
USR-5962,12.5,16,33.2,0.34,4.0,0.87,"Romance,Animation"
USR-5963,20.0,46,42.0,0.67,2.0,0.21,"Romance,Action,Documentary,Comedy"
USR-5964,87.5,40,108.7,0.54,3.0,0.12,"Action,Thriller,Sci-Fi"
USR-5965,0.5,1,17.4,0.53,36.0,0.42,Comedy
USR-5966,2.8,2,33.6,0.32,22.0,0.53,Documentary
USR-5967,41.5,42,118.1,0.71,2.0,0.13,"Action,Thriller"
USR-5968,13.5,23,35.6,0.35,9.0,0.62,Animation
USR-5969,22.7,58,53.2,0.63,3.0,0.26,"Horror,Documentary,Romance,Animation"
USR-5970,3.5,4,29.0,0.42,14.0,0.65,Drama
USR-5971,33.8,42,58.3,0.56,5.0,0.22,"Drama,Romance,Documentary,Sci-Fi,Horror"
USR-5972,52.7,54,73.9,0.71,4.0,0.09,"Thriller,Sci-Fi,Action"
USR-5973,19.2,48,52.3,0.43,6.0,0.21,"Drama,Documentary,Sci-Fi,Animation,Romance"
USR-5974,4.3,2,14.3,0.46,25.0,0.64,Comedy
USR-5975,14.9,26,25.4,0.48,7.0,0.85,Romance
USR-5976,3.7,3,28.1,0.59,35.0,0.49,Documentary
USR-5977,14.5,25,7.0,0.52,5.0,0.87,"Animation,Romance"
USR-5978,88.9,57,84.8,0.67,4.0,0.13,"Thriller,Sci-Fi,Action"
USR-5979,36.4,52,44.2,0.67,5.0,0.28,"Sci-Fi,Drama,Thriller"
USR-5980,71.4,44,95.1,0.71,4.0,0.09,"Thriller,Action,Sci-Fi"
USR-5981,2.0,7,8.6,0.69,26.0,0.68,Drama
USR-5982,25.4,27,26.9,0.53,2.0,0.84,Romance
USR-5983,2.1,4,12.6,0.42,35.0,0.62,"Drama,Documentary"
USR-5984,71.8,52,115.9,0.78,1.0,0.18,"Action,Thriller"
USR-5985,60.7,42,58.8,0.62,3.0,0.43,"Animation,Horror,Drama,Action,Documentary"
USR-5986,59.7,25,82.5,0.77,4.0,0.06,"Action,Thriller"
USR-5987,6.9,31,18.7,0.42,7.0,0.75,Animation
USR-5988,4.8,3,26.3,0.65,14.0,0.42,Comedy
USR-5989,46.4,41,42.1,0.44,3.0,0.49,"Drama,Romance,Comedy"
USR-5990,70.8,69,99.3,0.64,3.0,0.16,"Thriller,Sci-Fi,Action"
USR-5991,49.7,33,62.3,0.69,2.0,0.21,"Comedy,Documentary,Drama,Romance,Sci-Fi"
USR-5992,16.5,21,32.7,0.57,7.0,0.78,"Comedy,Animation"
USR-5993,6.3,7,15.5,0.4,12.0,0.55,"Comedy,Drama"
USR-5994,13.2,30,19.8,0.56,9.0,0.67,Romance
USR-5995,6.4,5,33.7,0.69,37.0,0.36,Comedy
USR-5996,15.3,19,28.8,0.39,9.0,0.74,Romance
USR-5997,51.7,57,81.9,0.62,2.0,0.19,"Sci-Fi,Thriller"
USR-5998,15.7,28,23.1,0.58,3.0,0.67,"Comedy,Animation"
USR-5999,0.5,5,26.8,0.57,42.0,0.66,"Comedy,Drama"
